ticker,expiry,option_type,strike,bid,ask,mid,lastPrice,volume,openInterest,impliedVolatility,days_to_expiry,T_years,log_moneyness,contractSymbol,spot,q,r_cc
SPY,2026-09-04,call,550.0,225.87,228.64,227.255,193.2,5.0,10,0.6970245141601563,21,0.057534246575342465,-0.34467232492180566,SPY260904C00550000,776.3400268554688,0.009692917716067896,0.037969931251628626
SPY,2026-09-04,call,560.0,215.98,218.67,217.325,212.14,11.0,12,0.673098972167969,21,0.057534246575342465,-0.32665381941912724,SPY260904C00560000,776.3400268554688,0.009692917716067896,0.037969931251628626
SPY,2026-09-04,call,570.0,205.96,208.7,207.32999999999998,200.15,12.0,14,0.6418492846679689,21,0.057534246575342465,-0.3089542423197264,SPY260904C00570000,776.3400268554688,0.009692917716067896,0.037969931251628626
SPY,2026-09-04,call,610.0,166.09,168.83,167.46,164.89,1.0,10,0.5300339965820313,21,0.057534246575342465,-0.24113164598096526,SPY260904C00610000,776.3400268554688,0.009692917716067896,0.037969931251628626
SPY,2026-09-04,call,635.0,141.25,143.94,142.595,140.27,,10,0.5385788330078126,21,0.057534246575342465,-0.20096560425563054,SPY260904C00635000,776.3400268554688,0.009692917716067896,0.037969931251628626
SPY,2026-09-04,call,660.0,116.33,119.08,117.705,119.11,1.0,12,0.46045461425781253,21,0.057534246575342465,-0.16235076812785096,SPY260904C00660000,776.3400268554688,0.009692917716067896,0.037969931251628626
SPY,2026-09-04,call,665.0,111.37,114.11,112.74000000000001,111.36,2.0,15,0.4448908050537109,21,0.057534246575342465,-0.15480356249246807,SPY260904C00665000,776.3400268554688,0.009692917716067896,0.037969931251628626
SPY,2026-09-04,call,670.0,106.4,109.13,107.765,110.48,2.0,11,0.4288387194824219,21,0.057534246575342465,-0.1473128907633105,SPY260904C00670000,776.3400268554688,0.009692917716067896,0.037969931251628626
SPY,2026-09-04,call,675.0,101.4,104.18,102.79,102.9,1.0,20,0.4138852557373046,21,0.057534246575342465,-0.13987791227579244,SPY260904C00675000,776.3400268554688,0.009692917716067896,0.037969931251628626
SPY,2026-09-04,call,680.0,96.48,99.22,97.85,97.11,1.0,25,0.398443515625,21,0.057534246575342465,-0.1324978049781698,SPY260904C00680000,776.3400268554688,0.009692917716067896,0.037969931251628626
SPY,2026-09-04,call,685.0,91.57,94.25,92.91,93.07,3.0,19,0.3825745336914062,21,0.057534246575342465,-0.1251717648860969,SPY260904C00685000,776.3400268554688,0.009692917716067896,0.037969931251628626
SPY,2026-09-04,call,690.0,86.57,89.31,87.94,90.68,1.0,60,0.3676821044921875,21,0.057534246575342465,-0.11789900555701716,SPY260904C00690000,776.3400268554688,0.009692917716067896,0.037969931251628626
SPY,2026-09-04,call,692.0,84.63,87.32,85.975,82.49,1.0,10,0.36121244262695307,21,0.057534246575342465,-0.11500464753065269,SPY260904C00692000,776.3400268554688,0.009692917716067896,0.037969931251628626
SPY,2026-09-04,call,695.0,81.66,84.35,83.005,83.09,1.0,11,0.35193519165039056,21,0.057534246575342465,-0.11067875758353012,SPY260904C00695000,776.3400268554688,0.009692917716067896,0.037969931251628626
SPY,2026-09-04,call,700.0,77.62,79.4,78.51,78.74,3.0,51,0.33637138244628906,21,0.057534246575342465,-0.10351026810491759,SPY260904C00700000,776.3400268554688,0.009692917716067896,0.037969931251628626
SPY,2026-09-04,call,701.0,75.68,78.41,77.045,74.22,,24,0.3332586206054688,21,0.057534246575342465,-0.10208271611373214,SPY260904C00701000,776.3400268554688,0.009692917716067896,0.037969931251628626
SPY,2026-09-04,call,703.0,73.68,76.45,75.065,76.39,2.0,13,0.32758240783691406,21,0.057534246575342465,-0.09923371133765735,SPY260904C00703000,776.3400268554688,0.009692917716067896,0.037969931251628626
SPY,2026-09-04,call,705.0,71.78,74.46,73.12,75.82,1.0,28,0.3209906768798828,21,0.057534246575342465,-0.09639280033605352,SPY260904C00705000,776.3400268554688,0.009692917716067896,0.037969931251628626
SPY,2026-09-04,call,706.0,70.79,73.48,72.135,73.89,1.0,12,0.3181220532226562,21,0.057534246575342465,-0.09497536565508018,SPY260904C00706000,776.3400268554688,0.009692917716067896,0.037969931251628626
SPY,2026-09-04,call,707.0,69.76,72.5,71.13,72.55,,11,0.31519239501953117,21,0.057534246575342465,-0.09355993725174945,SPY260904C00707000,776.3400268554688,0.009692917716067896,0.037969931251628626
SPY,2026-09-04,call,708.0,68.82,71.5,70.16,59.78,102.0,51,0.3117744604492187,21,0.057534246575342465,-0.0921465094546024,SPY260904C00708000,776.3400268554688,0.009692917716067896,0.037969931251628626
SPY,2026-09-04,call,709.0,67.75,70.53,69.14,66.72,,28,0.30914997497558594,21,0.057534246575342465,-0.09073507661619473,SPY260904C00709000,776.3400268554688,0.009692917716067896,0.037969931251628626
SPY,2026-09-04,call,710.0,67.26,69.46,68.36,69.33,6.0,280,0.30368738311767574,21,0.057534246575342465,-0.08932563311296109,SPY260904C00710000,776.3400268554688,0.009692917716067896,0.037969931251628626
SPY,2026-09-04,call,711.0,65.81,68.56,67.185,64.47,3.0,38,0.30298548583984375,21,0.057534246575342465,-0.0879181733450814,SPY260904C00711000,776.3400268554688,0.009692917716067896,0.037969931251628626
SPY,2026-09-04,call,712.0,64.88,67.56,66.22,61.17,4.0,14,0.2995065167236328,21,0.057534246575342465,-0.08651269173634646,SPY260904C00712000,776.3400268554688,0.009692917716067896,0.037969931251628626
SPY,2026-09-04,call,713.0,63.82,66.59,65.205,62.46,2.0,31,0.29682099670410156,21,0.057534246575342465,-0.08510918273402625,SPY260904C00713000,776.3400268554688,0.009692917716067896,0.037969931251628626
SPY,2026-09-04,call,714.0,62.91,65.6,64.255,59.33,10.0,20,0.29358616577148433,21,0.057534246575342465,-0.08370764080873788,SPY260904C00714000,776.3400268554688,0.009692917716067896,0.037969931251628626
SPY,2026-09-04,call,715.0,61.93,64.61,63.269999999999996,61.77,2.0,71,0.2903513348388671,21,0.057534246575342465,-0.08230806045431456,SPY260904C00715000,776.3400268554688,0.009692917716067896,0.037969931251628626
SPY,2026-09-04,call,717.0,59.88,62.66,61.269999999999996,31.23,,75,0.284614087524414,21,0.057534246575342465,-0.07951476254870189,SPY260904C00717000,776.3400268554688,0.009692917716067896,0.037969931251628626
SPY,2026-09-04,call,718.0,58.98,61.68,60.33,58.69,1.0,51,0.28162339477539056,21,0.057534246575342465,-0.07812103410009803,SPY260904C00718000,776.3400268554688,0.009692917716067896,0.037969931251628626
SPY,2026-09-04,call,720.0,57.45,59.64,58.545,58.11,1.0,205,0.2735058001708984,21,0.057534246575342465,-0.07533939113822125,SPY260904C00720000,776.3400268554688,0.009692917716067896,0.037969931251628626
SPY,2026-09-04,call,721.0,56.04,58.73,57.385,55.76,3.0,10,0.2722240747070312,21,0.057534246575342465,-0.07395146586337313,SPY260904C00721000,776.3400268554688,0.009692917716067896,0.037969931251628626
SPY,2026-09-04,call,722.0,55.06,57.75,56.405,54.45,1.0,26,0.2691723474121094,21,0.057534246575342465,-0.07256546425549593,SPY260904C00722000,776.3400268554688,0.009692917716067896,0.037969931251628626
SPY,2026-09-04,call,723.0,54.09,56.79,55.44,57.31,22.0,26,0.26654786193847657,21,0.057534246575342465,-0.07118138098955755,SPY260904C00723000,776.3400268554688,0.009692917716067896,0.037969931251628626
SPY,2026-09-04,call,724.0,53.11,55.81,54.46,40.27,2.0,42,0.2634656173706055,21,0.057534246575342465,-0.06979921076260583,SPY260904C00724000,776.3400268554688,0.009692917716067896,0.037969931251628626
SPY,2026-09-04,call,725.0,52.13,54.83,53.480000000000004,53.94,1.0,77,0.26032233825683593,21,0.057534246575342465,-0.06841894829364749,SPY260904C00725000,776.3400268554688,0.009692917716067896,0.037969931251628626
SPY,2026-09-04,call,726.0,51.16,53.85,52.504999999999995,52.75,1.0,11,0.2572095764160156,21,0.057534246575342465,-0.06704058832352613,SPY260904C00726000,776.3400268554688,0.009692917716067896,0.037969931251628626
SPY,2026-09-04,call,728.0,49.22,51.92,50.57,46.46,2.0,20,0.2515943981933594,21,0.057534246575342465,-0.06428955495163628,SPY260904C00728000,776.3400268554688,0.009692917716067896,0.037969931251628626
SPY,2026-09-04,call,729.0,48.66,50.87,49.765,52.66,1.0,125,0.24677266906738282,21,0.057534246575342465,-0.06291687113966407,SPY260904C00729000,776.3400268554688,0.009692917716067896,0.037969931251628626
SPY,2026-09-04,call,730.0,47.28,49.97,48.625,49.87,1.0,58,0.2454299090576172,21,0.057534246575342465,-0.06154606900588536,SPY260904C00730000,776.3400268554688,0.009692917716067896,0.037969931251628626
SPY,2026-09-04,call,731.0,46.26,49.0,47.629999999999995,42.19,11.0,46,0.24243921630859372,21,0.057534246575342465,-0.06017714339854374,SPY260904C00731000,776.3400268554688,0.009692917716067896,0.037969931251628626
SPY,2026-09-04,call,732.0,45.73,47.97,46.849999999999994,46.93,1.0,119,0.23804472900390622,21,0.057534246575342465,-0.058810089187010646,SPY260904C00732000,776.3400268554688,0.009692917716067896,0.037969931251628626
SPY,2026-09-04,call,733.0,44.82,47.0,45.91,43.18,150.0,160,0.23502351898193358,21,0.057534246575342465,-0.05744490126167067,SPY260904C00733000,776.3400268554688,0.009692917716067896,0.037969931251628626
SPY,2026-09-04,call,734.0,43.81,46.04,44.925,39.95,200.0,374,0.23218541259765624,21,0.057534246575342465,-0.05608157453380666,SPY260904C00734000,776.3400268554688,0.009692917716067896,0.037969931251628626
SPY,2026-09-04,call,735.0,42.84,45.08,43.96,43.74,2.0,697,0.2293167889404297,21,0.057534246575342465,-0.05472010393548552,SPY260904C00735000,776.3400268554688,0.009692917716067896,0.037969931251628626
SPY,2026-09-04,call,736.0,41.9,44.12,43.01,43.21,7.0,313,0.2264481652832031,21,0.057534246575342465,-0.05336048441944603,SPY260904C00736000,776.3400268554688,0.009692917716067896,0.037969931251628626
SPY,2026-09-04,call,737.0,40.94,43.17,42.055,44.39,2.0,301,0.22373212799072262,21,0.057534246575342465,-0.05200271095898563,SPY260904C00737000,776.3400268554688,0.009692917716067896,0.037969931251628626
SPY,2026-09-04,call,738.0,39.99,41.2,40.595,38.86,115.0,223,0.1986469296264648,21,0.057534246575342465,-0.05064677854784969,SPY260904C00738000,776.3400268554688,0.009692917716067896,0.037969931251628626
SPY,2026-09-04,call,739.0,39.06,40.25,39.655,36.89,2.0,502,0.19617503051757812,21,0.057534246575342465,-0.04929268220012049,SPY260904C00739000,776.3400268554688,0.009692917716067896,0.037969931251628626
SPY,2026-09-04,call,740.0,38.12,39.3,38.709999999999994,41.65,5.0,1511,0.19370313140869144,21,0.057534246575342465,-0.047940416950106784,SPY260904C00740000,776.3400268554688,0.009692917716067896,0.037969931251628626
SPY,2026-09-04,call,741.0,37.19,38.35,37.769999999999996,38.09,8.0,532,0.19117019775390626,21,0.057534246575342465,-0.046589977852235294,SPY260904C00741000,776.3400268554688,0.009692917716067896,0.037969931251628626
SPY,2026-09-04,call,742.0,36.23,37.41,36.81999999999999,37.07,4.0,915,0.1887898504638672,21,0.057534246575342465,-0.0452413599809418,SPY260904C00742000,776.3400268554688,0.009692917716067896,0.037969931251628626
SPY,2026-09-04,call,743.0,35.29,36.48,35.885,36.45,10.0,613,0.18659260681152345,21,0.057534246575342465,-0.043894558430563044,SPY260904C00743000,776.3400268554688,0.009692917716067896,0.037969931251628626
SPY,2026-09-04,call,744.0,34.32,35.53,34.925,35.62,1.0,289,0.1839070867919922,21,0.057534246575342465,-0.0425495683152303,SPY260904C00744000,776.3400268554688,0.009692917716067896,0.037969931251628626
SPY,2026-09-04,call,745.0,33.41,34.6,34.004999999999995,34.65,5.0,375,0.18158777404785154,21,0.057534246575342465,-0.041206384768762726,SPY260904C00745000,776.3400268554688,0.009692917716067896,0.037969931251628626
SPY,2026-09-04,call,746.0,32.45,33.67,33.06,31.85,13.0,718,0.1792379440307617,21,0.057534246575342465,-0.03986500294456135,SPY260904C00746000,776.3400268554688,0.009692917716067896,0.037969931251628626
SPY,2026-09-04,call,747.0,31.54,32.74,32.14,33.97,3.0,489,0.17682707946777343,21,0.057534246575342465,-0.03852541801550485,SPY260904C00747000,776.3400268554688,0.009692917716067896,0.037969931251628626
SPY,2026-09-04,call,748.0,30.63,31.82,31.225,31.37,4.0,741,0.17453828399658206,21,0.057534246575342465,-0.03718762517384499,SPY260904C00748000,776.3400268554688,0.009692917716067896,0.037969931251628626
SPY,2026-09-04,call,749.0,30.33,30.85,30.59,32.6,1.0,798,0.1712119012451172,21,0.057534246575342465,-0.03585161963110271,SPY260904C00749000,776.3400268554688,0.009692917716067896,0.037969931251628626
SPY,2026-09-04,call,750.0,28.34,30.39,29.365000000000002,29.48,6.0,1122,0.17737639038085937,21,0.057534246575342465,-0.03451739661796614,SPY260904C00750000,776.3400268554688,0.009692917716067896,0.037969931251628626
SPY,2026-09-04,call,751.0,27.47,30.18,28.825,28.83,198.0,336,0.1873250213623047,21,0.057534246575342465,-0.033184951384187485,SPY260904C00751000,776.3400268554688,0.009692917716067896,0.037969931251628626
SPY,2026-09-04,call,752.0,26.53,29.28,27.905,28.3,3.0,345,0.1848226049804687,21,0.057534246575342465,-0.03185427919848236,SPY260904C00752000,776.3400268554688,0.009692917716067896,0.037969931251628626
SPY,2026-09-04,call,753.0,25.67,28.39,27.03,29.34,2.0,192,0.18244225769042968,21,0.057534246575342465,-0.03052537534842868,SPY260904C00753000,776.3400268554688,0.009692917716067896,0.037969931251628626
SPY,2026-09-04,call,754.0,24.79,27.5,26.145,28.31,198.0,292,0.17993984130859375,21,0.057534246575342465,-0.029198235140366145,SPY260904C00754000,776.3400268554688,0.009692917716067896,0.037969931251628626
SPY,2026-09-04,call,755.0,24.38,26.54,25.46,25.54,11.0,640,0.1762472512817383,21,0.057534246575342465,-0.027872853899297473,SPY260904C00755000,776.3400268554688,0.009692917716067896,0.037969931251628626
SPY,2026-09-04,call,756.0,24.21,24.4,24.305,24.66,1188.0,8689,0.15287102020263676,21,0.057534246575342465,-0.026549226968789252,SPY260904C00756000,776.3400268554688,0.009692917716067896,0.037969931251628626
SPY,2026-09-04,call,757.0,22.13,24.8,23.465,23.59,250.0,302,0.1715781085205078,21,0.057534246575342465,-0.025227349710873433,SPY260904C00757000,776.3400268554688,0.009692917716067896,0.037969931251628626
SPY,2026-09-04,call,758.0,22.18,23.94,23.060000000000002,22.89,257.0,461,0.16928931304931644,21,0.057534246575342465,-0.02390721750595051,SPY260904C00758000,776.3400268554688,0.009692917716067896,0.037969931251628626
SPY,2026-09-04,call,759.0,20.45,23.09,21.77,23.17,3.0,785,0.16703103485107423,21,0.057534246575342465,-0.022588825752692315,SPY260904C00759000,776.3400268554688,0.009692917716067896,0.037969931251628626
SPY,2026-09-04,call,760.0,19.57,22.02,20.795,21.26,31.0,1203,0.1613243048095703,21,0.057534246575342465,-0.021272169867945435,SPY260904C00760000,776.3400268554688,0.009692917716067896,0.037969931251628626
SPY,2026-09-04,call,761.0,18.86,21.42,20.14,20.12,224.0,405,0.16272809936523439,21,0.057534246575342465,-0.019957245286636435,SPY260904C00761000,776.3400268554688,0.009692917716067896,0.037969931251628626
SPY,2026-09-04,call,762.0,18.06,20.6,19.33,19.47,212.0,379,0.1606224075317383,21,0.057534246575342465,-0.01864404746167596,SPY260904C00762000,776.3400268554688,0.009692917716067896,0.037969931251628626
SPY,2026-09-04,call,763.0,18.34,18.53,18.435000000000002,18.72,76.0,8185,0.13984014465332031,21,0.057534246575342465,-0.017332571863865186,SPY260904C00763000,776.3400268554688,0.009692917716067896,0.037969931251628626
SPY,2026-09-04,call,764.0,16.31,18.98,17.645,17.43,19.0,717,0.1563652479553223,21,0.057534246575342465,-0.016022813981801772,SPY260904C00764000,776.3400268554688,0.009692917716067896,0.037969931251628626
SPY,2026-09-04,call,765.0,16.24,18.2,17.22,17.17,49.0,614,0.15448843566894532,21,0.057534246575342465,-0.014714769321786385,SPY260904C00765000,776.3400268554688,0.009692917716067896,0.037969931251628626
SPY,2026-09-04,call,766.0,14.77,17.42,16.095,16.2,231.0,444,0.1524742956542969,21,0.057534246575342465,-0.013408433407730883,SPY260904C00766000,776.3400268554688,0.009692917716067896,0.037969931251628626
SPY,2026-09-04,call,767.0,14.01,16.67,15.34,15.87,4.0,385,0.15076532836914067,21,0.057534246575342465,-0.012103801781066067,SPY260904C00767000,776.3400268554688,0.009692917716067896,0.037969931251628626
SPY,2026-09-04,call,768.0,13.34,15.85,14.594999999999999,14.93,3.0,339,0.1479272219848633,21,0.057534246575342465,-0.010800870000650047,SPY260904C00768000,776.3400268554688,0.009692917716067896,0.037969931251628626
SPY,2026-09-04,call,769.0,12.6,15.11,13.855,14.37,83.0,318,0.1460351510620117,21,0.057534246575342465,-0.009499633642678198,SPY260904C00769000,776.3400268554688,0.009692917716067896,0.037969931251628626
SPY,2026-09-04,call,770.0,12.74,13.55,13.145,13.1,124.0,1352,0.13286694778442382,21,0.057534246575342465,-0.008200088300592712,SPY260904C00770000,776.3400268554688,0.009692917716067896,0.037969931251628626
SPY,2026-09-04,call,771.0,12.05,12.87,12.46,12.61,95.0,1258,0.13158522232055664,21,0.057534246575342465,-0.006902229584992715,SPY260904C00771000,776.3400268554688,0.009692917716067896,0.037969931251628626
SPY,2026-09-04,call,772.0,11.34,11.98,11.66,11.91,57.0,788,0.12729754547119143,21,0.057534246575342465,-0.0056060531235459935,SPY260904C00772000,776.3400268554688,0.009692917716067896,0.037969931251628626
SPY,2026-09-04,call,773.0,11.03,11.52,11.274999999999999,11.18,31.0,335,0.12859452957153317,21,0.057534246575342465,-0.004311554560900275,SPY260904C00773000,776.3400268554688,0.009692917716067896,0.037969931251628626
SPY,2026-09-04,call,774.0,10.07,10.86,10.465,10.49,70.0,1384,0.12700763137817384,21,0.057534246575342465,-0.00301872955859508,SPY260904C00774000,776.3400268554688,0.009692917716067896,0.037969931251628626
SPY,2026-09-04,call,775.0,9.77,10.16,9.965,9.82,279.0,1038,0.12468831863403321,21,0.057534246575342465,-0.0017275737949752719,SPY260904C00775000,776.3400268554688,0.009692917716067896,0.037969931251628626
SPY,2026-09-04,call,776.0,9.15,9.25,9.2,9.22,273.0,698,0.11939357177734375,21,0.057534246575342465,-0.00043808296510347664,SPY260904C00776000,776.3400268554688,0.009692917716067896,0.037969931251628626
SPY,2026-09-04,call,777.0,8.57,8.66,8.615,8.65,429.0,1049,0.11811184631347656,21,0.057534246575342465,0.0008497472193252538,SPY260904C00777000,776.3400268554688,0.009692917716067896,0.037969931251628626
SPY,2026-09-04,call,778.0,8.0,8.1,8.05,8.2,380.0,768,0.11696744857788086,21,0.057534246575342465,0.002135921030069344,SPY260904C00778000,776.3400268554688,0.009692917716067896,0.037969931251628626
SPY,2026-09-04,call,779.0,7.46,7.55,7.505,7.58,461.0,316,0.1157314990234375,21,0.057534246575342465,0.0034204427224261563,SPY260904C00779000,776.3400268554688,0.009692917716067896,0.037969931251628626
SPY,2026-09-04,call,780.0,6.96,7.03,6.995,7.27,458.0,1298,0.11463287719726564,21,0.057534246575342465,0.004703316535315243,SPY260904C00780000,776.3400268554688,0.009692917716067896,0.037969931251628626
SPY,2026-09-04,call,781.0,6.44,6.54,6.49,6.48,273.0,481,0.11368684173583984,21,0.057534246575342465,0.005984546691363716,SPY260904C00781000,776.3400268554688,0.009692917716067896,0.037969931251628626
SPY,2026-09-04,call,782.0,5.97,6.06,6.015,6.11,86.0,573,0.11261873718261718,21,0.057534246575342465,0.007264137396988761,SPY260904C00782000,776.3400268554688,0.009692917716067896,0.037969931251628626
SPY,2026-09-04,call,783.0,5.52,5.61,5.5649999999999995,5.55,151.0,417,0.1116727017211914,21,0.057534246575342465,0.008542092842480932,SPY260904C00783000,776.3400268554688,0.009692917716067896,0.037969931251628626
SPY,2026-09-04,call,784.0,5.09,5.18,5.135,5.34,70.0,469,0.11075718353271484,21,0.057534246575342465,0.009818417202085608,SPY260904C00784000,776.3400268554688,0.009692917716067896,0.037969931251628626
SPY,2026-09-04,call,785.0,4.7,4.77,4.734999999999999,4.78,570.0,1697,0.10984166534423828,21,0.057534246575342465,0.011093114634086122,SPY260904C00785000,776.3400268554688,0.009692917716067896,0.037969931251628626
SPY,2026-09-04,call,786.0,4.3,4.38,4.34,4.52,167.0,409,0.10892614715576171,21,0.057534246575342465,0.012366189280884383,SPY260904C00786000,776.3400268554688,0.009692917716067896,0.037969931251628626
SPY,2026-09-04,call,787.0,3.94,4.02,3.9799999999999995,4.13,236.0,1345,0.10816321533203124,21,0.057534246575342465,0.013637645269080996,SPY260904C00787000,776.3400268554688,0.009692917716067896,0.037969931251628626
SPY,2026-09-04,call,788.0,3.6,3.68,3.64,3.79,116.0,1038,0.10740028350830078,21,0.057534246575342465,0.014907486709556824,SPY260904C00788000,776.3400268554688,0.009692917716067896,0.037969931251628626
SPY,2026-09-04,call,789.0,3.29,3.34,3.315,3.45,125.0,973,0.10636269622802735,21,0.057534246575342465,0.016175717697552088,SPY260904C00789000,776.3400268554688,0.009692917716067896,0.037969931251628626
SPY,2026-09-04,call,790.0,3.0,3.04,3.02,3.02,268.0,1811,0.10563028167724609,21,0.057534246575342465,0.017442342312744955,SPY260904C00790000,776.3400268554688,0.009692917716067896,0.037969931251628626
SPY,2026-09-04,call,791.0,2.72,2.76,2.74,2.81,83.0,575,0.10492838439941406,21,0.057534246575342465,0.01870736461933158,SPY260904C00791000,776.3400268554688,0.009692917716067896,0.037969931251628626
SPY,2026-09-04,call,792.0,2.46,2.5,2.48,2.59,84.0,613,0.10428752166748045,21,0.057534246575342465,0.01997078866610371,SPY260904C00792000,776.3400268554688,0.009692917716067896,0.037969931251628626
SPY,2026-09-04,call,793.0,2.22,2.27,2.245,2.27,49.0,865,0.1038602798461914,21,0.057534246575342465,0.02123261848652577,SPY260904C00793000,776.3400268554688,0.009692917716067896,0.037969931251628626
SPY,2026-09-04,call,794.0,2.02,2.04,2.0300000000000002,2.03,180.0,825,0.10312786529541014,21,0.057534246575342465,0.022492858098813438,SPY260904C00794000,776.3400268554688,0.009692917716067896,0.037969931251628626
SPY,2026-09-04,call,795.0,1.81,1.84,1.8250000000000002,1.84,228.0,2847,0.10267010620117187,21,0.057534246575342465,0.023751511506009765,SPY260904C00795000,776.3400268554688,0.009692917716067896,0.037969931251628626
SPY,2026-09-04,call,796.0,1.63,1.66,1.645,1.65,199.0,884,0.10230389892578123,21,0.057534246575342465,0.025008582696060808,SPY260904C00796000,776.3400268554688,0.009692917716067896,0.037969931251628626
SPY,2026-09-04,call,797.0,1.46,1.49,1.475,1.55,63.0,514,0.10187665710449219,21,0.057534246575342465,0.026264075641892762,SPY260904C00797000,776.3400268554688,0.009692917716067896,0.037969931251628626
SPY,2026-09-04,call,798.0,1.31,1.34,1.3250000000000002,1.4,17.0,486,0.10163251892089843,21,0.057534246575342465,0.027517994301486638,SPY260904C00798000,776.3400268554688,0.009692917716067896,0.037969931251628626
SPY,2026-09-04,call,799.0,1.17,1.2,1.185,1.21,36.0,622,0.10129682891845701,21,0.057534246575342465,0.028770342617952468,SPY260904C00799000,776.3400268554688,0.009692917716067896,0.037969931251628626
SPY,2026-09-04,call,800.0,1.05,1.07,1.06,1.06,1460.0,1973,0.10090010437011719,21,0.057534246575342465,0.03002112451960503,SPY260904C00800000,776.3400268554688,0.009692917716067896,0.037969931251628626
SPY,2026-09-04,call,801.0,0.94,0.96,0.95,0.96,34.0,782,0.10077803527832031,21,0.057534246575342465,0.0312703439200371,SPY260904C00801000,776.3400268554688,0.009692917716067896,0.037969931251628626
SPY,2026-09-04,call,802.0,0.84,0.86,0.85,0.86,41.0,473,0.10071700073242187,21,0.057534246575342465,0.03251800471819231,SPY260904C00802000,776.3400268554688,0.009692917716067896,0.037969931251628626
SPY,2026-09-04,call,803.0,0.75,0.77,0.76,0.78,54.0,826,0.10065596618652344,21,0.057534246575342465,0.03376411079843941,SPY260904C00803000,776.3400268554688,0.009692917716067896,0.037969931251628626
SPY,2026-09-04,call,804.0,0.67,0.69,0.6799999999999999,0.69,33.0,530,0.10065596618652344,21,0.057534246575342465,0.03500866603064426,SPY260904C00804000,776.3400268554688,0.009692917716067896,0.037969931251628626
SPY,2026-09-04,call,805.0,0.6,0.62,0.61,0.62,273.0,1502,0.10077803527832031,21,0.057534246575342465,0.03625167427024119,SPY260904C00805000,776.3400268554688,0.009692917716067896,0.037969931251628626
SPY,2026-09-04,call,806.0,0.54,0.55,0.545,0.55,67.0,570,0.100594931640625,21,0.057534246575342465,0.03749313935830604,SPY260904C00806000,776.3400268554688,0.009692917716067896,0.037969931251628626
SPY,2026-09-04,call,807.0,0.48,0.5,0.49,0.49,60.0,232,0.1010832080078125,21,0.057534246575342465,0.03873306512162648,SPY260904C00807000,776.3400268554688,0.009692917716067896,0.037969931251628626
SPY,2026-09-04,call,808.0,0.43,0.45,0.44,0.45,428.0,294,0.10132734619140624,21,0.057534246575342465,0.039971455372773204,SPY260904C00808000,776.3400268554688,0.009692917716067896,0.037969931251628626
SPY,2026-09-04,call,809.0,0.39,0.4,0.395,0.4,93.0,213,0.10132734619140624,21,0.057534246575342465,0.04120831391016945,SPY260904C00809000,776.3400268554688,0.009692917716067896,0.037969931251628626
SPY,2026-09-04,call,810.0,0.35,0.36,0.355,0.37,450.0,658,0.10157148437499999,21,0.057534246575342465,0.04244364451816214,SPY260904C00810000,776.3400268554688,0.009692917716067896,0.037969931251628626
SPY,2026-09-04,call,811.0,0.32,0.33,0.325,0.4,24.0,331,0.10218182983398436,21,0.057534246575342465,0.043677450967090754,SPY260904C00811000,776.3400268554688,0.009692917716067896,0.037969931251628626
SPY,2026-09-04,call,812.0,0.29,0.3,0.295,0.3,572.0,384,0.10267010620117187,21,0.057534246575342465,0.04490973701335572,SPY260904C00812000,776.3400268554688,0.009692917716067896,0.037969931251628626
SPY,2026-09-04,call,813.0,0.26,0.27,0.265,0.51,6.0,663,0.10303631347656249,21,0.057534246575342465,0.04614050639948829,SPY260904C00813000,776.3400268554688,0.009692917716067896,0.037969931251628626
SPY,2026-09-04,call,814.0,0.24,0.25,0.245,0.24,36.0,31,0.10389079711914062,21,0.057534246575342465,0.04736976285421814,SPY260904C00814000,776.3400268554688,0.009692917716067896,0.037969931251628626
SPY,2026-09-04,call,815.0,0.22,0.23,0.225,0.22,284.0,209,0.10450114257812498,21,0.057534246575342465,0.048597510092540486,SPY260904C00815000,776.3400268554688,0.009692917716067896,0.037969931251628626
SPY,2026-09-04,call,816.0,0.2,0.21,0.20500000000000002,0.21,8.0,222,0.10511148803710937,21,0.057534246575342465,0.04982375181578472,SPY260904C00816000,776.3400268554688,0.009692917716067896,0.037969931251628626
SPY,2026-09-04,call,817.0,0.18,0.19,0.185,0.51,4.0,51,0.1054776953125,21,0.057534246575342465,0.05104849171168074,SPY260904C00817000,776.3400268554688,0.009692917716067896,0.037969931251628626
SPY,2026-09-04,call,818.0,0.17,0.18,0.175,0.17,8.0,240,0.10669838623046876,21,0.057534246575342465,0.05227173345442484,SPY260904C00818000,776.3400268554688,0.009692917716067896,0.037969931251628626
SPY,2026-09-04,call,819.0,0.15,0.16,0.155,0.29,170.0,160,0.1069425244140625,21,0.057534246575342465,0.05349348070474714,SPY260904C00819000,776.3400268554688,0.009692917716067896,0.037969931251628626
SPY,2026-09-04,call,820.0,0.14,0.15,0.14500000000000002,0.14,49.0,511,0.1079190771484375,21,0.057534246575342465,0.05471373710997666,SPY260904C00820000,776.3400268554688,0.009692917716067896,0.037969931251628626
SPY,2026-09-04,call,821.0,0.13,0.14,0.135,0.35,1.0,186,0.10865149169921876,21,0.057534246575342465,0.05593250630410601,SPY260904C00821000,776.3400268554688,0.009692917716067896,0.037969931251628626
SPY,2026-09-04,call,822.0,0.12,0.13,0.125,0.13,47.0,195,0.10962804443359375,21,0.057534246575342465,0.05714979190785764,SPY260904C00822000,776.3400268554688,0.009692917716067896,0.037969931251628626
SPY,2026-09-04,call,823.0,0.11,0.12,0.11499999999999999,0.28,28.0,42,0.11036045898437499,21,0.057534246575342465,0.058365597528747676,SPY260904C00823000,776.3400268554688,0.009692917716067896,0.037969931251628626
SPY,2026-09-04,call,824.0,0.1,0.11,0.10500000000000001,0.13,7.0,28,0.11084873535156249,21,0.057534246575342465,0.059579926761149496,SPY260904C00824000,776.3400268554688,0.009692917716067896,0.037969931251628626
SPY,2026-09-04,call,825.0,0.1,0.11,0.10500000000000001,0.1,26.0,462,0.1128018408203125,21,0.057534246575342465,0.060792783186358716,SPY260904C00825000,776.3400268554688,0.009692917716067896,0.037969931251628626
SPY,2026-09-04,call,826.0,0.09,0.1,0.095,0.09,16.0,21,0.1132901171875,21,0.057534246575342465,0.06200417037265594,SPY260904C00826000,776.3400268554688,0.009692917716067896,0.037969931251628626
SPY,2026-09-04,call,827.0,0.09,0.1,0.095,0.09,7.0,91,0.11524322265625,21,0.057534246575342465,0.06321409187536912,SPY260904C00827000,776.3400268554688,0.009692917716067896,0.037969931251628626
SPY,2026-09-04,call,828.0,0.08,0.09,0.08499999999999999,0.18,109.0,157,0.11548736083984376,21,0.057534246575342465,0.06442255123693744,SPY260904C00828000,776.3400268554688,0.009692917716067896,0.037969931251628626
SPY,2026-09-04,call,829.0,0.08,0.09,0.08499999999999999,0.14,40.0,542,0.117196328125,21,0.057534246575342465,0.06562955198697286,SPY260904C00829000,776.3400268554688,0.009692917716067896,0.037969931251628626
SPY,2026-09-04,call,830.0,0.07,0.08,0.07500000000000001,0.12,125.0,753,0.117196328125,21,0.057534246575342465,0.06683509764232143,SPY260904C00830000,776.3400268554688,0.009692917716067896,0.037969931251628626
SPY,2026-09-04,call,831.0,0.07,0.08,0.07500000000000001,0.09,12.0,166,0.11914943359374999,21,0.057534246575342465,0.06803919170712594,SPY260904C00831000,776.3400268554688,0.009692917716067896,0.037969931251628626
SPY,2026-09-04,call,832.0,0.06,0.07,0.065,0.12,11.0,228,0.11914943359374999,21,0.057534246575342465,0.06924183767288628,SPY260904C00832000,776.3400268554688,0.009692917716067896,0.037969931251628626
SPY,2026-09-04,call,833.0,0.06,0.07,0.065,0.13,5.0,135,0.1206142626953125,21,0.057534246575342465,0.07044303901852052,SPY260904C00833000,776.3400268554688,0.009692917716067896,0.037969931251628626
SPY,2026-09-04,call,834.0,0.06,0.07,0.065,0.15,17.0,47,0.12256736816406251,21,0.057534246575342465,0.07164279921042452,SPY260904C00834000,776.3400268554688,0.009692917716067896,0.037969931251628626
SPY,2026-09-04,call,835.0,0.05,0.06,0.055,0.07,24.0,190,0.12207909179687501,21,0.057534246575342465,0.07284112170253318,SPY260904C00835000,776.3400268554688,0.009692917716067896,0.037969931251628626
SPY,2026-09-04,call,836.0,0.05,0.06,0.055,0.08,1.0,10037,0.124032197265625,21,0.057534246575342465,0.07403800993637946,SPY260904C00836000,776.3400268554688,0.009692917716067896,0.037969931251628626
SPY,2026-09-04,call,837.0,0.05,0.06,0.055,0.1,66.0,252,0.12549702636718751,21,0.057534246575342465,0.07523346734115309,SPY260904C00837000,776.3400268554688,0.009692917716067896,0.037969931251628626
SPY,2026-09-04,call,838.0,0.05,0.06,0.055,0.34,87.0,253,0.1274501318359375,21,0.057534246575342465,0.07642749733376074,SPY260904C00838000,776.3400268554688,0.009692917716067896,0.037969931251628626
SPY,2026-09-04,call,839.0,0.04,0.05,0.045,0.11,25.0,222,0.12647357910156248,21,0.057534246575342465,0.07762010331888401,SPY260904C00839000,776.3400268554688,0.009692917716067896,0.037969931251628626
SPY,2026-09-04,call,840.0,0.04,0.05,0.045,0.05,6.0,130,0.127938408203125,21,0.057534246575342465,0.07881128868903707,SPY260904C00840000,776.3400268554688,0.009692917716067896,0.037969931251628626
SPY,2026-09-04,call,841.0,0.04,0.05,0.045,0.05,24.0,43,0.129891513671875,21,0.057534246575342465,0.08000105682462576,SPY260904C00841000,776.3400268554688,0.009692917716067896,0.037969931251628626
SPY,2026-09-04,call,842.0,0.04,0.05,0.045,0.09,145.0,164,0.1313563427734375,21,0.057534246575342465,0.08118941109400457,SPY260904C00842000,776.3400268554688,0.009692917716067896,0.037969931251628626
SPY,2026-09-04,call,843.0,0.04,0.05,0.045,0.05,24.0,313,0.1333094482421875,21,0.057534246575342465,0.08237635485353324,SPY260904C00843000,776.3400268554688,0.009692917716067896,0.037969931251628626
SPY,2026-09-04,call,845.0,0.03,0.04,0.035,0.06,1.0,65,0.1333094482421875,21,0.057534246575342465,0.0847460242088517,SPY260904C00845000,776.3400268554688,0.009692917716067896,0.037969931251628626
SPY,2026-09-04,call,846.0,0.03,0.04,0.035,0.07,1.0,143,0.13477427734375003,21,0.057534246575342465,0.08592875645790107,SPY260904C00846000,776.3400268554688,0.009692917716067896,0.037969931251628626
SPY,2026-09-04,call,847.0,0.03,0.04,0.035,0.04,35.0,43,0.13672738281250002,21,0.057534246575342465,0.08711009150373211,SPY260904C00847000,776.3400268554688,0.009692917716067896,0.037969931251628626
SPY,2026-09-04,call,848.0,0.03,0.04,0.035,0.02,15.0,24,0.1381922119140625,21,0.057534246575342465,0.08829003264358093,SPY260904C00848000,776.3400268554688,0.009692917716067896,0.037969931251628626
SPY,2026-09-04,call,849.0,0.03,0.04,0.035,0.05,36.0,216,0.139657041015625,21,0.057534246575342465,0.08946858316302511,SPY260904C00849000,776.3400268554688,0.009692917716067896,0.037969931251628626
SPY,2026-09-04,call,850.0,0.03,0.04,0.035,0.03,41.0,10313,0.141610146484375,21,0.057534246575342465,0.09064574633603988,SPY260904C00850000,776.3400268554688,0.009692917716067896,0.037969931251628626
SPY,2026-09-04,call,851.0,0.03,0.04,0.035,0.03,1258.0,195,0.1430749755859375,21,0.057534246575342465,0.09182152542505201,SPY260904C00851000,776.3400268554688,0.009692917716067896,0.037969931251628626
SPY,2026-09-04,call,852.0,0.03,0.04,0.035,0.04,849.0,970,0.1445398046875,21,0.057534246575342465,0.09299592368099353,SPY260904C00852000,776.3400268554688,0.009692917716067896,0.037969931251628626
SPY,2026-09-04,call,853.0,0.03,0.04,0.035,0.03,225.0,991,0.14649291015625,21,0.057534246575342465,0.09416894434335686,SPY260904C00853000,776.3400268554688,0.009692917716067896,0.037969931251628626
SPY,2026-09-04,call,854.0,0.02,0.03,0.025,0.03,1217.0,610,0.143563251953125,21,0.057534246575342465,0.09534059064024775,SPY260904C00854000,776.3400268554688,0.009692917716067896,0.037969931251628626
SPY,2026-09-04,call,855.0,0.02,0.03,0.025,0.03,2912.0,1537,0.145516357421875,21,0.057534246575342465,0.09651086578843802,SPY260904C00855000,776.3400268554688,0.009692917716067896,0.037969931251628626
SPY,2026-09-04,call,856.0,0.02,0.03,0.025,0.03,243.0,497,0.14649291015625,21,0.057534246575342465,0.09767977299341984,SPY260904C00856000,776.3400268554688,0.009692917716067896,0.037969931251628626
SPY,2026-09-04,call,857.0,0.02,0.03,0.025,0.04,58.0,281,0.148446015625,21,0.057534246575342465,0.09884731544945748,SPY260904C00857000,776.3400268554688,0.009692917716067896,0.037969931251628626
SPY,2026-09-04,call,858.0,0.02,0.03,0.025,0.05,66.0,3431,0.149422568359375,21,0.057534246575342465,0.1000134963396401,SPY260904C00858000,776.3400268554688,0.009692917716067896,0.037969931251628626
SPY,2026-09-04,call,859.0,0.02,0.03,0.025,0.03,52.0,1740,0.15137567382812503,21,0.057534246575342465,0.10117831883593313,SPY260904C00859000,776.3400268554688,0.009692917716067896,0.037969931251628626
SPY,2026-09-04,call,860.0,0.02,0.03,0.025,0.03,52.0,744,0.15332877929687502,21,0.057534246575342465,0.10234178609923111,SPY260904C00860000,776.3400268554688,0.009692917716067896,0.037969931251628626
SPY,2026-09-04,call,861.0,0.02,0.03,0.025,0.05,104.0,897,0.15430533203125002,21,0.057534246575342465,0.10350390127940863,SPY260904C00861000,776.3400268554688,0.009692917716067896,0.037969931251628626
SPY,2026-09-04,call,862.0,0.02,0.03,0.025,0.04,65.0,2109,0.1562584375,21,0.057534246575342465,0.10466466751537086,SPY260904C00862000,776.3400268554688,0.009692917716067896,0.037969931251628626
SPY,2026-09-04,call,863.0,0.02,0.03,0.025,0.04,200.0,2007,0.157234990234375,21,0.057534246575342465,0.10582408793510564,SPY260904C00863000,776.3400268554688,0.009692917716067896,0.037969931251628626
SPY,2026-09-04,call,864.0,0.02,0.03,0.025,0.05,15.0,2435,0.159188095703125,21,0.057534246575342465,0.10698216565573346,SPY260904C00864000,776.3400268554688,0.009692917716067896,0.037969931251628626
SPY,2026-09-04,call,865.0,0.02,0.03,0.025,0.03,1.0,921,0.161141201171875,21,0.057534246575342465,0.10813890378355709,SPY260904C00865000,776.3400268554688,0.009692917716067896,0.037969931251628626
SPY,2026-09-04,call,866.0,0.02,0.03,0.025,0.03,1.0,3067,0.16211775390625,21,0.057534246575342465,0.10929430541411286,SPY260904C00866000,776.3400268554688,0.009692917716067896,0.037969931251628626
SPY,2026-09-04,call,868.0,0.02,0.03,0.025,0.02,745.0,3726,0.165047412109375,21,0.057534246575342465,0.11160111151202795,SPY260904C00868000,776.3400268554688,0.009692917716067896,0.037969931251628626
SPY,2026-09-04,call,869.0,0.02,0.03,0.025,0.02,6035.0,4205,0.16700051757812504,21,0.057534246575342465,0.11275252211706975,SPY260904C00869000,776.3400268554688,0.009692917716067896,0.037969931251628626
SPY,2026-09-04,call,870.0,0.02,0.03,0.025,0.02,7224.0,3497,0.16797707031250003,21,0.057534246575342465,0.11390260850030726,SPY260904C00870000,776.3400268554688,0.009692917716067896,0.037969931251628626
SPY,2026-09-04,call,875.0,0.01,0.02,0.015,0.02,151.0,166,0.16993017578125003,21,0.057534246575342465,0.11963328320929216,SPY260904C00875000,776.3400268554688,0.009692917716067896,0.037969931251628626
SPY,2026-09-04,call,880.0,0.01,0.02,0.015,0.01,230.0,484,0.1757894921875,21,0.057534246575342465,0.12533130432392997,SPY260904C00880000,776.3400268554688,0.009692917716067896,0.037969931251628626
SPY,2026-09-04,call,885.0,0.01,0.02,0.015,0.01,80.0,1608,0.18360191406249998,21,0.057534246575342465,0.1309970418596072,SPY260904C00885000,776.3400268554688,0.009692917716067896,0.037969931251628626
SPY,2026-09-04,call,890.0,0.01,0.02,0.015,0.02,1.0,1739,0.1914143359375,21,0.057534246575342465,0.1366308595778633,SPY260904C00890000,776.3400268554688,0.009692917716067896,0.037969931251628626
SPY,2026-09-04,call,900.0,0.01,0.02,0.015,0.02,500.0,17,0.20508607421874997,21,0.057534246575342465,0.1478041601759885,SPY260904C00900000,776.3400268554688,0.009692917716067896,0.037969931251628626
SPY,2026-09-04,call,905.0,0.01,0.02,0.015,0.04,,12,0.21094539062499998,21,0.057534246575342465,0.15334434055160392,SPY260904C00905000,776.3400268554688,0.009692917716067896,0.037969931251628626
SPY,2026-09-04,put,525.0,0.02,0.03,0.025,0.02,106.0,61,0.5195360546875,21,0.057534246575342465,-0.39119234055669855,SPY260904P00525000,776.3400268554688,0.009692917716067896,0.037969931251628626
SPY,2026-09-04,put,530.0,0.02,0.03,0.025,0.05,60.0,10,0.507817421875,21,0.057534246575342465,-0.3817135966021546,SPY260904P00530000,776.3400268554688,0.009692917716067896,0.037969931251628626
SPY,2026-09-04,put,535.0,0.02,0.03,0.025,0.02,1.0,29,0.5039112109375,21,0.057534246575342465,-0.3723238562523156,SPY260904P00535000,776.3400268554688,0.009692917716067896,0.037969931251628626
SPY,2026-09-04,put,540.0,0.02,0.03,0.025,0.05,25.0,128,0.49219257812500006,21,0.057534246575342465,-0.36302146359000215,SPY260904P00540000,776.3400268554688,0.009692917716067896,0.037969931251628626
SPY,2026-09-04,put,545.0,0.02,0.03,0.025,0.03,111.0,868,0.4804739453125,21,0.057534246575342465,-0.35380480848507817,SPY260904P00545000,776.3400268554688,0.009692917716067896,0.037969931251628626
SPY,2026-09-04,put,550.0,0.03,0.04,0.035,0.03,5.0,132,0.48242705078125003,21,0.057534246575342465,-0.34467232492180566,SPY260904P00550000,776.3400268554688,0.009692917716067896,0.037969931251628626
SPY,2026-09-04,put,555.0,0.03,0.04,0.035,0.1,1.0,16,0.47070841796875,21,0.057534246575342465,-0.33562248940188766,SPY260904P00555000,776.3400268554688,0.009692917716067896,0.037969931251628626
SPY,2026-09-04,put,560.0,0.03,0.04,0.035,0.03,31.0,18,0.45898978515625005,21,0.057534246575342465,-0.32665381941912724,SPY260904P00560000,776.3400268554688,0.009692917716067896,0.037969931251628626
SPY,2026-09-04,put,565.0,0.04,0.05,0.045,0.04,25.0,63,0.45703667968750006,21,0.057534246575342465,-0.31776487200188125,SPY260904P00565000,776.3400268554688,0.009692917716067896,0.037969931251628626
SPY,2026-09-04,put,570.0,0.04,0.05,0.045,0.07,23.0,119,0.445318046875,21,0.057534246575342465,-0.3089542423197264,SPY260904P00570000,776.3400268554688,0.009692917716067896,0.037969931251628626
SPY,2026-09-04,put,575.0,0.04,0.05,0.045,0.05,3.0,49,0.4335994140625,21,0.057534246575342465,-0.30022056235097183,SPY260904P00575000,776.3400268554688,0.009692917716067896,0.037969931251628626
SPY,2026-09-04,put,580.0,0.05,0.06,0.055,0.06,26.0,643,0.42969320312500003,21,0.057534246575342465,-0.29156249960785713,SPY260904P00580000,776.3400268554688,0.009692917716067896,0.037969931251628626
SPY,2026-09-04,put,585.0,0.05,0.06,0.055,0.06,42.0,71,0.41797457031249996,21,0.057534246575342465,-0.2829787559164657,SPY260904P00585000,776.3400268554688,0.009692917716067896,0.037969931251628626
SPY,2026-09-04,put,590.0,0.05,0.06,0.055,0.07,5.0,202,0.4062559375,21,0.057534246575342465,-0.2744680662485571,SPY260904P00590000,776.3400268554688,0.009692917716067896,0.037969931251628626
SPY,2026-09-04,put,595.0,0.06,0.07,0.065,0.07,6.0,276,0.40039662109375,21,0.057534246575342465,-0.2660291976026925,SPY260904P00595000,776.3400268554688,0.009692917716067896,0.037969931251628626
SPY,2026-09-04,put,600.0,0.06,0.07,0.065,0.06,37.0,315,0.389654541015625,21,0.057534246575342465,-0.2576609479321759,SPY260904P00600000,776.3400268554688,0.009692917716067896,0.037969931251628626
SPY,2026-09-04,put,605.0,0.07,0.08,0.07500000000000001,0.07,14.0,192,0.38281867187499996,21,0.057534246575342465,-0.2493621451174807,SPY260904P00605000,776.3400268554688,0.009692917716067896,0.037969931251628626
SPY,2026-09-04,put,610.0,0.08,0.09,0.08499999999999999,0.08,15.0,311,0.375982802734375,21,0.057534246575342465,-0.24113164598096526,SPY260904P00610000,776.3400268554688,0.009692917716067896,0.037969931251628626
SPY,2026-09-04,put,615.0,0.08,0.09,0.08499999999999999,0.1,25.0,148,0.36475244628906256,21,0.057534246575342465,-0.23296833534180433,SPY260904P00615000,776.3400268554688,0.009692917716067896,0.037969931251628626
SPY,2026-09-04,put,620.0,0.09,0.1,0.095,0.13,6.0,586,0.35742830078125,21,0.057534246575342465,-0.224871125109185,SPY260904P00620000,776.3400268554688,0.009692917716067896,0.037969931251628626
SPY,2026-09-04,put,625.0,0.1,0.11,0.10500000000000001,0.15,1.0,302,0.34961587890624996,21,0.057534246575342465,-0.21683895341192078,SPY260904P00625000,776.3400268554688,0.009692917716067896,0.037969931251628626
SPY,2026-09-04,put,630.0,0.11,0.12,0.11499999999999999,0.11,13.0,1232,0.3413151806640625,21,0.057534246575342465,-0.2088707837627438,SPY260904P00630000,776.3400268554688,0.009692917716067896,0.037969931251628626
SPY,2026-09-04,put,635.0,0.12,0.13,0.125,0.14,1.0,118,0.33301448242187504,21,0.057534246575342465,-0.20096560425563054,SPY260904P00635000,776.3400268554688,0.009692917716067896,0.037969931251628626
SPY,2026-09-04,put,640.0,0.13,0.14,0.135,0.15,10.0,254,0.3242255078124999,21,0.057534246575342465,-0.19312242679460467,SPY260904P00640000,776.3400268554688,0.009692917716067896,0.037969931251628626
SPY,2026-09-04,put,645.0,0.14,0.15,0.14500000000000002,0.14,44.0,675,0.3149482568359374,21,0.057534246575342465,-0.18534028635254976,SPY260904P00645000,776.3400268554688,0.009692917716067896,0.037969931251628626
SPY,2026-09-04,put,650.0,0.16,0.17,0.165,0.16,460.0,715,0.30811238769531246,21,0.057534246575342465,-0.17761824025863948,SPY260904P00650000,776.3400268554688,0.009692917716067896,0.037969931251628626
SPY,2026-09-04,put,655.0,0.17,0.18,0.175,0.17,31.0,633,0.29834686035156244,21,0.057534246575342465,-0.16995536751307025,SPY260904P00655000,776.3400268554688,0.009692917716067896,0.037969931251628626
SPY,2026-09-04,put,660.0,0.19,0.2,0.195,0.19,36.0,292,0.29053443847656246,21,0.057534246575342465,-0.16235076812785096,SPY260904P00660000,776.3400268554688,0.009692917716067896,0.037969931251628626
SPY,2026-09-04,put,665.0,0.21,0.22,0.215,0.21,40.0,395,0.282233740234375,21,0.057534246575342465,-0.15480356249246807,SPY260904P00665000,776.3400268554688,0.009692917716067896,0.037969931251628626
SPY,2026-09-04,put,670.0,0.23,0.24,0.235,0.25,25.0,1260,0.273444765625,21,0.057534246575342465,-0.1473128907633105,SPY260904P00670000,776.3400268554688,0.009692917716067896,0.037969931251628626
SPY,2026-09-04,put,675.0,0.25,0.26,0.255,0.25,241.0,2184,0.26416751464843746,21,0.057534246575342465,-0.13987791227579244,SPY260904P00675000,776.3400268554688,0.009692917716067896,0.037969931251628626
SPY,2026-09-04,put,680.0,0.28,0.29,0.28500000000000003,0.29,45.0,1567,0.2561109545898438,21,0.057534246575342465,-0.1324978049781698,SPY260904P00680000,776.3400268554688,0.009692917716067896,0.037969931251628626
SPY,2026-09-04,put,685.0,0.31,0.32,0.315,0.32,42.0,482,0.2475661181640625,21,0.057534246575342465,-0.1251717648860969,SPY260904P00685000,776.3400268554688,0.009692917716067896,0.037969931251628626
SPY,2026-09-04,put,690.0,0.34,0.35,0.345,0.34,97.0,696,0.23853300537109373,21,0.057534246575342465,-0.11789900555701716,SPY260904P00690000,776.3400268554688,0.009692917716067896,0.037969931251628626
SPY,2026-09-04,put,691.0,0.35,0.36,0.355,0.35,4.0,191,0.23706817626953125,21,0.057534246575342465,-0.11645077938065228,SPY260904P00691000,776.3400268554688,0.009692917716067896,0.037969931251628626
SPY,2026-09-04,put,692.0,0.36,0.37,0.365,0.45,3.0,118,0.23548127807617186,21,0.057534246575342465,-0.11500464753065269,SPY260904P00692000,776.3400268554688,0.009692917716067896,0.037969931251628626
SPY,2026-09-04,put,693.0,0.37,0.38,0.375,0.37,2.0,59,0.23389437988281248,21,0.057534246575342465,-0.11356060395841898,SPY260904P00693000,776.3400268554688,0.009692917716067896,0.037969931251628626
SPY,2026-09-04,put,694.0,0.37,0.38,0.375,0.39,6.0,146,0.231452998046875,21,0.057534246575342465,-0.11211864264151766,SPY260904P00694000,776.3400268554688,0.009692917716067896,0.037969931251628626
SPY,2026-09-04,put,695.0,0.38,0.39,0.385,0.41,11.0,4849,0.2298660998535156,21,0.057534246575342465,-0.11067875758353012,SPY260904P00695000,776.3400268554688,0.009692917716067896,0.037969931251628626
SPY,2026-09-04,put,696.0,0.39,0.4,0.395,0.4,13.0,121,0.22827920166015625,21,0.057534246575342465,-0.10924094281390255,SPY260904P00696000,776.3400268554688,0.009692917716067896,0.037969931251628626
SPY,2026-09-04,put,697.0,0.4,0.41,0.405,0.61,1.0,86,0.22657023437499998,21,0.057534246575342465,-0.1078051923877984,SPY260904P00697000,776.3400268554688,0.009692917716067896,0.037969931251628626
SPY,2026-09-04,put,698.0,0.41,0.42,0.415,0.41,2.0,370,0.2249833361816406,21,0.057534246575342465,-0.10637150038594977,SPY260904P00698000,776.3400268554688,0.009692917716067896,0.037969931251628626
SPY,2026-09-04,put,699.0,0.42,0.43,0.425,0.44,3.0,45,0.22327436889648436,21,0.057534246575342465,-0.10493986091451193,SPY260904P00699000,776.3400268554688,0.009692917716067896,0.037969931251628626
SPY,2026-09-04,put,700.0,0.42,0.43,0.425,0.42,153.0,8952,0.22071091796874998,21,0.057534246575342465,-0.10351026810491759,SPY260904P00700000,776.3400268554688,0.009692917716067896,0.037969931251628626
SPY,2026-09-04,put,701.0,0.43,0.44,0.435,0.47,1.0,459,0.21900195068359374,21,0.057534246575342465,-0.10208271611373214,SPY260904P00701000,776.3400268554688,0.009692917716067896,0.037969931251628626
SPY,2026-09-04,put,702.0,0.44,0.45,0.445,0.48,6.0,312,0.2172929833984375,21,0.057534246575342465,-0.10065719912251106,SPY260904P00702000,776.3400268554688,0.009692917716067896,0.037969931251628626
SPY,2026-09-04,put,703.0,0.45,0.46,0.455,0.46,5.0,140,0.21558401611328126,21,0.057534246575342465,-0.09923371133765735,SPY260904P00703000,776.3400268554688,0.009692917716067896,0.037969931251628626
SPY,2026-09-04,put,704.0,0.46,0.47,0.46499999999999997,0.48,6.0,177,0.21363091064453127,21,0.057534246575342465,-0.09781224699027981,SPY260904P00704000,776.3400268554688,0.009692917716067896,0.037969931251628626
SPY,2026-09-04,put,705.0,0.47,0.48,0.475,0.48,217.0,948,0.21192194335937498,21,0.057534246575342465,-0.09639280033605352,SPY260904P00705000,776.3400268554688,0.009692917716067896,0.037969931251628626
SPY,2026-09-04,put,706.0,0.48,0.5,0.49,0.56,33.0,270,0.2108233215332031,21,0.057534246575342465,-0.09497536565508018,SPY260904P00706000,776.3400268554688,0.009692917716067896,0.037969931251628626
SPY,2026-09-04,put,707.0,0.5,0.51,0.505,0.53,11.0,241,0.20887021606445308,21,0.057534246575342465,-0.09355993725174945,SPY260904P00707000,776.3400268554688,0.009692917716067896,0.037969931251628626
SPY,2026-09-04,put,708.0,0.51,0.52,0.515,0.53,12.0,285,0.20703917968749996,21,0.057534246575342465,-0.0921465094546024,SPY260904P00708000,776.3400268554688,0.009692917716067896,0.037969931251628626
SPY,2026-09-04,put,709.0,0.52,0.53,0.525,0.6,21.0,617,0.20508607421874997,21,0.057534246575342465,-0.09073507661619473,SPY260904P00709000,776.3400268554688,0.009692917716067896,0.037969931251628626
SPY,2026-09-04,put,710.0,0.53,0.54,0.535,0.56,102.0,1220,0.20313296874999998,21,0.057534246575342465,-0.08932563311296109,SPY260904P00710000,776.3400268554688,0.009692917716067896,0.037969931251628626
SPY,2026-09-04,put,711.0,0.54,0.56,0.55,0.58,5.0,160,0.20179020874023437,21,0.057534246575342465,-0.0879181733450814,SPY260904P00711000,776.3400268554688,0.009692917716067896,0.037969931251628626
SPY,2026-09-04,put,712.0,0.56,0.57,0.565,0.67,1.0,257,0.19983710327148438,21,0.057534246575342465,-0.08651269173634646,SPY260904P00712000,776.3400268554688,0.009692917716067896,0.037969931251628626
SPY,2026-09-04,put,713.0,0.57,0.58,0.575,0.63,6.0,607,0.1977619287109375,21,0.057534246575342465,-0.08510918273402625,SPY260904P00713000,776.3400268554688,0.009692917716067896,0.037969931251628626
SPY,2026-09-04,put,714.0,0.59,0.6,0.595,0.64,63.0,705,0.196297099609375,21,0.057534246575342465,-0.08370764080873788,SPY260904P00714000,776.3400268554688,0.009692917716067896,0.037969931251628626
SPY,2026-09-04,put,715.0,0.6,0.61,0.605,0.64,212.0,2192,0.19422192504882813,21,0.057534246575342465,-0.08230806045431456,SPY260904P00715000,776.3400268554688,0.009692917716067896,0.037969931251628626
SPY,2026-09-04,put,716.0,0.62,0.63,0.625,0.69,193.0,540,0.19275709594726562,21,0.057534246575342465,-0.08091043618767656,SPY260904P00716000,776.3400268554688,0.009692917716067896,0.037969931251628626
SPY,2026-09-04,put,717.0,0.63,0.65,0.64,0.67,11.0,268,0.19117019775390626,21,0.057534246575342465,-0.07951476254870189,SPY260904P00717000,776.3400268554688,0.009692917716067896,0.037969931251628626
SPY,2026-09-04,put,718.0,0.65,0.66,0.655,0.69,39.0,217,0.18909502319335939,21,0.057534246575342465,-0.07812103410009803,SPY260904P00718000,776.3400268554688,0.009692917716067896,0.037969931251628626
SPY,2026-09-04,put,719.0,0.67,0.68,0.675,0.78,118.0,293,0.18738605590820312,21,0.057534246575342465,-0.07672924542727548,SPY260904P00719000,776.3400268554688,0.009692917716067896,0.037969931251628626
SPY,2026-09-04,put,720.0,0.69,0.7,0.695,0.7,831.0,3034,0.18579915771484373,21,0.057534246575342465,-0.07533939113822125,SPY260904P00720000,776.3400268554688,0.009692917716067896,0.037969931251628626
SPY,2026-09-04,put,721.0,0.7,0.72,0.71,0.78,182.0,322,0.1840901904296875,21,0.057534246575342465,-0.07395146586337313,SPY260904P00721000,776.3400268554688,0.009692917716067896,0.037969931251628626
SPY,2026-09-04,put,722.0,0.72,0.74,0.73,0.76,16.0,291,0.18225915405273438,21,0.057534246575342465,-0.07256546425549593,SPY260904P00722000,776.3400268554688,0.009692917716067896,0.037969931251628626
SPY,2026-09-04,put,723.0,0.75,0.76,0.755,0.78,2266.0,432,0.1805501867675781,21,0.057534246575342465,-0.07118138098955755,SPY260904P00723000,776.3400268554688,0.009692917716067896,0.037969931251628626
SPY,2026-09-04,put,724.0,0.77,0.78,0.775,0.82,126.0,602,0.178719150390625,21,0.057534246575342465,-0.06979921076260583,SPY260904P00724000,776.3400268554688,0.009692917716067896,0.037969931251628626
SPY,2026-09-04,put,725.0,0.79,0.81,0.8,0.81,183.0,883,0.1772543212890625,21,0.057534246575342465,-0.06841894829364749,SPY260904P00725000,776.3400268554688,0.009692917716067896,0.037969931251628626
SPY,2026-09-04,put,726.0,0.82,0.83,0.825,0.89,34.0,410,0.17536225036621095,21,0.057534246575342465,-0.06704058832352613,SPY260904P00726000,776.3400268554688,0.009692917716067896,0.037969931251628626
SPY,2026-09-04,put,727.0,0.84,0.86,0.85,0.85,93.0,630,0.17383638671875,21,0.057534246575342465,-0.06566412561480281,SPY260904P00727000,776.3400268554688,0.009692917716067896,0.037969931251628626
SPY,2026-09-04,put,728.0,0.87,0.88,0.875,0.89,40.0,252,0.17188328125000002,21,0.057534246575342465,-0.06428955495163628,SPY260904P00728000,776.3400268554688,0.009692917716067896,0.037969931251628626
SPY,2026-09-04,put,729.0,0.9,0.91,0.905,0.93,117.0,260,0.17023534851074223,21,0.057534246575342465,-0.06291687113966407,SPY260904P00729000,776.3400268554688,0.009692917716067896,0.037969931251628626
SPY,2026-09-04,put,730.0,0.92,0.94,0.9299999999999999,0.93,262.0,3015,0.16858741577148442,21,0.057534246575342465,-0.06154606900588536,SPY260904P00730000,776.3400268554688,0.009692917716067896,0.037969931251628626
SPY,2026-09-04,put,731.0,0.96,0.97,0.965,0.99,596.0,10278,0.16687844848632816,21,0.057534246575342465,-0.06017714339854374,SPY260904P00731000,776.3400268554688,0.009692917716067896,0.037969931251628626
SPY,2026-09-04,put,732.0,0.99,1.01,1.0,1.04,189.0,470,0.16547465393066407,21,0.057534246575342465,-0.058810089187010646,SPY260904P00732000,776.3400268554688,0.009692917716067896,0.037969931251628626
SPY,2026-09-04,put,733.0,1.02,1.04,1.03,1.02,510.0,464,0.16364361755371098,21,0.057534246575342465,-0.05744490126167067,SPY260904P00733000,776.3400268554688,0.009692917716067896,0.037969931251628626
SPY,2026-09-04,put,734.0,1.06,1.08,1.07,1.11,566.0,225,0.16211775390625,21,0.057534246575342465,-0.05608157453380666,SPY260904P00734000,776.3400268554688,0.009692917716067896,0.037969931251628626
SPY,2026-09-04,put,735.0,1.1,1.11,1.105,1.1,361.0,1578,0.16022568298339845,21,0.057534246575342465,-0.05472010393548552,SPY260904P00735000,776.3400268554688,0.009692917716067896,0.037969931251628626
SPY,2026-09-04,put,736.0,1.14,1.15,1.145,1.19,76.0,511,0.15857775024414064,21,0.057534246575342465,-0.05336048441944603,SPY260904P00736000,776.3400268554688,0.009692917716067896,0.037969931251628626
SPY,2026-09-04,put,737.0,1.18,1.2,1.19,1.22,664.0,460,0.15717395568847659,21,0.057534246575342465,-0.05200271095898563,SPY260904P00737000,776.3400268554688,0.009692917716067896,0.037969931251628626
SPY,2026-09-04,put,738.0,1.22,1.24,1.23,1.24,299.0,789,0.1554039538574219,21,0.057534246575342465,-0.05064677854784969,SPY260904P00738000,776.3400268554688,0.009692917716067896,0.037969931251628626
SPY,2026-09-04,put,739.0,1.27,1.29,1.28,1.31,34.0,495,0.15393912475585939,21,0.057534246575342465,-0.04929268220012049,SPY260904P00739000,776.3400268554688,0.009692917716067896,0.037969931251628626
SPY,2026-09-04,put,740.0,1.32,1.34,1.33,1.34,790.0,4391,0.15229119201660157,21,0.057534246575342465,-0.047940416950106784,SPY260904P00740000,776.3400268554688,0.009692917716067896,0.037969931251628626
SPY,2026-09-04,put,741.0,1.37,1.39,1.38,1.41,218.0,458,0.1506432592773438,21,0.057534246575342465,-0.046589977852235294,SPY260904P00741000,776.3400268554688,0.009692917716067896,0.037969931251628626
SPY,2026-09-04,put,742.0,1.42,1.45,1.435,1.46,961.0,779,0.14917843017578125,21,0.057534246575342465,-0.0452413599809418,SPY260904P00742000,776.3400268554688,0.009692917716067896,0.037969931251628626
SPY,2026-09-04,put,743.0,1.48,1.51,1.495,1.53,128.0,748,0.14765256652832032,21,0.057534246575342465,-0.043894558430563044,SPY260904P00743000,776.3400268554688,0.009692917716067896,0.037969931251628626
SPY,2026-09-04,put,744.0,1.54,1.57,1.5550000000000002,1.59,196.0,266,0.14606566833496093,21,0.057534246575342465,-0.0425495683152303,SPY260904P00744000,776.3400268554688,0.009692917716067896,0.037969931251628626
SPY,2026-09-04,put,745.0,1.61,1.64,1.625,1.66,611.0,2395,0.14460083923339845,21,0.057534246575342465,-0.041206384768762726,SPY260904P00745000,776.3400268554688,0.009692917716067896,0.037969931251628626
SPY,2026-09-04,put,746.0,1.68,1.71,1.6949999999999998,1.73,131.0,832,0.1430749755859375,21,0.057534246575342465,-0.03986500294456135,SPY260904P00746000,776.3400268554688,0.009692917716067896,0.037969931251628626
SPY,2026-09-04,put,747.0,1.75,1.78,1.7650000000000001,1.78,86.0,307,0.1414270428466797,21,0.057534246575342465,-0.03852541801550485,SPY260904P00747000,776.3400268554688,0.009692917716067896,0.037969931251628626
SPY,2026-09-04,put,748.0,1.83,1.86,1.8450000000000002,1.85,230.0,256,0.1399622137451172,21,0.057534246575342465,-0.03718762517384499,SPY260904P00748000,776.3400268554688,0.009692917716067896,0.037969931251628626
SPY,2026-09-04,put,749.0,1.91,1.95,1.93,1.95,132.0,143,0.13861945373535156,21,0.057534246575342465,-0.03585161963110271,SPY260904P00749000,776.3400268554688,0.009692917716067896,0.037969931251628626
SPY,2026-09-04,put,750.0,2.0,2.03,2.0149999999999997,2.0,871.0,3509,0.13694100372314455,21,0.057534246575342465,-0.03451739661796614,SPY260904P00750000,776.3400268554688,0.009692917716067896,0.037969931251628626
SPY,2026-09-04,put,751.0,2.1,2.13,2.115,2.1,156.0,560,0.13559824371337892,21,0.057534246575342465,-0.033184951384187485,SPY260904P00751000,776.3400268554688,0.009692917716067896,0.037969931251628626
SPY,2026-09-04,put,752.0,2.2,2.23,2.215,2.18,99.0,199,0.13416393188476564,21,0.057534246575342465,-0.03185427919848236,SPY260904P00752000,776.3400268554688,0.009692917716067896,0.037969931251628626
SPY,2026-09-04,put,753.0,2.3,2.33,2.315,2.32,27.0,187,0.13257703369140628,21,0.057534246575342465,-0.03052537534842868,SPY260904P00753000,776.3400268554688,0.009692917716067896,0.037969931251628626
SPY,2026-09-04,put,754.0,2.41,2.45,2.43,2.4,121.0,456,0.13129530822753904,21,0.057534246575342465,-0.029198235140366145,SPY260904P00754000,776.3400268554688,0.009692917716067896,0.037969931251628626
SPY,2026-09-04,put,755.0,2.53,2.56,2.545,2.52,372.0,565,0.12970841003417968,21,0.057534246575342465,-0.027872853899297473,SPY260904P00755000,776.3400268554688,0.009692917716067896,0.037969931251628626
SPY,2026-09-04,put,756.0,2.66,2.69,2.675,2.8,60.0,170,0.12836565002441402,21,0.057534246575342465,-0.026549226968789252,SPY260904P00756000,776.3400268554688,0.009692917716067896,0.037969931251628626
SPY,2026-09-04,put,757.0,2.79,2.83,2.81,2.8,135.0,641,0.12708392456054687,21,0.057534246575342465,-0.025227349710873433,SPY260904P00757000,776.3400268554688,0.009692917716067896,0.037969931251628626
SPY,2026-09-04,put,758.0,2.93,2.97,2.95,2.93,67.0,546,0.1256190954589844,21,0.057534246575342465,-0.02390721750595051,SPY260904P00758000,776.3400268554688,0.009692917716067896,0.037969931251628626
SPY,2026-09-04,put,759.0,3.08,3.13,3.105,3.09,153.0,741,0.12439840454101564,21,0.057534246575342465,-0.022588825752692315,SPY260904P00759000,776.3400268554688,0.009692917716067896,0.037969931251628626
SPY,2026-09-04,put,760.0,3.24,3.28,3.26,3.26,745.0,1898,0.12287254089355469,21,0.057534246575342465,-0.021272169867945435,SPY260904P00760000,776.3400268554688,0.009692917716067896,0.037969931251628626
SPY,2026-09-04,put,761.0,3.41,3.45,3.43,3.39,42.0,2171,0.12149926361083985,21,0.057534246575342465,-0.019957245286636435,SPY260904P00761000,776.3400268554688,0.009692917716067896,0.037969931251628626
SPY,2026-09-04,put,762.0,3.59,3.64,3.615,3.59,356.0,10274,0.1203090899658203,21,0.057534246575342465,-0.01864404746167596,SPY260904P00762000,776.3400268554688,0.009692917716067896,0.037969931251628626
SPY,2026-09-04,put,763.0,3.78,3.83,3.8049999999999997,3.78,53.0,210,0.11896632995605468,21,0.057534246575342465,-0.017332571863865186,SPY260904P00763000,776.3400268554688,0.009692917716067896,0.037969931251628626
SPY,2026-09-04,put,764.0,3.99,4.04,4.015000000000001,4.06,9.0,458,0.11774563903808594,21,0.057534246575342465,-0.016022813981801772,SPY260904P00764000,776.3400268554688,0.009692917716067896,0.037969931251628626
SPY,2026-09-04,put,765.0,4.2,4.25,4.225,4.24,274.0,1352,0.11634184448242188,21,0.057534246575342465,-0.014714769321786385,SPY260904P00765000,776.3400268554688,0.009692917716067896,0.037969931251628626
SPY,2026-09-04,put,766.0,4.43,4.48,4.455,4.41,76.0,294,0.11506011901855469,21,0.057534246575342465,-0.013408433407730883,SPY260904P00766000,776.3400268554688,0.009692917716067896,0.037969931251628626
SPY,2026-09-04,put,767.0,4.65,4.75,4.7,4.64,37.0,288,0.11417511810302736,21,0.057534246575342465,-0.012103801781066067,SPY260904P00767000,776.3400268554688,0.009692917716067896,0.037969931251628626
SPY,2026-09-04,put,768.0,4.91,5.0,4.955,4.9,261.0,686,0.1128018408203125,21,0.057534246575342465,-0.010800870000650047,SPY260904P00768000,776.3400268554688,0.009692917716067896,0.037969931251628626
SPY,2026-09-04,put,769.0,5.18,5.28,5.23,5.23,95.0,438,0.11164218444824218,21,0.057534246575342465,-0.009499633642678198,SPY260904P00769000,776.3400268554688,0.009692917716067896,0.037969931251628626
SPY,2026-09-04,put,770.0,5.47,5.55,5.51,5.54,7041.0,2639,0.11014683807373046,21,0.057534246575342465,-0.008200088300592712,SPY260904P00770000,776.3400268554688,0.009692917716067896,0.037969931251628626
SPY,2026-09-04,put,771.0,5.77,5.88,5.824999999999999,5.69,121.0,2023,0.10926183715820312,21,0.057534246575342465,-0.006902229584992715,SPY260904P00771000,776.3400268554688,0.009692917716067896,0.037969931251628626
SPY,2026-09-04,put,772.0,6.1,6.2,6.15,6.15,406.0,946,0.10801062896728515,21,0.057534246575342465,-0.0056060531235459935,SPY260904P00772000,776.3400268554688,0.009692917716067896,0.037969931251628626
SPY,2026-09-04,put,773.0,6.44,6.55,6.495,6.5,119.0,590,0.1069425244140625,21,0.057534246575342465,-0.004311554560900275,SPY260904P00773000,776.3400268554688,0.009692917716067896,0.037969931251628626
SPY,2026-09-04,put,774.0,6.8,6.91,6.855,6.83,122.0,1196,0.10575235076904296,21,0.057534246575342465,-0.00301872955859508,SPY260904P00774000,776.3400268554688,0.009692917716067896,0.037969931251628626
SPY,2026-09-04,put,775.0,7.18,7.29,7.234999999999999,7.2,346.0,1105,0.10456217712402342,21,0.057534246575342465,-0.0017275737949752719,SPY260904P00775000,776.3400268554688,0.009692917716067896,0.037969931251628626
SPY,2026-09-04,put,776.0,7.58,7.7,7.640000000000001,7.6,278.0,263,0.10355510711669921,21,0.057534246575342465,-0.00043808296510347664,SPY260904P00776000,776.3400268554688,0.009692917716067896,0.037969931251628626
SPY,2026-09-04,put,777.0,8.0,8.11,8.055,8.05,764.0,786,0.1022428643798828,21,0.057534246575342465,0.0008497472193252538,SPY260904P00777000,776.3400268554688,0.009692917716067896,0.037969931251628626
SPY,2026-09-04,put,778.0,8.45,8.58,8.515,8.6,316.0,297,0.10147993255615234,21,0.057534246575342465,0.002135921030069344,SPY260904P00778000,776.3400268554688,0.009692917716067896,0.037969931251628626
SPY,2026-09-04,put,779.0,8.92,9.0,8.96,8.96,394.0,196,0.0997709652709961,21,0.057534246575342465,0.0034204427224261563,SPY260904P00779000,776.3400268554688,0.009692917716067896,0.037969931251628626
SPY,2026-09-04,put,780.0,9.41,9.54,9.475,9.45,544.0,408,0.09934372344970702,21,0.057534246575342465,0.004703316535315243,SPY260904P00780000,776.3400268554688,0.009692917716067896,0.037969931251628626
SPY,2026-09-04,put,781.0,9.24,10.74,9.99,10.05,40.0,70,0.10755286987304688,21,0.057534246575342465,0.005984546691363716,SPY260904P00781000,776.3400268554688,0.009692917716067896,0.037969931251628626
SPY,2026-09-04,put,782.0,10.32,11.3,10.81,9.56,10.0,11,0.10697304168701172,21,0.057534246575342465,0.007264137396988761,SPY260904P00782000,776.3400268554688,0.009692917716067896,0.037969931251628626
SPY,2026-09-04,put,783.0,10.42,11.76,11.09,11.33,11.0,239,0.10471476348876951,21,0.057534246575342465,0.008542092842480932,SPY260904P00783000,776.3400268554688,0.009692917716067896,0.037969931251628626
SPY,2026-09-04,put,784.0,11.41,12.51,11.96,11.76,1.0,65,0.10619485122680664,21,0.057534246575342465,0.009818417202085608,SPY260904P00784000,776.3400268554688,0.009692917716067896,0.037969931251628626
SPY,2026-09-04,put,785.0,11.01,13.58,12.295,12.0,2.0,35,0.112038908996582,21,0.057534246575342465,0.011093114634086122,SPY260904P00785000,776.3400268554688,0.009692917716067896,0.037969931251628626
SPY,2026-09-04,put,786.0,11.63,14.23,12.93,12.86,1.0,325,0.11173373626708984,21,0.057534246575342465,0.012366189280884383,SPY260904P00786000,776.3400268554688,0.009692917716067896,0.037969931251628626
SPY,2026-09-04,put,787.0,12.3,14.9,13.600000000000001,13.2,3.0,180,0.1114895980834961,21,0.057534246575342465,0.013637645269080996,SPY260904P00787000,776.3400268554688,0.009692917716067896,0.037969931251628626
SPY,2026-09-04,put,788.0,12.99,15.59,14.29,18.95,104.0,118,0.11127597717285155,21,0.057534246575342465,0.014907486709556824,SPY260904P00788000,776.3400268554688,0.009692917716067896,0.037969931251628626
SPY,2026-09-04,put,789.0,13.7,16.41,15.055,14.9,4.0,57,0.11283235809326173,21,0.057534246575342465,0.016175717697552088,SPY260904P00789000,776.3400268554688,0.009692917716067896,0.037969931251628626
SPY,2026-09-04,put,790.0,14.8,16.81,15.805,14.56,6.0,188,0.10749183532714844,21,0.057534246575342465,0.017442342312744955,SPY260904P00790000,776.3400268554688,0.009692917716067896,0.037969931251628626
SPY,2026-09-04,put,791.0,15.19,17.89,16.54,16.38,23.0,41,0.11283235809326173,21,0.057534246575342465,0.01870736461933158,SPY260904P00791000,776.3400268554688,0.009692917716067896,0.037969931251628626
SPY,2026-09-04,put,792.0,15.98,18.63,17.305,20.84,47.0,48,0.11246615081787109,21,0.057534246575342465,0.01997078866610371,SPY260904P00792000,776.3400268554688,0.009692917716067896,0.037969931251628626
SPY,2026-09-04,put,793.0,16.78,19.48,18.130000000000003,17.39,54.0,71,0.11374787628173827,21,0.057534246575342465,0.02123261848652577,SPY260904P00793000,776.3400268554688,0.009692917716067896,0.037969931251628626
SPY,2026-09-04,put,794.0,17.61,20.31,18.96,22.18,1.0,10,0.11454132537841799,21,0.057534246575342465,0.022492858098813438,SPY260904P00794000,776.3400268554688,0.009692917716067896,0.037969931251628626
SPY,2026-09-04,put,795.0,19.55,21.11,20.33,17.85,7.0,14,0.1145718426513672,21,0.057534246575342465,0.023751511506009765,SPY260904P00795000,776.3400268554688,0.009692917716067896,0.037969931251628626
SPY,2026-09-04,put,796.0,19.32,22.01,20.665,20.42,79.0,215,0.11628080993652344,21,0.057534246575342465,0.025008582696060808,SPY260904P00796000,776.3400268554688,0.009692917716067896,0.037969931251628626
SPY,2026-09-04,put,797.0,20.2,22.9,21.549999999999997,21.13,1.0,196,0.1176846044921875,21,0.057534246575342465,0.026264075641892762,SPY260904P00797000,776.3400268554688,0.009692917716067896,0.037969931251628626
SPY,2026-09-04,put,800.0,23.32,24.64,23.98,24.0,5.0,412,0.09858079162597656,21,0.057534246575342465,0.03002112451960503,SPY260904P00800000,776.3400268554688,0.009692917716067896,0.037969931251628626
SPY,2026-09-04,put,801.0,23.91,26.53,25.22,23.52,112.0,120,0.12348288635253907,21,0.057534246575342465,0.0312703439200371,SPY260904P00801000,776.3400268554688,0.009692917716067896,0.037969931251628626
SPY,2026-09-04,put,802.0,24.8,27.56,26.18,25.75,19.0,151,0.12738909729003906,21,0.057534246575342465,0.03251800471819231,SPY260904P00802000,776.3400268554688,0.009692917716067896,0.037969931251628626
SPY,2026-09-30,call,530.0,246.33,249.64,247.985,244.62,8.0,50,0.5678143804931641,47,0.12876712328767123,-0.3817135966021546,SPY260930C00530000,776.3400268554688,0.009692917716067896,0.037969931251628626
SPY,2026-09-30,call,535.0,241.36,244.67,243.015,239.71,42.0,47,0.5574995422363282,47,0.12876712328767123,-0.3723238562523156,SPY260930C00535000,776.3400268554688,0.009692917716067896,0.037969931251628626
SPY,2026-09-30,call,540.0,236.39,239.7,238.045,235.06,28.0,42,0.5473067730712893,47,0.12876712328767123,-0.36302146359000215,SPY260930C00540000,776.3400268554688,0.009692917716067896,0.037969931251628626
SPY,2026-09-30,call,550.0,226.46,229.77,228.115,230.0,2.0,27,0.5273484765625001,47,0.12876712328767123,-0.34467232492180566,SPY260930C00550000,776.3400268554688,0.009692917716067896,0.037969931251628626
SPY,2026-09-30,call,570.0,206.59,209.9,208.245,205.56,4.0,70,0.5531660894775392,47,0.12876712328767123,-0.3089542423197264,SPY260930C00570000,776.3400268554688,0.009692917716067896,0.037969931251628626
SPY,2026-09-30,call,575.0,167.49,170.96,169.22500000000002,171.75,7.0,358,1.0000000000000003e-05,47,0.12876712328767123,-0.30022056235097183,SPY260930C00575000,776.3400268554688,0.009692917716067896,0.037969931251628626
SPY,2026-09-30,call,580.0,196.67,199.98,198.325,198.85,1.0,17,0.5302781347656251,47,0.12876712328767123,-0.29156249960785713,SPY260930C00580000,776.3400268554688,0.009692917716067896,0.037969931251628626
SPY,2026-09-30,call,585.0,191.71,195.02,193.365,190.02,12.0,738,0.5189257092285156,47,0.12876712328767123,-0.2829787559164657,SPY260930C00585000,776.3400268554688,0.009692917716067896,0.037969931251628626
SPY,2026-09-30,call,590.0,152.85,156.32,154.58499999999998,169.49,2.0,60,1.0000000000000003e-05,47,0.12876712328767123,-0.2744680662485571,SPY260930C00590000,776.3400268554688,0.009692917716067896,0.037969931251628626
SPY,2026-09-30,call,594.0,182.79,186.09,184.44,157.94,1.0,2034,0.49841810180664065,47,0.12876712328767123,-0.2677112837856772,SPY260930C00594000,776.3400268554688,0.009692917716067896,0.037969931251628626
SPY,2026-09-30,call,595.0,181.8,185.1,183.45,146.3,1.0,424,0.4961598236083985,47,0.12876712328767123,-0.2660291976026925,SPY260930C00595000,776.3400268554688,0.009692917716067896,0.037969931251628626
SPY,2026-09-30,call,599.0,144.1,147.57,145.83499999999998,157.83,2.0,1617,1.0000000000000003e-05,47,0.12876712328767123,-0.2593290050328728,SPY260930C00599000,776.3400268554688,0.009692917716067896,0.037969931251628626
SPY,2026-09-30,call,600.0,176.84,180.14,178.49,176.02,13.0,1641,0.4848684326171875,47,0.12876712328767123,-0.2576609479321759,SPY260930C00600000,776.3400268554688,0.009692917716067896,0.037969931251628626
SPY,2026-09-30,call,601.0,158.28,161.67,159.975,153.42,2.0,729,1.0000000000000003e-05,47,0.12876712328767123,-0.2559956686131146,SPY260930C00601000,776.3400268554688,0.009692917716067896,0.037969931251628626
SPY,2026-09-30,call,602.0,174.86,178.16,176.51,154.75,40.0,37,0.48041291076660153,47,0.12876712328767123,-0.2543331578395011,SPY260930C00602000,776.3400268554688,0.009692917716067896,0.037969931251628626
SPY,2026-09-30,call,603.0,173.87,177.17,175.51999999999998,156.5,1.0,22,0.4782156671142578,47,0.12876712328767123,-0.25267340642113684,SPY260930C00603000,776.3400268554688,0.009692917716067896,0.037969931251628626
SPY,2026-09-30,call,605.0,171.89,175.19,173.54,173.77,5.0,4787,0.4738211798095704,47,0.12876712328767123,-0.2493621451174807,SPY260930C00605000,776.3400268554688,0.009692917716067896,0.037969931251628626
SPY,2026-09-30,call,606.0,170.9,174.2,172.55,147.9,2.0,1612,0.47162393615722653,47,0.12876712328767123,-0.2477106170790078,SPY260930C00606000,776.3400268554688,0.009692917716067896,0.037969931251628626
SPY,2026-09-30,call,609.0,137.98,141.49,139.735,135.06,1.0,21,1.0000000000000003e-05,47,0.12876712328767123,-0.24277233543842522,SPY260930C00609000,776.3400268554688,0.009692917716067896,0.037969931251628626
SPY,2026-09-30,call,610.0,166.94,170.24,168.59,168.61,1.0,950,0.4627739270019532,47,0.12876712328767123,-0.24113164598096526,SPY260930C00610000,776.3400268554688,0.009692917716067896,0.037969931251628626
SPY,2026-09-30,call,612.0,136.74,140.19,138.465,86.8,1.0,26,1.0000000000000003e-05,47,0.12876712328767123,-0.23785832063599613,SPY260930C00612000,776.3400268554688,0.009692917716067896,0.037969931251628626
SPY,2026-09-30,call,615.0,161.99,165.29,163.64,128.78,3.0,581,0.451726674194336,47,0.12876712328767123,-0.23296833534180433,SPY260930C00615000,776.3400268554688,0.009692917716067896,0.037969931251628626
SPY,2026-09-30,call,620.0,157.05,160.35,158.7,160.6,1.0,1241,0.4409235595703125,47,0.12876712328767123,-0.224871125109185,SPY260930C00620000,776.3400268554688,0.009692917716067896,0.037969931251628626
SPY,2026-09-30,call,621.0,126.77,130.28,128.525,108.48,26.0,24,1.0000000000000003e-05,47,0.12876712328767123,-0.22325952121484344,SPY260930C00621000,776.3400268554688,0.009692917716067896,0.037969931251628626
SPY,2026-09-30,call,623.0,126.65,130.0,128.325,65.3,14.0,22,1.0000000000000003e-05,47,0.12876712328767123,-0.22004408436086909,SPY260930C00623000,776.3400268554688,0.009692917716067896,0.037969931251628626
SPY,2026-09-30,call,625.0,152.1,155.4,153.75,152.38,1.0,251,0.4298763067626954,47,0.12876712328767123,-0.21683895341192078,SPY260930C00625000,776.3400268554688,0.009692917716067896,0.037969931251628626
SPY,2026-09-30,call,626.0,122.13,125.65,123.89,102.28,1.0,236,1.0000000000000003e-05,47,0.12876712328767123,-0.21524023204822368,SPY260930C00626000,776.3400268554688,0.009692917716067896,0.037969931251628626
SPY,2026-09-30,call,627.0,150.12,153.42,151.76999999999998,124.42,2.0,22,0.42542078491210944,47,0.12876712328767123,-0.21364406251540147,SPY260930C00627000,776.3400268554688,0.009692917716067896,0.037969931251628626
SPY,2026-09-30,call,629.0,131.61,134.71,133.16000000000003,125.32,1.0,215,1.0000000000000003e-05,47,0.12876712328767123,-0.2104593464478817,SPY260930C00629000,776.3400268554688,0.009692917716067896,0.037969931251628626
SPY,2026-09-30,call,630.0,147.16,150.46,148.81,150.67,1.0,806,0.41904267486572266,47,0.12876712328767123,-0.2088707837627438,SPY260930C00630000,776.3400268554688,0.009692917716067896,0.037969931251628626
SPY,2026-09-30,call,631.0,128.44,131.86,130.15,107.6,2.0,766,1.0000000000000003e-05,47,0.12876712328767123,-0.20728474060710908,SPY260930C00631000,776.3400268554688,0.009692917716067896,0.037969931251628626
SPY,2026-09-30,call,632.0,145.18,148.48,146.82999999999998,109.34,1.0,53,0.41461767028808594,47,0.12876712328767123,-0.20570120900146477,SPY260930C00632000,776.3400268554688,0.009692917716067896,0.037969931251628626
SPY,2026-09-30,call,633.0,126.51,129.93,128.22,110.55,1.0,199,1.0000000000000003e-05,47,0.12876712328767123,-0.20412018100414608,SPY260930C00633000,776.3400268554688,0.009692917716067896,0.037969931251628626
SPY,2026-09-30,call,634.0,114.76,118.28,116.52000000000001,91.63,3.0,106,1.0000000000000003e-05,47,0.12876712328767123,-0.2025416487110963,SPY260930C00634000,776.3400268554688,0.009692917716067896,0.037969931251628626
SPY,2026-09-30,call,635.0,142.22,145.52,143.87,112.41,2.0,790,0.4081785256958008,47,0.12876712328767123,-0.20096560425563054,SPY260930C00635000,776.3400268554688,0.009692917716067896,0.037969931251628626
SPY,2026-09-30,call,636.0,141.23,144.53,142.88,109.91,1.0,117,0.40595076477050784,47,0.12876712328767123,-0.19939203980820014,SPY260930C00636000,776.3400268554688,0.009692917716067896,0.037969931251628626
SPY,2026-09-30,call,637.0,112.02,115.53,113.775,93.04,2.0,131,1.0000000000000003e-05,47,0.12876712328767123,-0.19782094757615887,SPY260930C00637000,776.3400268554688,0.009692917716067896,0.037969931251628626
SPY,2026-09-30,call,638.0,106.61,110.12,108.36500000000001,121.69,2.0,125,1.0000000000000003e-05,47,0.12876712328767123,-0.1962523198035323,SPY260930C00638000,776.3400268554688,0.009692917716067896,0.037969931251628626
SPY,2026-09-30,call,639.0,120.74,124.16,122.44999999999999,109.8,1.0,556,1.0000000000000003e-05,47,0.12876712328767123,-0.19468614877078746,SPY260930C00639000,776.3400268554688,0.009692917716067896,0.037969931251628626
SPY,2026-09-30,call,640.0,137.28,140.58,138.93,135.69,4.0,982,0.39728385925292964,47,0.12876712328767123,-0.19312242679460467,SPY260930C00640000,776.3400268554688,0.009692917716067896,0.037969931251628626
SPY,2026-09-30,call,641.0,136.3,139.6,137.95,137.05,5.0,244,0.3953002365112305,47,0.12876712328767123,-0.19156114622765213,SPY260930C00641000,776.3400268554688,0.009692917716067896,0.037969931251628626
SPY,2026-09-30,call,642.0,102.82,106.34,104.58,119.98,2.0,174,1.0000000000000003e-05,47,0.12876712328767123,-0.19000229945836108,SPY260930C00642000,776.3400268554688,0.009692917716067896,0.037969931251628626
SPY,2026-09-30,call,643.0,134.32,137.62,135.97,115.75,1.0,132,0.3908447146606445,47,0.12876712328767123,-0.1884458789107028,SPY260930C00643000,776.3400268554688,0.009692917716067896,0.037969931251628626
SPY,2026-09-30,call,645.0,132.35,135.65,134.0,131.54,1.0,502,0.38660281372070304,47,0.12876712328767123,-0.18534028635254976,SPY260930C00645000,776.3400268554688,0.009692917716067896,0.037969931251628626
SPY,2026-09-30,call,646.0,131.37,134.66,133.015,103.7,2.0,24,0.3843750527954102,47,0.12876712328767123,-0.18379109936572036,SPY260930C00646000,776.3400268554688,0.009692917716067896,0.037969931251628626
SPY,2026-09-30,call,647.0,113.07,116.49,114.78,106.4,1.0,202,1.0000000000000003e-05,47,0.12876712328767123,-0.18224430864742172,SPY260930C00647000,776.3400268554688,0.009692917716067896,0.037969931251628626
SPY,2026-09-30,call,650.0,127.42,130.72,129.07,124.02,1.0,1403,0.3758607336425781,47,0.12876712328767123,-0.17761824025863948,SPY260930C00650000,776.3400268554688,0.009692917716067896,0.037969931251628626
SPY,2026-09-30,call,652.0,93.42,96.93,95.17500000000001,111.15,3.0,17,1.0000000000000003e-05,47,0.12876712328767123,-0.17454604122166922,SPY260930C00652000,776.3400268554688,0.009692917716067896,0.037969931251628626
SPY,2026-09-30,call,653.0,107.34,110.77,109.055,98.59,2.0,25,1.0000000000000003e-05,47,0.12876712328767123,-0.1730134738718912,SPY260930C00653000,776.3400268554688,0.009692917716067896,0.037969931251628626
SPY,2026-09-30,call,654.0,123.48,126.78,125.13,95.91,1.0,34,0.3673158972167969,47,0.12876712328767123,-0.1714832516911235,SPY260930C00654000,776.3400268554688,0.009692917716067896,0.037969931251628626
SPY,2026-09-30,call,655.0,122.5,125.8,124.15,119.68,1.0,230,0.3653017572021484,47,0.12876712328767123,-0.16995536751307025,SPY260930C00655000,776.3400268554688,0.009692917716067896,0.037969931251628626
SPY,2026-09-30,call,656.0,106.28,109.47,107.875,107.73,2.0,53,1.0000000000000003e-05,47,0.12876712328767123,-0.1684298142042332,SPY260930C00656000,776.3400268554688,0.009692917716067896,0.037969931251628626
SPY,2026-09-30,call,657.0,120.53,123.83,122.18,100.74,1.0,10,0.3610293389892578,47,0.12876712328767123,-0.1669065846637117,SPY260930C00657000,776.3400268554688,0.009692917716067896,0.037969931251628626
SPY,2026-09-30,call,659.0,118.57,121.86,120.215,99.6,1.0,49,0.3566958862304687,47,0.12876712328767123,-0.16386706864581502,SPY260930C00659000,776.3400268554688,0.009692917716067896,0.037969931251628626
SPY,2026-09-30,call,660.0,117.58,120.88,119.22999999999999,116.65,1.0,555,0.35468174621582027,47,0.12876712328767123,-0.16235076812785096,SPY260930C00660000,776.3400268554688,0.009692917716067896,0.037969931251628626
SPY,2026-09-30,call,661.0,116.6,119.9,118.25,91.95,1.0,15,0.3526065716552734,47,0.12876712328767123,-0.160836763296636,SPY260930C00661000,776.3400268554688,0.009692917716067896,0.037969931251628626
SPY,2026-09-30,call,662.0,115.62,118.91,117.265,97.74,1.0,15,0.35034829345703117,47,0.12876712328767123,-0.15932504721131402,SPY260930C00662000,776.3400268554688,0.009692917716067896,0.037969931251628626
SPY,2026-09-30,call,663.0,83.21,86.72,84.965,100.65,3.0,69,1.0000000000000003e-05,47,0.12876712328767123,-0.15781561296245966,SPY260930C00663000,776.3400268554688,0.009692917716067896,0.037969931251628626
SPY,2026-09-30,call,664.0,113.65,116.95,115.30000000000001,116.81,1.0,113,0.34622846160888665,47,0.12876712328767123,-0.15630845367188842,SPY260930C00664000,776.3400268554688,0.009692917716067896,0.037969931251628626
SPY,2026-09-30,call,665.0,112.67,115.97,114.32,111.4,4.0,108,0.3441532870483398,47,0.12876712328767123,-0.15480356249246807,SPY260930C00665000,776.3400268554688,0.009692917716067896,0.037969931251628626
SPY,2026-09-30,call,666.0,111.69,114.99,113.34,93.21,8.0,40,0.3421086297607422,47,0.12876712328767123,-0.15330093260793304,SPY260930C00666000,776.3400268554688,0.009692917716067896,0.037969931251628626
SPY,2026-09-30,call,667.0,110.71,114.01,112.36,102.0,1.0,103,0.34003345520019534,47,0.12876712328767123,-0.15180055723269853,SPY260930C00667000,776.3400268554688,0.009692917716067896,0.037969931251628626
SPY,2026-09-30,call,668.0,109.73,113.03,111.38,109.2,1.0,125,0.33792776336669916,47,0.12876712328767123,-0.15030242961167647,SPY260930C00668000,776.3400268554688,0.009692917716067896,0.037969931251628626
SPY,2026-09-30,call,669.0,108.75,112.05,110.4,109.29,1.0,275,0.3358525888061523,47,0.12876712328767123,-0.14880654302009372,SPY260930C00669000,776.3400268554688,0.009692917716067896,0.037969931251628626
SPY,2026-09-30,call,670.0,107.77,111.07,109.41999999999999,110.37,1.0,2859,0.33374689697265625,47,0.12876712328767123,-0.1473128907633105,SPY260930C00670000,776.3400268554688,0.009692917716067896,0.037969931251628626
SPY,2026-09-30,call,671.0,106.79,110.09,108.44,90.99,1.0,67,0.3316717224121094,47,0.12876712328767123,-0.1458214661766404,SPY260930C00671000,776.3400268554688,0.009692917716067896,0.037969931251628626
SPY,2026-09-30,call,672.0,105.81,109.11,107.46000000000001,97.0,1.0,34,0.32959654785156245,47,0.12876712328767123,-0.14433226262517274,SPY260930C00672000,776.3400268554688,0.009692917716067896,0.037969931251628626
SPY,2026-09-30,call,673.0,104.83,108.13,106.47999999999999,81.45,1.0,34,0.3274908560180664,47,0.12876712328767123,-0.14284527350359444,SPY260930C00673000,776.3400268554688,0.009692917716067896,0.037969931251628626
SPY,2026-09-30,call,674.0,103.85,107.15,105.5,80.49,3.0,53,0.3253851641845703,47,0.12876712328767123,-0.14136049223601516,SPY260930C00674000,776.3400268554688,0.009692917716067896,0.037969931251628626
SPY,2026-09-30,call,675.0,102.87,106.17,104.52000000000001,101.54,4.0,429,0.3232794723510741,47,0.12876712328767123,-0.13987791227579244,SPY260930C00675000,776.3400268554688,0.009692917716067896,0.037969931251628626
SPY,2026-09-30,call,676.0,101.9,105.19,103.545,104.46,3.0,43,0.32117378051757806,47,0.12876712328767123,-0.13839752710535813,SPY260930C00676000,776.3400268554688,0.009692917716067896,0.037969931251628626
SPY,2026-09-30,call,677.0,100.92,104.21,102.565,79.4,9.0,274,0.31903757141113276,47,0.12876712328767123,-0.1369193302360472,SPY260930C00677000,776.3400268554688,0.009692917716067896,0.037969931251628626
SPY,2026-09-30,call,678.0,99.94,103.24,101.59,103.97,15.0,29,0.31711498321533205,47,0.12876712328767123,-0.13544331520792668,SPY260930C00678000,776.3400268554688,0.009692917716067896,0.037969931251628626
SPY,2026-09-30,call,679.0,98.96,102.26,100.61,72.5,1.0,89,0.31497877410888664,47,0.12876712328767123,-0.13396947558962607,SPY260930C00679000,776.3400268554688,0.009692917716067896,0.037969931251628626
SPY,2026-09-30,call,680.0,97.99,101.28,99.63499999999999,99.71,1.0,1509,0.31284256500244134,47,0.12876712328767123,-0.1324978049781698,SPY260930C00680000,776.3400268554688,0.009692917716067896,0.037969931251628626
SPY,2026-09-30,call,681.0,97.01,100.31,98.66,97.54,1.0,40,0.3108894595336914,47,0.12876712328767123,-0.13102829699880988,SPY260930C00681000,776.3400268554688,0.009692917716067896,0.037969931251628626
SPY,2026-09-30,call,682.0,96.04,99.33,97.685,81.77,2.0,140,0.3087532504272461,47,0.12876712328767123,-0.1295609453048601,SPY260930C00682000,776.3400268554688,0.009692917716067896,0.037969931251628626
SPY,2026-09-30,call,683.0,95.06,98.36,96.71000000000001,81.55,1.0,155,0.30680014495849606,47,0.12876712328767123,-0.1280957435775321,SPY260930C00683000,776.3400268554688,0.009692917716067896,0.037969931251628626
SPY,2026-09-30,call,684.0,94.09,97.38,95.735,61.43,4.0,59,0.30463341857910153,47,0.12876712328767123,-0.12663268552577178,SPY260930C00684000,776.3400268554688,0.009692917716067896,0.037969931251628626
SPY,2026-09-30,call,685.0,93.11,96.41,94.75999999999999,91.66,31.0,573,0.3026803131103516,47,0.12876712328767123,-0.1251717648860969,SPY260930C00685000,776.3400268554688,0.009692917716067896,0.037969931251628626
SPY,2026-09-30,call,686.0,92.14,95.44,93.78999999999999,62.93,3.0,104,0.3006661730957031,47,0.12876712328767123,-0.12371297542243705,SPY260930C00686000,776.3400268554688,0.009692917716067896,0.037969931251628626
SPY,2026-09-30,call,687.0,91.17,94.46,92.815,91.19,1.0,195,0.29849944671630857,47,0.12876712328767123,-0.12225631092597289,SPY260930C00687000,776.3400268554688,0.009692917716067896,0.037969931251628626
SPY,2026-09-30,call,688.0,90.19,93.49,91.84,70.97,18.0,84,0.29651582397460935,47,0.12876712328767123,-0.12080176521497853,SPY260930C00688000,776.3400268554688,0.009692917716067896,0.037969931251628626
SPY,2026-09-30,call,689.0,89.22,92.52,90.87,89.26,1.0,169,0.2945016839599609,47,0.12876712328767123,-0.11934933213466369,SPY260930C00689000,776.3400268554688,0.009692917716067896,0.037969931251628626
SPY,2026-09-30,call,690.0,88.25,91.55,89.9,86.04,1.0,806,0.2924875439453124,47,0.12876712328767123,-0.11789900555701716,SPY260930C00690000,776.3400268554688,0.009692917716067896,0.037969931251628626
SPY,2026-09-30,call,691.0,87.28,90.58,88.93,86.89,3.0,311,0.290473403930664,47,0.12876712328767123,-0.11645077938065228,SPY260930C00691000,776.3400268554688,0.009692917716067896,0.037969931251628626
SPY,2026-09-30,call,692.0,86.31,89.61,87.96000000000001,66.35,10.0,10,0.2884592639160155,47,0.12876712328767123,-0.11500464753065269,SPY260930C00692000,776.3400268554688,0.009692917716067896,0.037969931251628626
SPY,2026-09-30,call,695.0,83.41,86.7,85.055,80.88,2.0,759,0.28232529205322265,47,0.12876712328767123,-0.11067875758353012,SPY260930C00695000,776.3400268554688,0.009692917716067896,0.037969931251628626
SPY,2026-09-30,call,698.0,80.51,83.81,82.16,65.61,1.0,16,0.2764659756469726,47,0.12876712328767123,-0.10637150038594977,SPY260930C00698000,776.3400268554688,0.009692917716067896,0.037969931251628626
SPY,2026-09-30,call,700.0,78.58,81.88,80.22999999999999,81.42,1.0,1894,0.2724376956176757,47,0.12876712328767123,-0.10351026810491759,SPY260930C00700000,776.3400268554688,0.009692917716067896,0.037969931251628626
SPY,2026-09-30,call,702.0,76.65,79.95,78.30000000000001,75.1,4.0,46,0.2683788983154296,47,0.12876712328767123,-0.10065719912251106,SPY260930C00702000,776.3400268554688,0.009692917716067896,0.037969931251628626
SPY,2026-09-30,call,705.0,73.77,77.07,75.41999999999999,73.0,3.0,941,0.26248906463623045,47,0.12876712328767123,-0.09639280033605352,SPY260930C00705000,776.3400268554688,0.009692917716067896,0.037969931251628626
SPY,2026-09-30,call,710.0,68.99,72.3,70.645,72.88,5.0,968,0.25284560638427733,47,0.12876712328767123,-0.08932563311296109,SPY260930C00710000,776.3400268554688,0.009692917716067896,0.037969931251628626
SPY,2026-09-30,call,711.0,68.04,71.35,69.695,71.99,1.0,16,0.25095353546142574,47,0.12876712328767123,-0.0879181733450814,SPY260930C00711000,776.3400268554688,0.009692917716067896,0.037969931251628626
SPY,2026-09-30,call,715.0,64.24,67.55,65.895,67.23,26.0,1979,0.24320214813232421,47,0.12876712328767123,-0.08230806045431456,SPY260930C00715000,776.3400268554688,0.009692917716067896,0.037969931251628626
SPY,2026-09-30,call,716.0,63.29,66.61,64.95,65.56,21.0,44,0.24137111175537107,47,0.12876712328767123,-0.08091043618767656,SPY260930C00716000,776.3400268554688,0.009692917716067896,0.037969931251628626
SPY,2026-09-30,call,718.0,61.41,64.72,63.065,64.5,3.0,33,0.23752593536376948,47,0.12876712328767123,-0.07812103410009803,SPY260930C00718000,776.3400268554688,0.009692917716067896,0.037969931251628626
SPY,2026-09-30,call,720.0,59.52,62.7,61.11,61.07,10.0,1698,0.2318192053222656,47,0.12876712328767123,-0.07533939113822125,SPY260930C00720000,776.3400268554688,0.009692917716067896,0.037969931251628626
SPY,2026-09-30,call,721.0,58.59,61.91,60.25,46.68,1.0,26,0.2319717916870117,47,0.12876712328767123,-0.07395146586337313,SPY260930C00721000,776.3400268554688,0.009692917716067896,0.037969931251628626
SPY,2026-09-30,call,722.0,57.65,60.97,59.31,59.57,2.0,38,0.23001868621826171,47,0.12876712328767123,-0.07256546425549593,SPY260930C00722000,776.3400268554688,0.009692917716067896,0.037969931251628626
SPY,2026-09-30,call,724.0,55.79,59.11,57.45,56.02,1.0,22,0.22638713073730468,47,0.12876712328767123,-0.06979921076260583,SPY260930C00724000,776.3400268554688,0.009692917716067896,0.037969931251628626
SPY,2026-09-30,call,725.0,54.86,58.18,56.519999999999996,57.28,1.0,1956,0.22452557708740228,47,0.12876712328767123,-0.06841894829364749,SPY260930C00725000,776.3400268554688,0.009692917716067896,0.037969931251628626
SPY,2026-09-30,call,726.0,53.93,57.25,55.59,53.56,1.0,51,0.22266402343749997,47,0.12876712328767123,-0.06704058832352613,SPY260930C00726000,776.3400268554688,0.009692917716067896,0.037969931251628626
SPY,2026-09-30,call,727.0,53.0,56.33,54.665,54.78,3.0,27,0.22089402160644528,47,0.12876712328767123,-0.06566412561480281,SPY260930C00727000,776.3400268554688,0.009692917716067896,0.037969931251628626
SPY,2026-09-30,call,728.0,52.07,55.4,53.735,52.03,1.0,24,0.2189714334106445,47,0.12876712328767123,-0.06428955495163628,SPY260930C00728000,776.3400268554688,0.009692917716067896,0.037969931251628626
SPY,2026-09-30,call,730.0,50.4,53.54,51.97,52.6,1.0,5286,0.21509573974609375,47,0.12876712328767123,-0.06154606900588536,SPY260930C00730000,776.3400268554688,0.009692917716067896,0.037969931251628626
SPY,2026-09-30,call,731.0,49.31,52.65,50.980000000000004,47.56,2.0,78,0.21361565200805666,47,0.12876712328767123,-0.06017714339854374,SPY260930C00731000,776.3400268554688,0.009692917716067896,0.037969931251628626
SPY,2026-09-30,call,732.0,48.4,51.73,50.065,50.98,10.0,340,0.21173883972167967,47,0.12876712328767123,-0.058810089187010646,SPY260930C00732000,776.3400268554688,0.009692917716067896,0.037969931251628626
SPY,2026-09-30,call,733.0,47.49,50.82,49.155,41.81,3.0,138,0.20996883789062498,47,0.12876712328767123,-0.05744490126167067,SPY260930C00733000,776.3400268554688,0.009692917716067896,0.037969931251628626
SPY,2026-09-30,call,734.0,46.58,49.92,48.25,46.82,1.0,60,0.2082751292419433,47,0.12876712328767123,-0.05608157453380666,SPY260930C00734000,776.3400268554688,0.009692917716067896,0.037969931251628626
SPY,2026-09-30,call,735.0,45.68,49.02,47.35,50.28,1.0,754,0.20656616195678706,47,0.12876712328767123,-0.05472010393548552,SPY260930C00735000,776.3400268554688,0.009692917716067896,0.037969931251628626
SPY,2026-09-30,call,736.0,44.77,48.12,46.445,49.32,1.0,234,0.2048419360351562,47,0.12876712328767123,-0.05336048441944603,SPY260930C00736000,776.3400268554688,0.009692917716067896,0.037969931251628626
SPY,2026-09-30,call,737.0,43.88,47.22,45.55,46.17,2.0,97,0.20307193420410152,47,0.12876712328767123,-0.05200271095898563,SPY260930C00737000,776.3400268554688,0.009692917716067896,0.037969931251628626
SPY,2026-09-30,call,738.0,42.98,46.32,44.65,44.84,2.0,161,0.20127141510009766,47,0.12876712328767123,-0.05064677854784969,SPY260930C00738000,776.3400268554688,0.009692917716067896,0.037969931251628626
SPY,2026-09-30,call,739.0,42.09,45.43,43.760000000000005,46.46,1.0,127,0.19956244781494142,47,0.12876712328767123,-0.04929268220012049,SPY260930C00739000,776.3400268554688,0.009692917716067896,0.037969931251628626
SPY,2026-09-30,call,740.0,41.2,44.55,42.875,42.94,10.0,1483,0.1979450323486328,47,0.12876712328767123,-0.047940416950106784,SPY260930C00740000,776.3400268554688,0.009692917716067896,0.037969931251628626
SPY,2026-09-30,call,741.0,40.31,43.66,41.985,44.97,1.0,34,0.19617503051757812,47,0.12876712328767123,-0.046589977852235294,SPY260930C00741000,776.3400268554688,0.009692917716067896,0.037969931251628626
SPY,2026-09-30,call,742.0,39.43,42.78,41.105000000000004,42.0,1.0,217,0.1944965805053711,47,0.12876712328767123,-0.0452413599809418,SPY260930C00742000,776.3400268554688,0.009692917716067896,0.037969931251628626
SPY,2026-09-30,call,743.0,38.55,41.91,40.23,39.0,1.0,246,0.1928791650390625,47,0.12876712328767123,-0.043894558430563044,SPY260930C00743000,776.3400268554688,0.009692917716067896,0.037969931251628626
SPY,2026-09-30,call,744.0,37.68,41.03,39.355000000000004,39.95,10.0,219,0.19112442184448242,47,0.12876712328767123,-0.0425495683152303,SPY260930C00744000,776.3400268554688,0.009692917716067896,0.037969931251628626
SPY,2026-09-30,call,745.0,36.81,40.14,38.475,38.54,60.0,3370,0.18923235092163088,47,0.12876712328767123,-0.041206384768762726,SPY260930C00745000,776.3400268554688,0.009692917716067896,0.037969931251628626
SPY,2026-09-30,call,746.0,35.94,39.31,37.625,37.33,6.0,115,0.18795062545776364,47,0.12876712328767123,-0.03986500294456135,SPY260930C00746000,776.3400268554688,0.009692917716067896,0.037969931251628626
SPY,2026-09-30,call,747.0,35.08,38.45,36.765,37.49,5.0,198,0.18630269271850586,47,0.12876712328767123,-0.03852541801550485,SPY260930C00747000,776.3400268554688,0.009692917716067896,0.037969931251628626
SPY,2026-09-30,call,748.0,34.23,37.6,35.915,37.13,1.0,235,0.18473105316162108,47,0.12876712328767123,-0.03718762517384499,SPY260930C00748000,776.3400268554688,0.009692917716067896,0.037969931251628626
SPY,2026-09-30,call,749.0,33.38,36.75,35.065,34.52,2.0,183,0.18311363769531247,47,0.12876712328767123,-0.03585161963110271,SPY260930C00749000,776.3400268554688,0.009692917716067896,0.037969931251628626
SPY,2026-09-30,call,750.0,33.3,35.88,34.59,33.97,42.0,3676,0.18123682540893554,47,0.12876712328767123,-0.03451739661796614,SPY260930C00750000,776.3400268554688,0.009692917716067896,0.037969931251628626
SPY,2026-09-30,call,751.0,31.7,35.08,33.39,31.75,26.0,495,0.18006191040039063,47,0.12876712328767123,-0.033184951384187485,SPY260930C00751000,776.3400268554688,0.009692917716067896,0.037969931251628626
SPY,2026-09-30,call,752.0,30.87,34.25,32.56,34.14,9.0,481,0.1785207881164551,47,0.12876712328767123,-0.03185427919848236,SPY260930C00752000,776.3400268554688,0.009692917716067896,0.037969931251628626
SPY,2026-09-30,call,753.0,30.04,33.42,31.73,34.2,4.0,355,0.17693388992309572,47,0.12876712328767123,-0.03052537534842868,SPY260930C00753000,776.3400268554688,0.009692917716067896,0.037969931251628626
SPY,2026-09-30,call,754.0,29.22,32.6,30.91,31.49,2.0,379,0.1754080262756348,47,0.12876712328767123,-0.029198235140366145,SPY260930C00754000,776.3400268554688,0.009692917716067896,0.037969931251628626
SPY,2026-09-30,call,755.0,28.81,31.2,30.005,30.17,51.0,3223,0.16803810485839848,47,0.12876712328767123,-0.027872853899297473,SPY260930C00755000,776.3400268554688,0.009692917716067896,0.037969931251628626
SPY,2026-09-30,call,756.0,27.61,30.99,29.299999999999997,30.72,1.0,1024,0.172508885345459,47,0.12876712328767123,-0.026549226968789252,SPY260930C00756000,776.3400268554688,0.009692917716067896,0.037969931251628626
SPY,2026-09-30,call,757.0,26.81,30.2,28.505,30.55,1.0,281,0.17112034942626952,47,0.12876712328767123,-0.025227349710873433,SPY260930C00757000,776.3400268554688,0.009692917716067896,0.037969931251628626
SPY,2026-09-30,call,758.0,26.01,29.41,27.71,27.94,8.0,142,0.16968603759765627,47,0.12876712328767123,-0.02390721750595051,SPY260930C00758000,776.3400268554688,0.009692917716067896,0.037969931251628626
SPY,2026-09-30,call,759.0,25.23,28.62,26.925,30.18,10.0,724,0.16820594985961917,47,0.12876712328767123,-0.022588825752692315,SPY260930C00759000,776.3400268554688,0.009692917716067896,0.037969931251628626
SPY,2026-09-30,call,760.0,24.84,27.35,26.095,26.17,25.0,1713,0.16205671936035154,47,0.12876712328767123,-0.021272169867945435,SPY260930C00760000,776.3400268554688,0.009692917716067896,0.037969931251628626
SPY,2026-09-30,call,761.0,23.68,27.09,25.384999999999998,26.94,1.0,1533,0.16553568847656253,47,0.12876712328767123,-0.019957245286636435,SPY260930C00761000,776.3400268554688,0.009692917716067896,0.037969931251628626
SPY,2026-09-30,call,762.0,22.92,26.33,24.625,25.51,38.0,969,0.16416241119384767,47,0.12876712328767123,-0.01864404746167596,SPY260930C00762000,776.3400268554688,0.009692917716067896,0.037969931251628626
SPY,2026-09-30,call,763.0,22.17,25.58,23.875,25.84,15.0,150,0.16283490982055665,47,0.12876712328767123,-0.017332571863865186,SPY260930C00763000,776.3400268554688,0.009692917716067896,0.037969931251628626
SPY,2026-09-30,call,764.0,21.43,24.84,23.134999999999998,25.2,10.0,317,0.1615226670837402,47,0.12876712328767123,-0.016022813981801772,SPY260930C00764000,776.3400268554688,0.009692917716067896,0.037969931251628626
SPY,2026-09-30,call,765.0,21.25,23.0,22.125,22.55,10.0,2150,0.14994136199951175,47,0.12876712328767123,-0.014714769321786385,SPY260930C00765000,776.3400268554688,0.009692917716067896,0.037969931251628626
SPY,2026-09-30,call,766.0,19.97,23.39,21.68,21.63,1.0,502,0.1590049920654297,47,0.12876712328767123,-0.013408433407730883,SPY260930C00766000,776.3400268554688,0.009692917716067896,0.037969931251628626
SPY,2026-09-30,call,767.0,19.66,22.08,20.869999999999997,20.9,21.0,266,0.15227593338012696,47,0.12876712328767123,-0.012103801781066067,SPY260930C00767000,776.3400268554688,0.009692917716067896,0.037969931251628626
SPY,2026-09-30,call,768.0,19.19,21.19,20.19,20.5,5.0,185,0.14936153381347655,47,0.12876712328767123,-0.010800870000650047,SPY260930C00768000,776.3400268554688,0.009692917716067896,0.037969931251628626
SPY,2026-09-30,call,769.0,18.51,20.49,19.5,20.26,45.0,499,0.14812558425903322,47,0.12876712328767123,-0.009499633642678198,SPY260930C00769000,776.3400268554688,0.009692917716067896,0.037969931251628626
SPY,2026-09-30,call,770.0,17.85,19.01,18.43,19.06,15.0,1305,0.13974859283447266,47,0.12876712328767123,-0.008200088300592712,SPY260930C00770000,776.3400268554688,0.009692917716067896,0.037969931251628626
SPY,2026-09-30,call,771.0,17.19,19.14,18.165,18.31,19.0,193,0.1458825646972656,47,0.12876712328767123,-0.006902229584992715,SPY260930C00771000,776.3400268554688,0.009692917716067896,0.037969931251628626
SPY,2026-09-30,call,772.0,16.55,18.47,17.509999999999998,17.67,43.0,632,0.14467713241577146,47,0.12876712328767123,-0.0056060531235459935,SPY260930C00772000,776.3400268554688,0.009692917716067896,0.037969931251628626
SPY,2026-09-30,call,773.0,15.92,17.82,16.87,17.48,32.0,538,0.14357851058959958,47,0.12876712328767123,-0.004311554560900275,SPY260930C00773000,776.3400268554688,0.009692917716067896,0.037969931251628626
SPY,2026-09-30,call,774.0,15.31,17.19,16.25,17.04,31.0,218,0.1425714405822754,47,0.12876712328767123,-0.00301872955859508,SPY260930C00774000,776.3400268554688,0.009692917716067896,0.037969931251628626
SPY,2026-09-30,call,775.0,15.58,15.64,15.61,15.72,98.0,3412,0.13327893096923826,47,0.12876712328767123,-0.0017275737949752719,SPY260930C00775000,776.3400268554688,0.009692917716067896,0.037969931251628626
SPY,2026-09-30,call,776.0,14.98,15.04,15.01,15.2,130.0,667,0.13239393005371097,47,0.12876712328767123,-0.00043808296510347664,SPY260930C00776000,776.3400268554688,0.009692917716067896,0.037969931251628626
SPY,2026-09-30,call,777.0,14.39,14.45,14.42,14.54,43.0,447,0.13147841186523437,47,0.12876712328767123,0.0008497472193252538,SPY260930C00777000,776.3400268554688,0.009692917716067896,0.037969931251628626
SPY,2026-09-30,call,778.0,13.82,13.87,13.844999999999999,13.95,90.0,720,0.1305781523132324,47,0.12876712328767123,0.002135921030069344,SPY260930C00778000,776.3400268554688,0.009692917716067896,0.037969931251628626
SPY,2026-09-30,call,779.0,13.26,13.31,13.285,13.47,133.0,622,0.1297541859436035,47,0.12876712328767123,0.0034204427224261563,SPY260930C00779000,776.3400268554688,0.009692917716067896,0.037969931251628626
SPY,2026-09-30,call,780.0,12.71,12.76,12.735,12.87,169.0,3181,0.1289149609375,47,0.12876712328767123,0.004703316535315243,SPY260930C00780000,776.3400268554688,0.009692917716067896,0.037969931251628626
SPY,2026-09-30,call,781.0,12.17,12.22,12.195,12.15,33.0,616,0.12806047729492187,47,0.12876712328767123,0.005984546691363716,SPY260930C00781000,776.3400268554688,0.009692917716067896,0.037969931251628626
SPY,2026-09-30,call,782.0,11.65,11.7,11.675,11.7,3.0,400,0.12729754547119143,47,0.12876712328767123,0.007264137396988761,SPY260930C00782000,776.3400268554688,0.009692917716067896,0.037969931251628626
SPY,2026-09-30,call,783.0,11.14,11.19,11.165,11.28,17.0,457,0.12651935501098632,47,0.12876712328767123,0.008542092842480932,SPY260930C00783000,776.3400268554688,0.009692917716067896,0.037969931251628626
SPY,2026-09-30,call,784.0,10.65,10.7,10.675,10.83,3.0,641,0.1258021990966797,47,0.12876712328767123,0.009818417202085608,SPY260930C00784000,776.3400268554688,0.009692917716067896,0.037969931251628626
SPY,2026-09-30,call,785.0,10.17,10.22,10.195,10.36,163.0,999,0.12508504318237307,47,0.12876712328767123,0.011093114634086122,SPY260930C00785000,776.3400268554688,0.009692917716067896,0.037969931251628626
SPY,2026-09-30,call,786.0,9.7,9.75,9.725,9.86,203.0,20680,0.1243373699951172,47,0.12876712328767123,0.012366189280884383,SPY260930C00786000,776.3400268554688,0.009692917716067896,0.037969931251628626
SPY,2026-09-30,call,787.0,9.25,9.3,9.275,9.42,9.0,270,0.12366598999023437,47,0.12876712328767123,0.013637645269080996,SPY260930C00787000,776.3400268554688,0.009692917716067896,0.037969931251628626
SPY,2026-09-30,call,788.0,8.81,8.86,8.835,9.01,4.0,609,0.12299460998535157,47,0.12876712328767123,0.014907486709556824,SPY260930C00788000,776.3400268554688,0.009692917716067896,0.037969931251628626
SPY,2026-09-30,call,789.0,8.39,8.44,8.415,8.53,2.0,890,0.1223842645263672,47,0.12876712328767123,0.016175717697552088,SPY260930C00789000,776.3400268554688,0.009692917716067896,0.037969931251628626
SPY,2026-09-30,call,790.0,7.98,8.03,8.004999999999999,8.01,112.0,5986,0.12175866043090822,47,0.12876712328767123,0.017442342312744955,SPY260930C00790000,776.3400268554688,0.009692917716067896,0.037969931251628626
SPY,2026-09-30,call,791.0,7.59,7.63,7.609999999999999,8.25,1.0,521,0.1211025390625,47,0.12876712328767123,0.01870736461933158,SPY260930C00791000,776.3400268554688,0.009692917716067896,0.037969931251628626
SPY,2026-09-30,call,792.0,7.21,7.25,7.23,7.42,11.0,455,0.12055322814941406,47,0.12876712328767123,0.01997078866610371,SPY260930C00792000,776.3400268554688,0.009692917716067896,0.037969931251628626
SPY,2026-09-30,call,793.0,6.84,6.88,6.859999999999999,7.11,18.0,295,0.11995814132690427,47,0.12876712328767123,0.02123261848652577,SPY260930C00793000,776.3400268554688,0.009692917716067896,0.037969931251628626
SPY,2026-09-30,call,794.0,6.49,6.53,6.51,6.54,4.0,2034,0.11945460632324219,47,0.12876712328767123,0.022492858098813438,SPY260930C00794000,776.3400268554688,0.009692917716067896,0.037969931251628626
SPY,2026-09-30,call,795.0,6.15,6.19,6.17,6.26,32.0,1943,0.11893581268310546,47,0.12876712328767123,0.023751511506009765,SPY260930C00795000,776.3400268554688,0.009692917716067896,0.037969931251628626
SPY,2026-09-30,call,796.0,5.82,5.86,5.84,6.01,10.0,311,0.11840176040649414,47,0.12876712328767123,0.025008582696060808,SPY260930C00796000,776.3400268554688,0.009692917716067896,0.037969931251628626
SPY,2026-09-30,call,797.0,5.51,5.54,5.525,5.65,2.0,300,0.1178524494934082,47,0.12876712328767123,0.026264075641892762,SPY260930C00797000,776.3400268554688,0.009692917716067896,0.037969931251628626
SPY,2026-09-30,call,798.0,5.21,5.24,5.225,5.29,10.0,421,0.11740994903564453,47,0.12876712328767123,0.027517994301486638,SPY260930C00798000,776.3400268554688,0.009692917716067896,0.037969931251628626
SPY,2026-09-30,call,799.0,4.92,4.95,4.9350000000000005,5.0,8.0,401,0.11692167266845702,47,0.12876712328767123,0.028770342617952468,SPY260930C00799000,776.3400268554688,0.009692917716067896,0.037969931251628626
SPY,2026-09-30,call,800.0,4.65,4.68,4.665,4.64,869.0,93431,0.11655546539306641,47,0.12876712328767123,0.03002112451960503,SPY260930C00800000,776.3400268554688,0.009692917716067896,0.037969931251628626
SPY,2026-09-30,call,801.0,4.38,4.41,4.395,4.52,5.0,607,0.11608244766235351,47,0.12876712328767123,0.0312703439200371,SPY260930C00801000,776.3400268554688,0.009692917716067896,0.037969931251628626
SPY,2026-09-30,call,802.0,4.13,4.16,4.145,4.08,20.0,449,0.11570098175048829,47,0.12876712328767123,0.03251800471819231,SPY260930C00802000,776.3400268554688,0.009692917716067896,0.037969931251628626
SPY,2026-09-30,call,803.0,3.89,3.92,3.9050000000000002,3.95,4.0,2385,0.11533477447509766,47,0.12876712328767123,0.03376411079843941,SPY260930C00803000,776.3400268554688,0.009692917716067896,0.037969931251628626
SPY,2026-09-30,call,804.0,3.66,3.69,3.675,3.69,172.0,398,0.11493804992675781,47,0.12876712328767123,0.03500866603064426,SPY260930C00804000,776.3400268554688,0.009692917716067896,0.037969931251628626
SPY,2026-09-30,call,805.0,3.45,3.47,3.46,3.45,117.0,2881,0.1145718426513672,47,0.12876712328767123,0.03625167427024119,SPY260930C00805000,776.3400268554688,0.009692917716067896,0.037969931251628626
SPY,2026-09-30,call,806.0,3.24,3.27,3.255,3.52,3.0,638,0.11432770446777345,47,0.12876712328767123,0.03749313935830604,SPY260930C00806000,776.3400268554688,0.009692917716067896,0.037969931251628626
SPY,2026-09-30,call,807.0,3.04,3.07,3.0549999999999997,3.14,1274.0,395,0.11399201446533203,47,0.12876712328767123,0.03873306512162648,SPY260930C00807000,776.3400268554688,0.009692917716067896,0.037969931251628626
SPY,2026-09-30,call,808.0,2.86,2.88,2.87,3.02,60.0,236,0.113641065826416,47,0.12876712328767123,0.039971455372773204,SPY260930C00808000,776.3400268554688,0.009692917716067896,0.037969931251628626
SPY,2026-09-30,call,809.0,2.68,2.71,2.6950000000000003,2.94,191.0,143,0.1134732208251953,47,0.12876712328767123,0.04120831391016945,SPY260930C00809000,776.3400268554688,0.009692917716067896,0.037969931251628626
SPY,2026-09-30,call,810.0,2.51,2.54,2.525,2.59,316.0,2789,0.11316804809570313,47,0.12876712328767123,0.04244364451816214,SPY260930C00810000,776.3400268554688,0.009692917716067896,0.037969931251628626
SPY,2026-09-30,call,811.0,2.35,2.38,2.365,2.44,323.0,382,0.11289339263916015,47,0.12876712328767123,0.043677450967090754,SPY260930C00811000,776.3400268554688,0.009692917716067896,0.037969931251628626
SPY,2026-09-30,call,812.0,2.21,2.23,2.2199999999999998,2.34,433.0,105,0.1126492544555664,47,0.12876712328767123,0.04490973701335572,SPY260930C00812000,776.3400268554688,0.009692917716067896,0.037969931251628626
SPY,2026-09-30,call,813.0,2.06,2.09,2.075,2.15,7.0,74,0.11246615081787109,47,0.12876712328767123,0.04614050639948829,SPY260930C00813000,776.3400268554688,0.009692917716067896,0.037969931251628626
SPY,2026-09-30,call,814.0,1.93,1.96,1.9449999999999998,1.93,104.0,814,0.11231356445312499,47,0.12876712328767123,0.04736976285421814,SPY260930C00814000,776.3400268554688,0.009692917716067896,0.037969931251628626
SPY,2026-09-30,call,815.0,1.81,1.83,1.82,1.81,87.0,857,0.11206942626953123,47,0.12876712328767123,0.048597510092540486,SPY260930C00815000,776.3400268554688,0.009692917716067896,0.037969931251628626
SPY,2026-09-30,call,816.0,1.69,1.71,1.7,1.75,16.0,348,0.1118558053588867,47,0.12876712328767123,0.04982375181578472,SPY260930C00816000,776.3400268554688,0.009692917716067896,0.037969931251628626
SPY,2026-09-30,call,817.0,1.58,1.6,1.59,1.64,15.0,120,0.11173373626708984,47,0.12876712328767123,0.05104849171168074,SPY260930C00817000,776.3400268554688,0.009692917716067896,0.037969931251628626
SPY,2026-09-30,call,818.0,1.47,1.5,1.4849999999999999,1.45,4.0,74,0.11170321899414062,47,0.12876712328767123,0.05227173345442484,SPY260930C00818000,776.3400268554688,0.009692917716067896,0.037969931251628626
SPY,2026-09-30,call,819.0,1.38,1.4,1.39,1.41,2.0,91,0.1115201153564453,47,0.12876712328767123,0.05349348070474714,SPY260930C00819000,776.3400268554688,0.009692917716067896,0.037969931251628626
SPY,2026-09-30,call,820.0,1.29,1.31,1.3,1.3,378.0,2313,0.11145908081054687,47,0.12876712328767123,0.05471373710997666,SPY260930C00820000,776.3400268554688,0.009692917716067896,0.037969931251628626
SPY,2026-09-30,call,821.0,1.2,1.22,1.21,1.27,12.0,85,0.11130649444580076,47,0.12876712328767123,0.05593250630410601,SPY260930C00821000,776.3400268554688,0.009692917716067896,0.037969931251628626
SPY,2026-09-30,call,822.0,1.12,1.14,1.13,1.52,3.0,109,0.11124545989990234,47,0.12876712328767123,0.05714979190785764,SPY260930C00822000,776.3400268554688,0.009692917716067896,0.037969931251628626
SPY,2026-09-30,call,823.0,1.05,1.07,1.06,1.1,5.0,68,0.11133701171874999,47,0.12876712328767123,0.058365597528747676,SPY260930C00823000,776.3400268554688,0.009692917716067896,0.037969931251628626
SPY,2026-09-30,call,824.0,0.98,1.0,0.99,0.98,307.0,469,0.11133701171874999,47,0.12876712328767123,0.059579926761149496,SPY260930C00824000,776.3400268554688,0.009692917716067896,0.037969931251628626
SPY,2026-09-30,call,825.0,0.91,0.93,0.92,0.92,193.0,71326,0.11121494262695311,47,0.12876712328767123,0.060792783186358716,SPY260930C00825000,776.3400268554688,0.009692917716067896,0.037969931251628626
SPY,2026-09-30,call,826.0,0.85,0.87,0.86,0.85,3.0,32,0.11121494262695311,47,0.12876712328767123,0.06200417037265594,SPY260930C00826000,776.3400268554688,0.009692917716067896,0.037969931251628626
SPY,2026-09-30,call,827.0,0.8,0.81,0.805,0.79,91.0,104,0.11115390808105467,47,0.12876712328767123,0.06321409187536912,SPY260930C00827000,776.3400268554688,0.009692917716067896,0.037969931251628626
SPY,2026-09-30,call,828.0,0.74,0.76,0.75,1.02,70.0,1073,0.11133701171874999,47,0.12876712328767123,0.06442255123693744,SPY260930C00828000,776.3400268554688,0.009692917716067896,0.037969931251628626
SPY,2026-09-30,call,829.0,0.7,0.71,0.705,0.69,1.0,350,0.11133701171874999,47,0.12876712328767123,0.06562955198697286,SPY260930C00829000,776.3400268554688,0.009692917716067896,0.037969931251628626
SPY,2026-09-30,call,830.0,0.65,0.67,0.66,0.67,221.0,1522,0.11164218444824218,47,0.12876712328767123,0.06683509764232143,SPY260930C00830000,776.3400268554688,0.009692917716067896,0.037969931251628626
SPY,2026-09-30,call,831.0,0.61,0.63,0.62,0.76,1.0,158,0.11182528808593749,47,0.12876712328767123,0.06803919170712594,SPY260930C00831000,776.3400268554688,0.009692917716067896,0.037969931251628626
SPY,2026-09-30,call,832.0,0.57,0.59,0.58,0.76,131.0,190,0.11200839172363279,47,0.12876712328767123,0.06924183767288628,SPY260930C00832000,776.3400268554688,0.009692917716067896,0.037969931251628626
SPY,2026-09-30,call,833.0,0.53,0.55,0.54,0.78,126.0,222,0.11200839172363279,47,0.12876712328767123,0.07044303901852052,SPY260930C00833000,776.3400268554688,0.009692917716067896,0.037969931251628626
SPY,2026-09-30,call,834.0,0.5,0.52,0.51,0.51,791.0,802,0.11237459899902343,47,0.12876712328767123,0.07164279921042452,SPY260930C00834000,776.3400268554688,0.009692917716067896,0.037969931251628626
SPY,2026-09-30,call,835.0,0.47,0.48,0.475,0.48,194.0,960,0.11219149536132811,47,0.12876712328767123,0.07284112170253318,SPY260930C00835000,776.3400268554688,0.009692917716067896,0.037969931251628626
SPY,2026-09-30,call,836.0,0.44,0.46,0.45,0.48,1.0,45,0.1128018408203125,47,0.12876712328767123,0.07403800993637946,SPY260930C00836000,776.3400268554688,0.009692917716067896,0.037969931251628626
SPY,2026-09-30,call,837.0,0.41,0.43,0.42,0.62,122.0,359,0.11292390991210938,47,0.12876712328767123,0.07523346734115309,SPY260930C00837000,776.3400268554688,0.009692917716067896,0.037969931251628626
SPY,2026-09-30,call,838.0,0.39,0.4,0.395,0.45,5.0,725,0.11298494445800782,47,0.12876712328767123,0.07642749733376074,SPY260930C00838000,776.3400268554688,0.009692917716067896,0.037969931251628626
SPY,2026-09-30,call,839.0,0.37,0.38,0.375,0.51,1.0,686,0.11341218627929686,47,0.12876712328767123,0.07762010331888401,SPY260930C00839000,776.3400268554688,0.009692917716067896,0.037969931251628626
SPY,2026-09-30,call,840.0,0.34,0.36,0.35,0.35,43.0,665,0.1137783935546875,47,0.12876712328767123,0.07881128868903707,SPY260930C00840000,776.3400268554688,0.009692917716067896,0.037969931251628626
SPY,2026-09-30,call,841.0,0.33,0.34,0.335,0.41,2.0,91,0.11414460083007813,47,0.12876712328767123,0.08000105682462576,SPY260930C00841000,776.3400268554688,0.009692917716067896,0.037969931251628626
SPY,2026-09-30,call,842.0,0.31,0.32,0.315,0.41,1.0,330,0.11438873901367189,47,0.12876712328767123,0.08118941109400457,SPY260930C00842000,776.3400268554688,0.009692917716067896,0.037969931251628626
SPY,2026-09-30,call,843.0,0.29,0.3,0.295,0.28,2.0,689,0.11463287719726564,47,0.12876712328767123,0.08237635485353324,SPY260930C00843000,776.3400268554688,0.009692917716067896,0.037969931251628626
SPY,2026-09-30,call,845.0,0.26,0.27,0.265,0.27,4.0,423,0.11548736083984376,47,0.12876712328767123,0.0847460242088517,SPY260930C00845000,776.3400268554688,0.009692917716067896,0.037969931251628626
SPY,2026-09-30,call,846.0,0.24,0.26,0.25,0.34,1.0,31,0.11609770629882812,47,0.12876712328767123,0.08592875645790107,SPY260930C00846000,776.3400268554688,0.009692917716067896,0.037969931251628626
SPY,2026-09-30,call,847.0,0.23,0.24,0.235,0.41,11.0,35,0.11609770629882812,47,0.12876712328767123,0.08711009150373211,SPY260930C00847000,776.3400268554688,0.009692917716067896,0.037969931251628626
SPY,2026-09-30,call,848.0,0.22,0.23,0.225,0.33,1.0,297,0.1167080517578125,47,0.12876712328767123,0.08829003264358093,SPY260930C00848000,776.3400268554688,0.009692917716067896,0.037969931251628626
SPY,2026-09-30,call,849.0,0.21,0.22,0.215,1.05,14.0,96,0.117196328125,47,0.12876712328767123,0.08946858316302511,SPY260930C00849000,776.3400268554688,0.009692917716067896,0.037969931251628626
SPY,2026-09-30,call,850.0,0.2,0.21,0.20500000000000002,0.21,43.0,5470,0.1176846044921875,47,0.12876712328767123,0.09064574633603988,SPY260930C00850000,776.3400268554688,0.009692917716067896,0.037969931251628626
SPY,2026-09-30,call,851.0,0.19,0.2,0.195,0.32,1.0,35,0.118172880859375,47,0.12876712328767123,0.09182152542505201,SPY260930C00851000,776.3400268554688,0.009692917716067896,0.037969931251628626
SPY,2026-09-30,call,852.0,0.18,0.19,0.185,0.27,506.0,506,0.11853908813476563,47,0.12876712328767123,0.09299592368099353,SPY260930C00852000,776.3400268554688,0.009692917716067896,0.037969931251628626
SPY,2026-09-30,call,853.0,0.17,0.18,0.175,0.89,15.0,25,0.11890529541015624,47,0.12876712328767123,0.09416894434335686,SPY260930C00853000,776.3400268554688,0.009692917716067896,0.037969931251628626
SPY,2026-09-30,call,854.0,0.16,0.17,0.165,0.17,1.0,177,0.11927150268554687,47,0.12876712328767123,0.09534059064024775,SPY260930C00854000,776.3400268554688,0.009692917716067896,0.037969931251628626
SPY,2026-09-30,call,855.0,0.15,0.16,0.155,0.15,2.0,329,0.11951564086914063,47,0.12876712328767123,0.09651086578843802,SPY260930C00855000,776.3400268554688,0.009692917716067896,0.037969931251628626
SPY,2026-09-30,call,856.0,0.15,0.16,0.155,0.14,68.0,39,0.12085840087890626,47,0.12876712328767123,0.09767977299341984,SPY260930C00856000,776.3400268554688,0.009692917716067896,0.037969931251628626
SPY,2026-09-30,call,857.0,0.14,0.15,0.14500000000000002,0.22,4.0,172,0.12085840087890626,47,0.12876712328767123,0.09884731544945748,SPY260930C00857000,776.3400268554688,0.009692917716067896,0.037969931251628626
SPY,2026-09-30,call,858.0,0.13,0.14,0.135,0.3,4.0,817,0.1211025390625,47,0.12876712328767123,0.1000134963396401,SPY260930C00858000,776.3400268554688,0.009692917716067896,0.037969931251628626
SPY,2026-09-30,call,859.0,0.13,0.14,0.135,0.22,1.0,837,0.12232322998046877,47,0.12876712328767123,0.10117831883593313,SPY260930C00859000,776.3400268554688,0.009692917716067896,0.037969931251628626
SPY,2026-09-30,call,860.0,0.12,0.13,0.125,0.17,27.0,750,0.12232322998046877,47,0.12876712328767123,0.10234178609923111,SPY260930C00860000,776.3400268554688,0.009692917716067896,0.037969931251628626
SPY,2026-09-30,call,865.0,0.1,0.11,0.10500000000000001,0.18,2.0,3565,0.12549702636718751,47,0.12876712328767123,0.10813890378355709,SPY260930C00865000,776.3400268554688,0.009692917716067896,0.037969931251628626
SPY,2026-09-30,call,870.0,0.08,0.09,0.08499999999999999,0.08,3.0,1553,0.12842668457031248,47,0.12876712328767123,0.11390260850030726,SPY260930C00870000,776.3400268554688,0.009692917716067896,0.037969931251628626
SPY,2026-09-30,call,875.0,0.07,0.08,0.07500000000000001,0.08,1.0,752,0.13208875732421876,47,0.12876712328767123,0.11963328320929216,SPY260930C00875000,776.3400268554688,0.009692917716067896,0.037969931251628626
SPY,2026-09-30,call,880.0,0.05,0.07,0.060000000000000005,0.09,6.0,935,0.13575083007812502,47,0.12876712328767123,0.12533130432392997,SPY260930C00880000,776.3400268554688,0.009692917716067896,0.037969931251628626
SPY,2026-09-30,call,885.0,0.05,0.06,0.055,0.11,13.0,552,0.13868048828125001,47,0.12876712328767123,0.1309970418596072,SPY260930C00885000,776.3400268554688,0.009692917716067896,0.037969931251628626
SPY,2026-09-30,call,890.0,0.04,0.05,0.045,0.06,5.0,560,0.14112187011718752,47,0.12876712328767123,0.1366308595778633,SPY260930C00890000,776.3400268554688,0.009692917716067896,0.037969931251628626
SPY,2026-09-30,call,895.0,0.03,0.04,0.035,0.07,2.0,4432,0.1430749755859375,47,0.12876712328767123,0.14223311512653322,SPY260930C00895000,776.3400268554688,0.009692917716067896,0.037969931251628626
SPY,2026-09-30,call,900.0,0.03,0.04,0.035,0.04,1.0,3918,0.14795773925781253,47,0.12876712328767123,0.1478041601759885,SPY260930C00900000,776.3400268554688,0.009692917716067896,0.037969931251628626
SPY,2026-09-30,put,525.0,0.17,0.18,0.175,0.18,3.0,1249,0.42627526855468756,47,0.12876712328767123,-0.39119234055669855,SPY260930P00525000,776.3400268554688,0.009692917716067896,0.037969931251628626
SPY,2026-09-30,put,530.0,0.18,0.2,0.19,0.19,2.0,1025,0.42188078125,47,0.12876712328767123,-0.3817135966021546,SPY260930P00530000,776.3400268554688,0.009692917716067896,0.037969931251628626
SPY,2026-09-30,put,535.0,0.2,0.21,0.20500000000000002,0.2,13.0,300905,0.415044912109375,47,0.12876712328767123,-0.3723238562523156,SPY260930P00535000,776.3400268554688,0.009692917716067896,0.037969931251628626
SPY,2026-09-30,put,540.0,0.21,0.22,0.215,0.28,1.0,1937,0.40772076660156253,47,0.12876712328767123,-0.36302146359000215,SPY260930P00540000,776.3400268554688,0.009692917716067896,0.037969931251628626
SPY,2026-09-30,put,545.0,0.22,0.24,0.22999999999999998,0.24,2.0,790,0.40259386474609377,47,0.12876712328767123,-0.35380480848507817,SPY260930P00545000,776.3400268554688,0.009692917716067896,0.037969931251628626
SPY,2026-09-30,put,550.0,0.24,0.25,0.245,0.24,1.0,1880,0.39502558105468755,47,0.12876712328767123,-0.34467232492180566,SPY260930P00550000,776.3400268554688,0.009692917716067896,0.037969931251628626
SPY,2026-09-30,put,555.0,0.26,0.27,0.265,0.27,32.0,1045,0.38941040283203127,47,0.12876712328767123,-0.33562248940188766,SPY260930P00555000,776.3400268554688,0.009692917716067896,0.037969931251628626
SPY,2026-09-30,put,560.0,0.27,0.28,0.275,0.28,22.0,1220,0.38184211914062494,47,0.12876712328767123,-0.32665381941912724,SPY260930P00560000,776.3400268554688,0.009692917716067896,0.037969931251628626
SPY,2026-09-30,put,565.0,0.29,0.3,0.295,0.3,7.0,536,0.37573866455078125,47,0.12876712328767123,-0.31776487200188125,SPY260930P00565000,776.3400268554688,0.009692917716067896,0.037969931251628626
SPY,2026-09-30,put,570.0,0.31,0.32,0.315,0.34,10.0,1881,0.36939107177734376,47,0.12876712328767123,-0.3089542423197264,SPY260930P00570000,776.3400268554688,0.009692917716067896,0.037969931251628626
SPY,2026-09-30,put,575.0,0.33,0.34,0.335,0.34,1.0,1287,0.36304347900390627,47,0.12876712328767123,-0.30022056235097183,SPY260930P00575000,776.3400268554688,0.009692917716067896,0.037969931251628626
SPY,2026-09-30,put,580.0,0.35,0.36,0.355,0.37,7.0,2519,0.35645174804687496,47,0.12876712328767123,-0.29156249960785713,SPY260930P00580000,776.3400268554688,0.009692917716067896,0.037969931251628626
SPY,2026-09-30,put,585.0,0.38,0.39,0.385,0.39,2.0,693,0.3508365698242187,47,0.12876712328767123,-0.2829787559164657,SPY260930P00585000,776.3400268554688,0.009692917716067896,0.037969931251628626
SPY,2026-09-30,put,590.0,0.4,0.41,0.405,0.44,9.0,1477,0.3437565625,47,0.12876712328767123,-0.2744680662485571,SPY260930P00590000,776.3400268554688,0.009692917716067896,0.037969931251628626
SPY,2026-09-30,put,594.0,0.42,0.43,0.425,0.55,1.0,223,0.3386296606445312,47,0.12876712328767123,-0.2677112837856772,SPY260930P00594000,776.3400268554688,0.009692917716067896,0.037969931251628626
SPY,2026-09-30,put,595.0,0.43,0.44,0.435,0.44,4.0,518,0.33789724609375,47,0.12876712328767123,-0.2660291976026925,SPY260930P00595000,776.3400268554688,0.009692917716067896,0.037969931251628626
SPY,2026-09-30,put,596.0,0.44,0.45,0.445,0.59,1.0,94,0.336920693359375,47,0.12876712328767123,-0.2643499360829724,SPY260930P00596000,776.3400268554688,0.009692917716067896,0.037969931251628626
SPY,2026-09-30,put,597.0,0.44,0.45,0.445,0.45,168.0,20322,0.33521172607421873,47,0.12876712328767123,-0.2626734897557202,SPY260930P00597000,776.3400268554688,0.009692917716067896,0.037969931251628626
SPY,2026-09-30,put,598.0,0.45,0.46,0.455,0.48,35.0,6932,0.33423517333984376,47,0.12876712328767123,-0.2609998491976905,SPY260930P00598000,776.3400268554688,0.009692917716067896,0.037969931251628626
SPY,2026-09-30,put,599.0,0.45,0.46,0.455,0.47,1.0,224,0.3324041369628906,47,0.12876712328767123,-0.2593290050328728,SPY260930P00599000,776.3400268554688,0.009692917716067896,0.037969931251628626
SPY,2026-09-30,put,600.0,0.46,0.47,0.46499999999999997,0.47,213.0,29118,0.3315496533203125,47,0.12876712328767123,-0.2576609479321759,SPY260930P00600000,776.3400268554688,0.009692917716067896,0.037969931251628626
SPY,2026-09-30,put,601.0,0.46,0.47,0.46499999999999997,0.49,8.0,117,0.32959654785156245,47,0.12876712328767123,-0.2559956686131146,SPY260930P00601000,776.3400268554688,0.009692917716067896,0.037969931251628626
SPY,2026-09-30,put,602.0,0.47,0.48,0.475,0.49,13.0,90,0.3288641333007812,47,0.12876712328767123,-0.2543331578395011,SPY260930P00602000,776.3400268554688,0.009692917716067896,0.037969931251628626
SPY,2026-09-30,put,603.0,0.48,0.49,0.485,0.49,13.0,272,0.3278875805664062,47,0.12876712328767123,-0.25267340642113684,SPY260930P00603000,776.3400268554688,0.009692917716067896,0.037969931251628626
SPY,2026-09-30,put,604.0,0.48,0.49,0.485,0.49,1.0,89,0.3259344750976562,47,0.12876712328767123,-0.25101640521350727,SPY260930P00604000,776.3400268554688,0.009692917716067896,0.037969931251628626
SPY,2026-09-30,put,605.0,0.49,0.5,0.495,0.5,5.0,549,0.32507999145507804,47,0.12876712328767123,-0.2493621451174807,SPY260930P00605000,776.3400268554688,0.009692917716067896,0.037969931251628626
SPY,2026-09-30,put,606.0,0.5,0.51,0.505,0.49,1.0,59,0.324103438720703,47,0.12876712328767123,-0.2477106170790078,SPY260930P00606000,776.3400268554688,0.009692917716067896,0.037969931251628626
SPY,2026-09-30,put,607.0,0.5,0.51,0.505,0.52,4.0,52,0.32227240234374993,47,0.12876712328767123,-0.24606181208882394,SPY260930P00607000,776.3400268554688,0.009692917716067896,0.037969931251628626
SPY,2026-09-30,put,608.0,0.51,0.52,0.515,0.89,1.0,166,0.32129584960937496,47,0.12876712328767123,-0.24441572118215527,SPY260930P00608000,776.3400268554688,0.009692917716067896,0.037969931251628626
SPY,2026-09-30,put,609.0,0.52,0.53,0.525,0.8,2.0,137,0.32031929687499994,47,0.12876712328767123,-0.24277233543842522,SPY260930P00609000,776.3400268554688,0.009692917716067896,0.037969931251628626
SPY,2026-09-30,put,610.0,0.52,0.53,0.525,0.54,12.0,552,0.31836619140624994,47,0.12876712328767123,-0.24113164598096526,SPY260930P00610000,776.3400268554688,0.009692917716067896,0.037969931251628626
SPY,2026-09-30,put,611.0,0.53,0.54,0.535,0.98,28.0,86,0.317389638671875,47,0.12876712328767123,-0.23949364397672696,SPY260930P00611000,776.3400268554688,0.009692917716067896,0.037969931251628626
SPY,2026-09-30,put,612.0,0.54,0.55,0.545,0.75,48.0,295,0.31641308593749995,47,0.12876712328767123,-0.23785832063599613,SPY260930P00612000,776.3400268554688,0.009692917716067896,0.037969931251628626
SPY,2026-09-30,put,613.0,0.54,0.55,0.545,0.72,9.0,46,0.31445998046874996,47,0.12876712328767123,-0.23622566721211077,SPY260930P00613000,776.3400268554688,0.009692917716067896,0.037969931251628626
SPY,2026-09-30,put,614.0,0.55,0.56,0.555,0.56,1.0,149,0.313483427734375,47,0.12876712328767123,-0.2345956750011798,SPY260930P00614000,776.3400268554688,0.009692917716067896,0.037969931251628626
SPY,2026-09-30,put,615.0,0.56,0.57,0.565,0.57,1.0,434,0.31238480590820306,47,0.12876712328767123,-0.23296833534180433,SPY260930P00615000,776.3400268554688,0.009692917716067896,0.037969931251628626
SPY,2026-09-30,put,616.0,0.57,0.58,0.575,0.94,10.0,157,0.3112861840820312,47,0.12876712328767123,-0.2313436396148024,SPY260930P00616000,776.3400268554688,0.009692917716067896,0.037969931251628626
SPY,2026-09-30,put,617.0,0.57,0.58,0.575,0.74,1.0,317,0.3094551477050781,47,0.12876712328767123,-0.22972157924293443,SPY260930P00617000,776.3400268554688,0.009692917716067896,0.037969931251628626
SPY,2026-09-30,put,618.0,0.58,0.59,0.585,0.61,87.0,107,0.3083565258789062,47,0.12876712328767123,-0.22810214569063142,SPY260930P00618000,776.3400268554688,0.009692917716067896,0.037969931251628626
SPY,2026-09-30,put,619.0,0.59,0.6,0.595,0.92,1.0,790,0.30725790405273434,47,0.12876712328767123,-0.22648533046372604,SPY260930P00619000,776.3400268554688,0.009692917716067896,0.037969931251628626
SPY,2026-09-30,put,620.0,0.6,0.61,0.605,0.61,11.0,3125,0.3061592822265625,47,0.12876712328767123,-0.224871125109185,SPY260930P00620000,776.3400268554688,0.009692917716067896,0.037969931251628626
SPY,2026-09-30,put,621.0,0.6,0.62,0.61,0.85,1.0,198,0.3050606604003906,47,0.12876712328767123,-0.22325952121484344,SPY260930P00621000,776.3400268554688,0.009692917716067896,0.037969931251628626
SPY,2026-09-30,put,622.0,0.61,0.62,0.615,0.87,4.0,240,0.3031075549316406,47,0.12876712328767123,-0.22165051040914283,SPY260930P00622000,776.3400268554688,0.009692917716067896,0.037969931251628626
SPY,2026-09-30,put,623.0,0.62,0.63,0.625,0.89,3.0,172,0.3020089331054688,47,0.12876712328767123,-0.22004408436086909,SPY260930P00623000,776.3400268554688,0.009692917716067896,0.037969931251628626
SPY,2026-09-30,put,624.0,0.63,0.64,0.635,0.83,1.0,147,0.3007882421875,47,0.12876712328767123,-0.21844023477889452,SPY260930P00624000,776.3400268554688,0.009692917716067896,0.037969931251628626
SPY,2026-09-30,put,625.0,0.64,0.65,0.645,0.66,10.0,2811,0.29968962036132807,47,0.12876712328767123,-0.21683895341192078,SPY260930P00625000,776.3400268554688,0.009692917716067896,0.037969931251628626
SPY,2026-09-30,put,626.0,0.65,0.66,0.655,0.91,1.0,448,0.29846892944335934,47,0.12876712328767123,-0.21524023204822368,SPY260930P00626000,776.3400268554688,0.009692917716067896,0.037969931251628626
SPY,2026-09-30,put,627.0,0.65,0.67,0.66,0.91,3.0,525,0.2973703076171874,47,0.12876712328767123,-0.21364406251540147,SPY260930P00627000,776.3400268554688,0.009692917716067896,0.037969931251628626
SPY,2026-09-30,put,628.0,0.66,0.67,0.665,0.76,39.0,154,0.2954172021484375,47,0.12876712328767123,-0.21205043668012358,SPY260930P00628000,776.3400268554688,0.009692917716067896,0.037969931251628626
SPY,2026-09-30,put,629.0,0.67,0.68,0.675,0.92,1.0,327,0.2941965112304687,47,0.12876712328767123,-0.2104593464478817,SPY260930P00629000,776.3400268554688,0.009692917716067896,0.037969931251628626
SPY,2026-09-30,put,630.0,0.68,0.69,0.685,0.7,45.0,3620,0.2929758203124999,47,0.12876712328767123,-0.2088707837627438,SPY260930P00630000,776.3400268554688,0.009692917716067896,0.037969931251628626
SPY,2026-09-30,put,631.0,0.69,0.7,0.695,0.7,7.0,143,0.29175512939453113,47,0.12876712328767123,-0.20728474060710908,SPY260930P00631000,776.3400268554688,0.009692917716067896,0.037969931251628626
SPY,2026-09-30,put,632.0,0.7,0.71,0.705,0.71,7.0,217,0.29053443847656246,47,0.12876712328767123,-0.20570120900146477,SPY260930P00632000,776.3400268554688,0.009692917716067896,0.037969931251628626
SPY,2026-09-30,put,633.0,0.71,0.72,0.715,0.93,1.0,478,0.2893137475585937,47,0.12876712328767123,-0.20412018100414608,SPY260930P00633000,776.3400268554688,0.009692917716067896,0.037969931251628626
SPY,2026-09-30,put,634.0,0.72,0.73,0.725,0.95,1.0,238,0.287970987548828,47,0.12876712328767123,-0.2025416487110963,SPY260930P00634000,776.3400268554688,0.009692917716067896,0.037969931251628626
SPY,2026-09-30,put,635.0,0.73,0.74,0.735,0.75,2.0,150924,0.2867502966308593,47,0.12876712328767123,-0.20096560425563054,SPY260930P00635000,776.3400268554688,0.009692917716067896,0.037969931251628626
SPY,2026-09-30,put,636.0,0.74,0.75,0.745,0.75,4.0,110,0.2854075366210937,47,0.12876712328767123,-0.19939203980820014,SPY260930P00636000,776.3400268554688,0.009692917716067896,0.037969931251628626
SPY,2026-09-30,put,637.0,0.75,0.76,0.755,0.78,8.0,452,0.2841868457031249,47,0.12876712328767123,-0.19782094757615887,SPY260930P00637000,776.3400268554688,0.009692917716067896,0.037969931251628626
SPY,2026-09-30,put,638.0,0.76,0.77,0.765,0.76,13.0,22,0.28284408569335934,47,0.12876712328767123,-0.1962523198035323,SPY260930P00638000,776.3400268554688,0.009692917716067896,0.037969931251628626
SPY,2026-09-30,put,639.0,0.77,0.78,0.775,1.03,3.0,111,0.2815013256835937,47,0.12876712328767123,-0.19468614877078746,SPY260930P00639000,776.3400268554688,0.009692917716067896,0.037969931251628626
SPY,2026-09-30,put,640.0,0.78,0.79,0.785,0.81,18.0,3104,0.2802806347656249,47,0.12876712328767123,-0.19312242679460467,SPY260930P00640000,776.3400268554688,0.009692917716067896,0.037969931251628626
SPY,2026-09-30,put,641.0,0.79,0.8,0.795,0.93,1.0,210,0.27893787475585935,47,0.12876712328767123,-0.19156114622765213,SPY260930P00641000,776.3400268554688,0.009692917716067896,0.037969931251628626
SPY,2026-09-30,put,642.0,0.8,0.81,0.805,0.97,2.0,87,0.2775951147460937,47,0.12876712328767123,-0.19000229945836108,SPY260930P00642000,776.3400268554688,0.009692917716067896,0.037969931251628626
SPY,2026-09-30,put,643.0,0.81,0.82,0.815,0.86,91.0,170,0.27625235473632803,47,0.12876712328767123,-0.1884458789107028,SPY260930P00643000,776.3400268554688,0.009692917716067896,0.037969931251628626
SPY,2026-09-30,put,644.0,0.82,0.84,0.83,0.99,22.0,87,0.27539787109374997,47,0.12876712328767123,-0.18689187704396854,SPY260930P00644000,776.3400268554688,0.009692917716067896,0.037969931251628626
SPY,2026-09-30,put,645.0,0.83,0.85,0.84,0.86,58.0,504,0.2740551110839844,47,0.12876712328767123,-0.18534028635254976,SPY260930P00645000,776.3400268554688,0.009692917716067896,0.037969931251628626
SPY,2026-09-30,put,646.0,0.85,0.86,0.855,0.88,1.0,455,0.2727123510742187,47,0.12876712328767123,-0.18379109936572036,SPY260930P00646000,776.3400268554688,0.009692917716067896,0.037969931251628626
SPY,2026-09-30,put,647.0,0.86,0.87,0.865,0.96,1.0,290,0.2712475219726562,47,0.12876712328767123,-0.18224430864742172,SPY260930P00647000,776.3400268554688,0.009692917716067896,0.037969931251628626
SPY,2026-09-30,put,648.0,0.87,0.88,0.875,0.98,1.0,492,0.2699047619628906,47,0.12876712328767123,-0.18069990679604753,SPY260930P00648000,776.3400268554688,0.009692917716067896,0.037969931251628626
SPY,2026-09-30,put,649.0,0.88,0.9,0.89,1.3,1.0,211,0.2690502783203125,47,0.12876712328767123,-0.1791578864442322,SPY260930P00649000,776.3400268554688,0.009692917716067896,0.037969931251628626
SPY,2026-09-30,put,650.0,0.89,0.91,0.9,0.91,97.0,4064,0.26758544921875,47,0.12876712328767123,-0.17761824025863948,SPY260930P00650000,776.3400268554688,0.009692917716067896,0.037969931251628626
SPY,2026-09-30,put,651.0,0.91,0.92,0.915,1.53,3.0,419,0.2661206201171875,47,0.12876712328767123,-0.17608096093975298,SPY260930P00651000,776.3400268554688,0.009692917716067896,0.037969931251628626
SPY,2026-09-30,put,652.0,0.92,0.93,0.925,0.97,2.0,189,0.26471682556152343,47,0.12876712328767123,-0.17454604122166922,SPY260930P00652000,776.3400268554688,0.009692917716067896,0.037969931251628626
SPY,2026-09-30,put,653.0,0.93,0.95,0.94,0.99,2.0,132,0.26380130737304686,47,0.12876712328767123,-0.1730134738718912,SPY260930P00653000,776.3400268554688,0.009692917716067896,0.037969931251628626
SPY,2026-09-30,put,654.0,0.95,0.96,0.955,1.01,2.0,32,0.26233647827148443,47,0.12876712328767123,-0.1714832516911235,SPY260930P00654000,776.3400268554688,0.009692917716067896,0.037969931251628626
SPY,2026-09-30,put,655.0,0.96,0.97,0.965,0.98,16.0,321,0.2608716491699219,47,0.12876712328767123,-0.16995536751307025,SPY260930P00655000,776.3400268554688,0.009692917716067896,0.037969931251628626
SPY,2026-09-30,put,656.0,0.97,0.99,0.98,1.4,1.0,196,0.25989509643554687,47,0.12876712328767123,-0.1684298142042332,SPY260930P00656000,776.3400268554688,0.009692917716067896,0.037969931251628626
SPY,2026-09-30,put,657.0,0.99,1.0,0.995,1.32,1.0,501,0.258369232788086,47,0.12876712328767123,-0.1669065846637117,SPY260930P00657000,776.3400268554688,0.009692917716067896,0.037969931251628626
SPY,2026-09-30,put,658.0,1.0,1.02,1.01,1.01,2.0,1215,0.2573316455078125,47,0.12876712328767123,-0.16538567182300495,SPY260930P00658000,776.3400268554688,0.009692917716067896,0.037969931251628626
SPY,2026-09-30,put,659.0,1.02,1.03,1.025,1.01,1.0,642,0.25586681640625003,47,0.12876712328767123,-0.16386706864581502,SPY260930P00659000,776.3400268554688,0.009692917716067896,0.037969931251628626
SPY,2026-09-30,put,660.0,1.03,1.05,1.04,1.05,33.0,2741,0.25476819458007816,47,0.12876712328767123,-0.16235076812785096,SPY260930P00660000,776.3400268554688,0.009692917716067896,0.037969931251628626
SPY,2026-09-30,put,661.0,1.05,1.06,1.0550000000000002,1.1,1.0,379,0.2533033654785156,47,0.12876712328767123,-0.160836763296636,SPY260930P00661000,776.3400268554688,0.009692917716067896,0.037969931251628626
SPY,2026-09-30,put,662.0,1.06,1.08,1.07,1.5,3.0,133,0.25220474365234374,47,0.12876712328767123,-0.15932504721131402,SPY260930P00662000,776.3400268554688,0.009692917716067896,0.037969931251628626
SPY,2026-09-30,put,663.0,1.08,1.09,1.085,1.14,11.0,238,0.25061784545898436,47,0.12876712328767123,-0.15781561296245966,SPY260930P00663000,776.3400268554688,0.009692917716067896,0.037969931251628626
SPY,2026-09-30,put,664.0,1.09,1.11,1.1,1.1,1.0,937,0.24951922363281248,47,0.12876712328767123,-0.15630845367188842,SPY260930P00664000,776.3400268554688,0.009692917716067896,0.037969931251628626
SPY,2026-09-30,put,665.0,1.11,1.13,1.12,1.14,105.0,1015,0.24842060180664063,47,0.12876712328767123,-0.15480356249246807,SPY260930P00665000,776.3400268554688,0.009692917716067896,0.037969931251628626
SPY,2026-09-30,put,666.0,1.13,1.14,1.1349999999999998,1.15,100.0,179,0.24683370361328127,47,0.12876712328767123,-0.15330093260793304,SPY260930P00666000,776.3400268554688,0.009692917716067896,0.037969931251628626
SPY,2026-09-30,put,667.0,1.14,1.16,1.15,1.54,9.0,223,0.24567404724121095,47,0.12876712328767123,-0.15180055723269853,SPY260930P00667000,776.3400268554688,0.009692917716067896,0.037969931251628626
SPY,2026-09-30,put,668.0,1.16,1.18,1.17,1.23,1.0,219,0.24451439086914065,47,0.12876712328767123,-0.15030242961167647,SPY260930P00668000,776.3400268554688,0.009692917716067896,0.037969931251628626
SPY,2026-09-30,put,669.0,1.18,1.2,1.19,1.58,11.0,548,0.24329369995117187,47,0.12876712328767123,-0.14880654302009372,SPY260930P00669000,776.3400268554688,0.009692917716067896,0.037969931251628626
SPY,2026-09-30,put,670.0,1.2,1.21,1.205,1.22,184.0,3154,0.2417068017578125,47,0.12876712328767123,-0.1473128907633105,SPY260930P00670000,776.3400268554688,0.009692917716067896,0.037969931251628626
SPY,2026-09-30,put,671.0,1.22,1.23,1.225,1.5,1.0,175,0.24048611083984373,47,0.12876712328767123,-0.1458214661766404,SPY260930P00671000,776.3400268554688,0.009692917716067896,0.037969931251628626
SPY,2026-09-30,put,672.0,1.24,1.25,1.245,1.51,14.0,404,0.23926541992187497,47,0.12876712328767123,-0.14433226262517274,SPY260930P00672000,776.3400268554688,0.009692917716067896,0.037969931251628626
SPY,2026-09-30,put,673.0,1.25,1.27,1.26,1.27,8.0,1627,0.23798369445800777,47,0.12876712328767123,-0.14284527350359444,SPY260930P00673000,776.3400268554688,0.009692917716067896,0.037969931251628626
SPY,2026-09-30,put,674.0,1.27,1.29,1.28,1.31,3.0,608,0.23670196899414062,47,0.12876712328767123,-0.14136049223601516,SPY260930P00674000,776.3400268554688,0.009692917716067896,0.037969931251628626
SPY,2026-09-30,put,675.0,1.3,1.31,1.3050000000000002,1.3,34.0,9581,0.2354202435302734,47,0.12876712328767123,-0.13987791227579244,SPY260930P00675000,776.3400268554688,0.009692917716067896,0.037969931251628626
SPY,2026-09-30,put,676.0,1.32,1.33,1.3250000000000002,1.74,2.0,1143,0.23413851806640623,47,0.12876712328767123,-0.13839752710535813,SPY260930P00676000,776.3400268554688,0.009692917716067896,0.037969931251628626
SPY,2026-09-30,put,677.0,1.34,1.35,1.3450000000000002,1.36,16.0,1278,0.23279575805664063,47,0.12876712328767123,-0.1369193302360472,SPY260930P00677000,776.3400268554688,0.009692917716067896,0.037969931251628626
SPY,2026-09-30,put,678.0,1.36,1.37,1.3650000000000002,1.43,10.0,278,0.23151403259277342,47,0.12876712328767123,-0.13544331520792668,SPY260930P00678000,776.3400268554688,0.009692917716067896,0.037969931251628626
SPY,2026-09-30,put,679.0,1.38,1.4,1.39,1.57,1.0,739,0.2304764453125,47,0.12876712328767123,-0.13396947558962607,SPY260930P00679000,776.3400268554688,0.009692917716067896,0.037969931251628626
SPY,2026-09-30,put,680.0,1.4,1.42,1.41,1.42,1031.0,10053,0.2291336853027344,47,0.12876712328767123,-0.1324978049781698,SPY260930P00680000,776.3400268554688,0.009692917716067896,0.037969931251628626
SPY,2026-09-30,put,681.0,1.43,1.44,1.435,1.47,1.0,654,0.22779092529296874,47,0.12876712328767123,-0.13102829699880988,SPY260930P00681000,776.3400268554688,0.009692917716067896,0.037969931251628626
SPY,2026-09-30,put,682.0,1.45,1.47,1.46,1.47,792.0,1281,0.22669230346679686,47,0.12876712328767123,-0.1295609453048601,SPY260930P00682000,776.3400268554688,0.009692917716067896,0.037969931251628626
SPY,2026-09-30,put,683.0,1.47,1.49,1.48,1.78,1.0,317,0.22528850891113278,47,0.12876712328767123,-0.1280957435775321,SPY260930P00683000,776.3400268554688,0.009692917716067896,0.037969931251628626
SPY,2026-09-30,put,684.0,1.5,1.52,1.51,1.51,11.0,469,0.2241898870849609,47,0.12876712328767123,-0.12663268552577178,SPY260930P00684000,776.3400268554688,0.009692917716067896,0.037969931251628626
SPY,2026-09-30,put,685.0,1.52,1.54,1.53,1.62,37.0,1830,0.22278609252929685,47,0.12876712328767123,-0.1251717648860969,SPY260930P00685000,776.3400268554688,0.009692917716067896,0.037969931251628626
SPY,2026-09-30,put,686.0,1.55,1.57,1.56,2.06,3.0,223,0.22162643615722655,47,0.12876712328767123,-0.12371297542243705,SPY260930P00686000,776.3400268554688,0.009692917716067896,0.037969931251628626
SPY,2026-09-30,put,687.0,1.58,1.59,1.585,1.63,38.0,1640,0.220161607055664,47,0.12876712328767123,-0.12225631092597289,SPY260930P00687000,776.3400268554688,0.009692917716067896,0.037969931251628626
SPY,2026-09-30,put,688.0,1.6,1.62,1.61,1.64,2.0,476,0.21900195068359374,47,0.12876712328767123,-0.12080176521497853,SPY260930P00688000,776.3400268554688,0.009692917716067896,0.037969931251628626
SPY,2026-09-30,put,689.0,1.63,1.65,1.64,2.18,6.0,613,0.2178422943115234,47,0.12876712328767123,-0.11934933213466369,SPY260930P00689000,776.3400268554688,0.009692917716067896,0.037969931251628626
SPY,2026-09-30,put,690.0,1.66,1.68,1.67,1.67,20.0,7426,0.21662160339355468,47,0.12876712328767123,-0.11789900555701716,SPY260930P00690000,776.3400268554688,0.009692917716067896,0.037969931251628626
SPY,2026-09-30,put,691.0,1.69,1.71,1.7,1.74,35.0,2150,0.21540091247558596,47,0.12876712328767123,-0.11645077938065228,SPY260930P00691000,776.3400268554688,0.009692917716067896,0.037969931251628626
SPY,2026-09-30,put,692.0,1.72,1.74,1.73,1.83,2.0,185,0.21411918701171873,47,0.12876712328767123,-0.11500464753065269,SPY260930P00692000,776.3400268554688,0.009692917716067896,0.037969931251628626
SPY,2026-09-30,put,693.0,1.75,1.77,1.76,2.37,1.0,92,0.21283746154785155,47,0.12876712328767123,-0.11356060395841898,SPY260930P00693000,776.3400268554688,0.009692917716067896,0.037969931251628626
SPY,2026-09-30,put,694.0,1.78,1.8,1.79,1.85,1.0,252,0.21155573608398434,47,0.12876712328767123,-0.11211864264151766,SPY260930P00694000,776.3400268554688,0.009692917716067896,0.037969931251628626
SPY,2026-09-30,put,695.0,1.81,1.83,1.82,1.83,26.0,1882,0.2102740106201172,47,0.12876712328767123,-0.11067875758353012,SPY260930P00695000,776.3400268554688,0.009692917716067896,0.037969931251628626
SPY,2026-09-30,put,696.0,1.84,1.86,1.85,2.0,4.0,37,0.2089312506103515,47,0.12876712328767123,-0.10924094281390255,SPY260930P00696000,776.3400268554688,0.009692917716067896,0.037969931251628626
SPY,2026-09-30,put,697.0,1.88,1.9,1.89,1.99,15.0,3637,0.20786314605712886,47,0.12876712328767123,-0.1078051923877984,SPY260930P00697000,776.3400268554688,0.009692917716067896,0.037969931251628626
SPY,2026-09-30,put,698.0,1.91,1.93,1.92,2.01,2.0,150,0.206489868774414,47,0.12876712328767123,-0.10637150038594977,SPY260930P00698000,776.3400268554688,0.009692917716067896,0.037969931251628626
SPY,2026-09-30,put,699.0,1.95,1.97,1.96,2.0,2.0,3803,0.20539124694824218,47,0.12876712328767123,-0.10493986091451193,SPY260930P00699000,776.3400268554688,0.009692917716067896,0.037969931251628626
SPY,2026-09-30,put,700.0,1.98,2.0,1.99,2.0,274.0,6982,0.2039874523925781,47,0.12876712328767123,-0.10351026810491759,SPY260930P00700000,776.3400268554688,0.009692917716067896,0.037969931251628626
SPY,2026-09-30,put,701.0,2.02,2.04,2.0300000000000002,2.03,15.0,96,0.20276676147460934,47,0.12876712328767123,-0.10208271611373214,SPY260930P00701000,776.3400268554688,0.009692917716067896,0.037969931251628626
SPY,2026-09-30,put,702.0,2.06,2.08,2.0700000000000003,2.2,5.0,487,0.20160710510253904,47,0.12876712328767123,-0.10065719912251106,SPY260930P00702000,776.3400268554688,0.009692917716067896,0.037969931251628626
SPY,2026-09-30,put,703.0,2.1,2.12,2.1100000000000003,2.15,2.0,164,0.2003864141845703,47,0.12876712328767123,-0.09923371133765735,SPY260930P00703000,776.3400268554688,0.009692917716067896,0.037969931251628626
SPY,2026-09-30,put,704.0,2.14,2.16,2.1500000000000004,2.18,6.0,63,0.1991046887207031,47,0.12876712328767123,-0.09781224699027981,SPY260930P00704000,776.3400268554688,0.009692917716067896,0.037969931251628626
SPY,2026-09-30,put,705.0,2.18,2.2,2.1900000000000004,2.17,23.0,5869,0.1978534805297852,47,0.12876712328767123,-0.09639280033605352,SPY260930P00705000,776.3400268554688,0.009692917716067896,0.037969931251628626
SPY,2026-09-30,put,706.0,2.22,2.24,2.2300000000000004,2.37,20.0,49,0.19657175506591795,47,0.12876712328767123,-0.09497536565508018,SPY260930P00706000,776.3400268554688,0.009692917716067896,0.037969931251628626
SPY,2026-09-30,put,707.0,2.27,2.29,2.2800000000000002,2.27,169.0,20338,0.19547313323974608,47,0.12876712328767123,-0.09355993725174945,SPY260930P00707000,776.3400268554688,0.009692917716067896,0.037969931251628626
SPY,2026-09-30,put,708.0,2.31,2.33,2.3200000000000003,2.34,11.0,83,0.1941608905029297,47,0.12876712328767123,-0.0921465094546024,SPY260930P00708000,776.3400268554688,0.009692917716067896,0.037969931251628626
SPY,2026-09-30,put,709.0,2.36,2.38,2.37,2.42,2.0,276,0.19300123413085937,47,0.12876712328767123,-0.09073507661619473,SPY260930P00709000,776.3400268554688,0.009692917716067896,0.037969931251628626
SPY,2026-09-30,put,710.0,2.41,2.43,2.42,2.4,67.0,2745,0.19184157775878907,47,0.12876712328767123,-0.08932563311296109,SPY260930P00710000,776.3400268554688,0.009692917716067896,0.037969931251628626
SPY,2026-09-30,put,711.0,2.45,2.48,2.465,2.57,2.0,93,0.19062088684082032,47,0.12876712328767123,-0.0879181733450814,SPY260930P00711000,776.3400268554688,0.009692917716067896,0.037969931251628626
SPY,2026-09-30,put,712.0,2.5,2.53,2.5149999999999997,2.49,11.0,155,0.18940019592285157,47,0.12876712328767123,-0.08651269173634646,SPY260930P00712000,776.3400268554688,0.009692917716067896,0.037969931251628626
SPY,2026-09-30,put,713.0,2.56,2.58,2.5700000000000003,2.61,2.0,77,0.18814898773193356,47,0.12876712328767123,-0.08510918273402625,SPY260930P00713000,776.3400268554688,0.009692917716067896,0.037969931251628626
SPY,2026-09-30,put,714.0,2.61,2.63,2.62,2.67,3.0,240,0.18686726226806644,47,0.12876712328767123,-0.08370764080873788,SPY260930P00714000,776.3400268554688,0.009692917716067896,0.037969931251628626
SPY,2026-09-30,put,715.0,2.66,2.69,2.675,2.67,48.0,1366,0.1857686404418945,47,0.12876712328767123,-0.08230806045431456,SPY260930P00715000,776.3400268554688,0.009692917716067896,0.037969931251628626
SPY,2026-09-30,put,716.0,2.72,2.74,2.7300000000000004,2.7,8.0,112,0.18442588043212887,47,0.12876712328767123,-0.08091043618767656,SPY260930P00716000,776.3400268554688,0.009692917716067896,0.037969931251628626
SPY,2026-09-30,put,717.0,2.78,2.8,2.79,3.03,15.0,56,0.18326622406005855,47,0.12876712328767123,-0.07951476254870189,SPY260930P00717000,776.3400268554688,0.009692917716067896,0.037969931251628626
SPY,2026-09-30,put,718.0,2.84,2.86,2.8499999999999996,2.92,4.0,166,0.18207605041503905,47,0.12876712328767123,-0.07812103410009803,SPY260930P00718000,776.3400268554688,0.009692917716067896,0.037969931251628626
SPY,2026-09-30,put,719.0,2.9,2.92,2.91,2.99,7.0,251,0.1808553594970703,47,0.12876712328767123,-0.07672924542727548,SPY260930P00719000,776.3400268554688,0.009692917716067896,0.037969931251628626
SPY,2026-09-30,put,720.0,2.96,2.99,2.975,2.94,5738.0,6317,0.17975673767089845,47,0.12876712328767123,-0.07533939113822125,SPY260930P00720000,776.3400268554688,0.009692917716067896,0.037969931251628626
SPY,2026-09-30,put,721.0,3.03,3.05,3.04,3.0,7.0,216,0.17847501220703127,47,0.12876712328767123,-0.07395146586337313,SPY260930P00721000,776.3400268554688,0.009692917716067896,0.037969931251628626
SPY,2026-09-30,put,722.0,3.09,3.12,3.105,3.1,16.0,75,0.17734587310791017,47,0.12876712328767123,-0.07256546425549593,SPY260930P00722000,776.3400268554688,0.009692917716067896,0.037969931251628626
SPY,2026-09-30,put,723.0,3.16,3.19,3.175,3.33,3.0,42,0.17615569946289064,47,0.12876712328767123,-0.07118138098955755,SPY260930P00723000,776.3400268554688,0.009692917716067896,0.037969931251628626
SPY,2026-09-30,put,724.0,3.23,3.26,3.245,3.32,103.0,97,0.1749350085449219,47,0.12876712328767123,-0.06979921076260583,SPY260930P00724000,776.3400268554688,0.009692917716067896,0.037969931251628626
SPY,2026-09-30,put,725.0,3.31,3.33,3.3200000000000003,3.32,132.0,15540,0.17371431762695314,47,0.12876712328767123,-0.06841894829364749,SPY260930P00725000,776.3400268554688,0.009692917716067896,0.037969931251628626
SPY,2026-09-30,put,726.0,3.38,3.41,3.395,3.55,4.0,125,0.17258517852783206,47,0.12876712328767123,-0.06704058832352613,SPY260930P00726000,776.3400268554688,0.009692917716067896,0.037969931251628626
SPY,2026-09-30,put,727.0,3.46,3.49,3.475,3.46,22.0,90,0.17145603942871096,47,0.12876712328767123,-0.06566412561480281,SPY260930P00727000,776.3400268554688,0.009692917716067896,0.037969931251628626
SPY,2026-09-30,put,728.0,3.54,3.57,3.5549999999999997,3.59,5.0,221,0.17026586578369146,47,0.12876712328767123,-0.06428955495163628,SPY260930P00728000,776.3400268554688,0.009692917716067896,0.037969931251628626
SPY,2026-09-30,put,729.0,3.62,3.65,3.635,3.62,21.0,939,0.16904517486572268,47,0.12876712328767123,-0.06291687113966407,SPY260930P00729000,776.3400268554688,0.009692917716067896,0.037969931251628626
SPY,2026-09-30,put,730.0,3.71,3.73,3.7199999999999998,3.72,1179.0,3347,0.1677634494018555,47,0.12876712328767123,-0.06154606900588536,SPY260930P00730000,776.3400268554688,0.009692917716067896,0.037969931251628626
SPY,2026-09-30,put,731.0,3.8,3.82,3.8099999999999996,3.91,8.0,136,0.16663431030273443,47,0.12876712328767123,-0.06017714339854374,SPY260930P00731000,776.3400268554688,0.009692917716067896,0.037969931251628626
SPY,2026-09-30,put,732.0,3.89,3.91,3.9000000000000004,3.88,44.0,673,0.16544413665771485,47,0.12876712328767123,-0.058810089187010646,SPY260930P00732000,776.3400268554688,0.009692917716067896,0.037969931251628626
SPY,2026-09-30,put,733.0,3.98,4.01,3.995,4.1,5.0,297,0.1643760321044922,47,0.12876712328767123,-0.05744490126167067,SPY260930P00733000,776.3400268554688,0.009692917716067896,0.037969931251628626
SPY,2026-09-30,put,734.0,4.08,4.1,4.09,4.06,20.0,825,0.16312482391357425,47,0.12876712328767123,-0.05608157453380666,SPY260930P00734000,776.3400268554688,0.009692917716067896,0.037969931251628626
SPY,2026-09-30,put,735.0,4.18,4.2,4.1899999999999995,4.16,53.0,5588,0.16196516754150392,47,0.12876712328767123,-0.05472010393548552,SPY260930P00735000,776.3400268554688,0.009692917716067896,0.037969931251628626
SPY,2026-09-30,put,736.0,4.28,4.31,4.295,4.24,11.0,334,0.16089706298828127,47,0.12876712328767123,-0.05336048441944603,SPY260930P00736000,776.3400268554688,0.009692917716067896,0.037969931251628626
SPY,2026-09-30,put,737.0,4.38,4.41,4.395,4.38,22.0,453,0.15964585479736326,47,0.12876712328767123,-0.05200271095898563,SPY260930P00737000,776.3400268554688,0.009692917716067896,0.037969931251628626
SPY,2026-09-30,put,738.0,4.49,4.52,4.505,4.48,17.0,552,0.15851671569824222,47,0.12876712328767123,-0.05064677854784969,SPY260930P00738000,776.3400268554688,0.009692917716067896,0.037969931251628626
SPY,2026-09-30,put,739.0,4.61,4.64,4.625,4.63,32.0,527,0.1574486111450195,47,0.12876712328767123,-0.04929268220012049,SPY260930P00739000,776.3400268554688,0.009692917716067896,0.037969931251628626
SPY,2026-09-30,put,740.0,4.72,4.75,4.734999999999999,4.73,257.0,4262,0.15619740295410156,47,0.12876712328767123,-0.047940416950106784,SPY260930P00740000,776.3400268554688,0.009692917716067896,0.037969931251628626
SPY,2026-09-30,put,741.0,4.85,4.87,4.859999999999999,4.78,3.0,128,0.1550530052185059,47,0.12876712328767123,-0.046589977852235294,SPY260930P00741000,776.3400268554688,0.009692917716067896,0.037969931251628626
SPY,2026-09-30,put,742.0,4.97,5.0,4.984999999999999,5.05,9.0,343,0.15396964202880858,47,0.12876712328767123,-0.0452413599809418,SPY260930P00742000,776.3400268554688,0.009692917716067896,0.037969931251628626
SPY,2026-09-30,put,743.0,5.1,5.13,5.115,5.13,13.0,416,0.15285576156616215,47,0.12876712328767123,-0.043894558430563044,SPY260930P00743000,776.3400268554688,0.009692917716067896,0.037969931251628626
SPY,2026-09-30,put,744.0,5.23,5.26,5.245,5.25,16.0,174,0.1516808465576172,47,0.12876712328767123,-0.0425495683152303,SPY260930P00744000,776.3400268554688,0.009692917716067896,0.037969931251628626
SPY,2026-09-30,put,745.0,5.37,5.4,5.385,5.39,220.0,1620,0.15058222473144534,47,0.12876712328767123,-0.041206384768762726,SPY260930P00745000,776.3400268554688,0.009692917716067896,0.037969931251628626
SPY,2026-09-30,put,746.0,5.52,5.55,5.535,5.64,2.0,286,0.14954463745117189,47,0.12876712328767123,-0.03986500294456135,SPY260930P00746000,776.3400268554688,0.009692917716067896,0.037969931251628626
SPY,2026-09-30,put,747.0,5.66,5.7,5.68,5.6,13.0,206,0.148446015625,47,0.12876712328767123,-0.03852541801550485,SPY260930P00747000,776.3400268554688,0.009692917716067896,0.037969931251628626
SPY,2026-09-30,put,748.0,5.82,5.85,5.835,5.75,165.0,709,0.14730161788940432,47,0.12876712328767123,-0.03718762517384499,SPY260930P00748000,776.3400268554688,0.009692917716067896,0.037969931251628626
SPY,2026-09-30,put,749.0,5.98,6.01,5.995,6.04,6.0,474,0.146218254699707,47,0.12876712328767123,-0.03585161963110271,SPY260930P00749000,776.3400268554688,0.009692917716067896,0.037969931251628626
SPY,2026-09-30,put,750.0,6.14,6.17,6.154999999999999,6.13,336.0,3278,0.14505859832763673,47,0.12876712328767123,-0.03451739661796614,SPY260930P00750000,776.3400268554688,0.009692917716067896,0.037969931251628626
SPY,2026-09-30,put,751.0,6.31,6.34,6.324999999999999,6.34,11.0,387,0.14397523513793942,47,0.12876712328767123,-0.033184951384187485,SPY260930P00751000,776.3400268554688,0.009692917716067896,0.037969931251628626
SPY,2026-09-30,put,752.0,6.49,6.52,6.505,6.61,7.0,266,0.14293764785766605,47,0.12876712328767123,-0.03185427919848236,SPY260930P00752000,776.3400268554688,0.009692917716067896,0.037969931251628626
SPY,2026-09-30,put,753.0,6.67,6.7,6.6850000000000005,6.72,18.0,578,0.14183902603149412,47,0.12876712328767123,-0.03052537534842868,SPY260930P00753000,776.3400268554688,0.009692917716067896,0.037969931251628626
SPY,2026-09-30,put,754.0,6.86,6.89,6.875,6.95,1.0,468,0.14078618011474608,47,0.12876712328767123,-0.029198235140366145,SPY260930P00754000,776.3400268554688,0.009692917716067896,0.037969931251628626
SPY,2026-09-30,put,755.0,7.06,7.09,7.074999999999999,6.95,37.0,1804,0.13976385147094728,47,0.12876712328767123,-0.027872853899297473,SPY260930P00755000,776.3400268554688,0.009692917716067896,0.037969931251628626
SPY,2026-09-30,put,756.0,7.26,7.29,7.275,7.05,4.0,266,0.13868048828125001,47,0.12876712328767123,-0.026549226968789252,SPY260930P00756000,776.3400268554688,0.009692917716067896,0.037969931251628626
SPY,2026-09-30,put,757.0,7.47,7.51,7.49,7.45,36.0,2684,0.13773445281982422,47,0.12876712328767123,-0.025227349710873433,SPY260930P00757000,776.3400268554688,0.009692917716067896,0.037969931251628626
SPY,2026-09-30,put,758.0,7.69,7.72,7.705,7.71,23.0,129,0.13662057235717773,47,0.12876712328767123,-0.02390721750595051,SPY260930P00758000,776.3400268554688,0.009692917716067896,0.037969931251628626
SPY,2026-09-30,put,759.0,7.91,7.96,7.9350000000000005,7.98,12.0,197,0.13573557144165044,47,0.12876712328767123,-0.022588825752692315,SPY260930P00759000,776.3400268554688,0.009692917716067896,0.037969931251628626
SPY,2026-09-30,put,760.0,8.14,8.19,8.165,8.14,107.0,1729,0.13468272552490235,47,0.12876712328767123,-0.021272169867945435,SPY260930P00760000,776.3400268554688,0.009692917716067896,0.037969931251628626
SPY,2026-09-30,put,761.0,8.39,8.43,8.41,8.56,10.0,100,0.13364513824462892,47,0.12876712328767123,-0.019957245286636435,SPY260930P00761000,776.3400268554688,0.009692917716067896,0.037969931251628626
SPY,2026-09-30,put,762.0,8.64,8.69,8.665,8.67,24.0,114,0.13274487869262697,47,0.12876712328767123,-0.01864404746167596,SPY260930P00762000,776.3400268554688,0.009692917716067896,0.037969931251628626
SPY,2026-09-30,put,763.0,8.9,8.95,8.925,8.9,22.0,181,0.13175306732177733,47,0.12876712328767123,-0.017332571863865186,SPY260930P00763000,776.3400268554688,0.009692917716067896,0.037969931251628626
SPY,2026-09-30,put,764.0,9.17,9.22,9.195,9.12,21.0,53,0.1307765145874023,47,0.12876712328767123,-0.016022813981801772,SPY260930P00764000,776.3400268554688,0.009692917716067896,0.037969931251628626
SPY,2026-09-30,put,765.0,9.44,9.5,9.469999999999999,9.45,127.0,915,0.12981522048950195,47,0.12876712328767123,-0.014714769321786385,SPY260930P00765000,776.3400268554688,0.009692917716067896,0.037969931251628626
SPY,2026-09-30,put,766.0,9.73,9.79,9.76,9.64,6.0,100,0.12886918502807615,47,0.12876712328767123,-0.013408433407730883,SPY260930P00766000,776.3400268554688,0.009692917716067896,0.037969931251628626
SPY,2026-09-30,put,767.0,10.03,10.09,10.059999999999999,9.99,63.0,39,0.127938408203125,47,0.12876712328767123,-0.012103801781066067,SPY260930P00767000,776.3400268554688,0.009692917716067896,0.037969931251628626
SPY,2026-09-30,put,768.0,10.34,10.4,10.370000000000001,10.31,34.0,102,0.12699237274169922,47,0.12876712328767123,-0.010800870000650047,SPY260930P00768000,776.3400268554688,0.009692917716067896,0.037969931251628626
SPY,2026-09-30,put,769.0,10.66,10.72,10.690000000000001,10.83,14.0,115,0.12607685455322265,47,0.12876712328767123,-0.009499633642678198,SPY260930P00769000,776.3400268554688,0.009692917716067896,0.037969931251628626
SPY,2026-09-30,put,770.0,10.99,11.05,11.02,10.99,322.0,1020,0.12514607772827147,47,0.12876712328767123,-0.008200088300592712,SPY260930P00770000,776.3400268554688,0.009692917716067896,0.037969931251628626
SPY,2026-09-30,put,771.0,11.34,11.39,11.365,11.55,12.0,132,0.12421530090332032,47,0.12876712328767123,-0.006902229584992715,SPY260930P00771000,776.3400268554688,0.009692917716067896,0.037969931251628626
SPY,2026-09-30,put,772.0,11.69,11.75,11.719999999999999,11.69,79.0,315,0.1233760758972168,47,0.12876712328767123,-0.0056060531235459935,SPY260930P00772000,776.3400268554688,0.009692917716067896,0.037969931251628626
SPY,2026-09-30,put,773.0,12.06,12.12,12.09,12.06,9.0,79,0.12252159225463868,47,0.12876712328767123,-0.004311554560900275,SPY260930P00773000,776.3400268554688,0.009692917716067896,0.037969931251628626
SPY,2026-09-30,put,774.0,12.44,12.5,12.469999999999999,12.45,25.0,140,0.12166710861206054,47,0.12876712328767123,-0.00301872955859508,SPY260930P00774000,776.3400268554688,0.009692917716067896,0.037969931251628626
SPY,2026-09-30,put,775.0,12.83,12.89,12.86,12.83,88.0,521,0.12079736633300782,47,0.12876712328767123,-0.0017275737949752719,SPY260930P00775000,776.3400268554688,0.009692917716067896,0.037969931251628626
SPY,2026-09-30,put,776.0,13.23,13.29,13.26,13.2,73.0,390,0.11991236541748046,47,0.12876712328767123,-0.00043808296510347664,SPY260930P00776000,776.3400268554688,0.009692917716067896,0.037969931251628626
SPY,2026-09-30,put,777.0,13.65,13.71,13.68,13.56,200.0,333,0.11911891632080077,47,0.12876712328767123,0.0008497472193252538,SPY260930P00777000,776.3400268554688,0.009692917716067896,0.037969931251628626
SPY,2026-09-30,put,778.0,14.08,14.14,14.11,14.08,425.0,149,0.11829494995117187,47,0.12876712328767123,0.002135921030069344,SPY260930P00778000,776.3400268554688,0.009692917716067896,0.037969931251628626
SPY,2026-09-30,put,779.0,14.53,14.59,14.559999999999999,14.66,6.0,61,0.1175320181274414,47,0.12876712328767123,0.0034204427224261563,SPY260930P00779000,776.3400268554688,0.009692917716067896,0.037969931251628626
SPY,2026-09-30,put,780.0,14.98,15.04,15.01,15.03,81.0,212,0.11667753448486329,47,0.12876712328767123,0.004703316535315243,SPY260930P00780000,776.3400268554688,0.009692917716067896,0.037969931251628626
SPY,2026-09-30,put,781.0,15.46,15.52,15.49,15.0,7.0,29,0.11597563720703125,47,0.12876712328767123,0.005984546691363716,SPY260930P00781000,776.3400268554688,0.009692917716067896,0.037969931251628626
SPY,2026-09-30,put,782.0,15.94,16.0,15.969999999999999,15.96,67.0,71,0.11515167083740235,47,0.12876712328767123,0.007264137396988761,SPY260930P00782000,776.3400268554688,0.009692917716067896,0.037969931251628626
SPY,2026-09-30,put,784.0,16.09,17.87,16.98,17.05,4.0,12,0.12145348770141601,47,0.12876712328767123,0.009818417202085608,SPY260930P00784000,776.3400268554688,0.009692917716067896,0.037969931251628626
SPY,2026-09-30,put,785.0,16.61,18.41,17.509999999999998,17.31,16.0,52,0.12088891815185548,47,0.12876712328767123,0.011093114634086122,SPY260930P00785000,776.3400268554688,0.009692917716067896,0.037969931251628626
SPY,2026-09-30,put,786.0,17.14,18.96,18.05,17.95,10.0,21,0.12029383132934571,47,0.12876712328767123,0.012366189280884383,SPY260930P00786000,776.3400268554688,0.009692917716067896,0.037969931251628626
SPY,2026-09-30,put,790.0,19.42,21.0,20.21,20.47,1.0,19,0.11524322265625,47,0.12876712328767123,0.017442342312744955,SPY260930P00790000,776.3400268554688,0.009692917716067896,0.037969931251628626
SPY,2026-09-30,put,800.0,25.6,27.9,26.75,27.1,51.0,296,0.1116727017211914,47,0.12876712328767123,0.03002112451960503,SPY260930P00800000,776.3400268554688,0.009692917716067896,0.037969931251628626
SPY,2026-09-30,put,810.0,33.41,36.82,35.114999999999995,35.0,1.0,14,0.12217064361572266,47,0.12876712328767123,0.04244364451816214,SPY260930P00810000,776.3400268554688,0.009692917716067896,0.037969931251628626
SPY,2026-12-18,call,525.0,256.21,259.55,257.88,259.5,1.0,818,0.5024463818359376,126,0.3452054794520548,-0.39119234055669855,SPY261218C00525000,776.3400268554688,0.009692917716067896,0.037969931251628626
SPY,2026-12-18,call,530.0,251.34,254.68,253.01,250.52,7.0,2128,0.4948475808715821,126,0.3452054794520548,-0.3817135966021546,SPY261218C00530000,776.3400268554688,0.009692917716067896,0.037969931251628626
SPY,2026-12-18,call,535.0,246.48,249.82,248.14999999999998,243.82,4.0,2365,0.4873708489990235,126,0.3452054794520548,-0.3723238562523156,SPY261218C00535000,776.3400268554688,0.009692917716067896,0.037969931251628626
SPY,2026-12-18,call,540.0,241.62,244.97,243.29500000000002,243.0,1.0,3484,0.48007722076416015,126,0.3452054794520548,-0.36302146359000215,SPY261218C00540000,776.3400268554688,0.009692917716067896,0.037969931251628626
SPY,2026-12-18,call,545.0,236.77,240.11,238.44,240.36,3.0,1714,0.47260048889160156,126,0.3452054794520548,-0.35380480848507817,SPY261218C00545000,776.3400268554688,0.009692917716067896,0.037969931251628626
SPY,2026-12-18,call,550.0,231.91,235.26,233.58499999999998,236.0,1.0,4043,0.4652763433837891,126,0.3452054794520548,-0.34467232492180566,SPY261218C00550000,776.3400268554688,0.009692917716067896,0.037969931251628626
SPY,2026-12-18,call,555.0,227.07,230.41,228.74,227.26,3.0,1688,0.4579216806030274,126,0.3452054794520548,-0.33562248940188766,SPY261218C00555000,776.3400268554688,0.009692917716067896,0.037969931251628626
SPY,2026-12-18,call,560.0,222.22,225.56,223.89,226.0,4.0,1928,0.450551759185791,126,0.3452054794520548,-0.32665381941912724,SPY261218C00560000,776.3400268554688,0.009692917716067896,0.037969931251628626
SPY,2026-12-18,call,565.0,217.38,220.72,219.05,218.52,5.0,1624,0.4433039068603516,126,0.3452054794520548,-0.31776487200188125,SPY261218C00565000,776.3400268554688,0.009692917716067896,0.037969931251628626
SPY,2026-12-18,call,570.0,212.54,215.89,214.21499999999997,216.43,3.0,5225,0.4361933822631836,126,0.3452054794520548,-0.3089542423197264,SPY261218C00570000,776.3400268554688,0.009692917716067896,0.037969931251628626
SPY,2026-12-18,call,575.0,207.72,211.06,209.39,211.18,6.0,853,0.42902182312011716,126,0.3452054794520548,-0.30022056235097183,SPY261218C00575000,776.3400268554688,0.009692917716067896,0.037969931251628626
SPY,2026-12-18,call,580.0,202.89,206.24,204.565,203.65,1.0,2006,0.4219723330688476,126,0.3452054794520548,-0.29156249960785713,SPY261218C00580000,776.3400268554688,0.009692917716067896,0.037969931251628626
SPY,2026-12-18,call,585.0,198.08,201.42,199.75,198.25,1.0,1010,0.41489232574462886,126,0.3452054794520548,-0.2829787559164657,SPY261218C00585000,776.3400268554688,0.009692917716067896,0.037969931251628626
SPY,2026-12-18,call,590.0,193.26,196.61,194.935,194.97,1.0,976,0.40787335296630856,126,0.3452054794520548,-0.2744680662485571,SPY261218C00590000,776.3400268554688,0.009692917716067896,0.037969931251628626
SPY,2026-12-18,call,595.0,188.46,191.81,190.135,192.16,7.0,1527,0.40097644927978515,126,0.3452054794520548,-0.2660291976026925,SPY261218C00595000,776.3400268554688,0.009692917716067896,0.037969931251628626
SPY,2026-12-18,call,600.0,183.66,187.01,185.33499999999998,185.75,1.0,4520,0.3940032524108887,126,0.3452054794520548,-0.2576609479321759,SPY261218C00600000,776.3400268554688,0.009692917716067896,0.037969931251628626
SPY,2026-12-18,call,605.0,178.87,182.22,180.54500000000002,182.61,1.0,3068,0.3871216073608398,126,0.3452054794520548,-0.2493621451174807,SPY261218C00605000,776.3400268554688,0.009692917716067896,0.037969931251628626
SPY,2026-12-18,call,610.0,174.09,177.44,175.765,177.09,2.0,1356,0.38028573822021483,126,0.3452054794520548,-0.24113164598096526,SPY261218C00610000,776.3400268554688,0.009692917716067896,0.037969931251628626
SPY,2026-12-18,call,615.0,169.32,172.67,170.995,168.4,2.0,1456,0.3735109036254882,126,0.3452054794520548,-0.23296833534180433,SPY261218C00615000,776.3400268554688,0.009692917716067896,0.037969931251628626
SPY,2026-12-18,call,620.0,164.56,167.91,166.235,168.52,7.0,2731,0.36678184494018556,126,0.3452054794520548,-0.224871125109185,SPY261218C00620000,776.3400268554688,0.009692917716067896,0.037969931251628626
SPY,2026-12-18,call,625.0,159.8,163.16,161.48000000000002,159.12,3.0,1563,0.360083303527832,126,0.3452054794520548,-0.21683895341192078,SPY261218C00625000,776.3400268554688,0.009692917716067896,0.037969931251628626
SPY,2026-12-18,call,630.0,155.06,158.42,156.74,154.0,1.0,911,0.3534305380249023,126,0.3452054794520548,-0.2088707837627438,SPY261218C00630000,776.3400268554688,0.009692917716067896,0.037969931251628626
SPY,2026-12-18,call,635.0,150.33,153.69,152.01,155.0,3.0,1780,0.34679303115844723,126,0.3452054794520548,-0.20096560425563054,SPY261218C00635000,776.3400268554688,0.009692917716067896,0.037969931251628626
SPY,2026-12-18,call,640.0,145.61,148.98,147.29500000000002,147.55,2.0,2220,0.34027759338378905,126,0.3452054794520548,-0.19312242679460467,SPY261218C00640000,776.3400268554688,0.009692917716067896,0.037969931251628626
SPY,2026-12-18,call,645.0,140.91,144.28,142.595,143.63,4.0,1037,0.33376215560913086,126,0.3452054794520548,-0.18534028635254976,SPY261218C00645000,776.3400268554688,0.009692917716067896,0.037969931251628626
SPY,2026-12-18,call,650.0,136.23,139.6,137.915,138.28,22.0,3456,0.32733826965332036,126,0.3452054794520548,-0.17761824025863948,SPY261218C00650000,776.3400268554688,0.009692917716067896,0.037969931251628626
SPY,2026-12-18,call,655.0,131.56,134.92,133.24,133.05,4.0,1085,0.32080757324218745,126,0.3452054794520548,-0.16995536751307025,SPY261218C00655000,776.3400268554688,0.009692917716067896,0.037969931251628626
SPY,2026-12-18,call,660.0,126.9,130.27,128.585,128.9,4.0,1418,0.31444472183227534,126,0.3452054794520548,-0.16235076812785096,SPY261218C00660000,776.3400268554688,0.009692917716067896,0.037969931251628626
SPY,2026-12-18,call,665.0,122.26,125.63,123.945,124.74,2.0,1678,0.308051353149414,126,0.3452054794520548,-0.15480356249246807,SPY261218C00665000,776.3400268554688,0.009692917716067896,0.037969931251628626
SPY,2026-12-18,call,670.0,117.64,121.02,119.33,120.69,3.0,2343,0.30178005355834964,126,0.3452054794520548,-0.1473128907633105,SPY261218C00670000,776.3400268554688,0.009692917716067896,0.037969931251628626
SPY,2026-12-18,call,675.0,113.05,116.43,114.74000000000001,114.96,1.0,4332,0.2955392712402344,126,0.3452054794520548,-0.13987791227579244,SPY261218C00675000,776.3400268554688,0.009692917716067896,0.037969931251628626
SPY,2026-12-18,call,680.0,108.48,111.86,110.17,110.55,2.0,4761,0.2893137475585937,126,0.3452054794520548,-0.1324978049781698,SPY261218C00680000,776.3400268554688,0.009692917716067896,0.037969931251628626
SPY,2026-12-18,call,685.0,103.93,107.31,105.62,108.54,14.0,2859,0.2830882238769531,126,0.3452054794520548,-0.1251717648860969,SPY261218C00685000,776.3400268554688,0.009692917716067896,0.037969931251628626
SPY,2026-12-18,call,690.0,99.4,101.25,100.325,101.49,9.0,3498,0.2651593260192871,126,0.3452054794520548,-0.11789900555701716,SPY261218C00690000,776.3400268554688,0.009692917716067896,0.037969931251628626
SPY,2026-12-18,call,695.0,94.9,98.29,96.595,95.79,1.0,2173,0.27075924560546877,126,0.3452054794520548,-0.11067875758353012,SPY261218C00695000,776.3400268554688,0.009692917716067896,0.037969931251628626
SPY,2026-12-18,call,700.0,90.44,93.8,92.12,92.73,26.0,9800,0.2644726873779296,126,0.3452054794520548,-0.10351026810491759,SPY261218C00700000,776.3400268554688,0.009692917716067896,0.037969931251628626
SPY,2026-12-18,call,705.0,86.02,89.38,87.69999999999999,87.77,5.0,3545,0.2584913018798829,126,0.3452054794520548,-0.09639280033605352,SPY261218C00705000,776.3400268554688,0.009692917716067896,0.037969931251628626
SPY,2026-12-18,call,710.0,82.2,84.99,83.595,83.75,9.0,7668,0.25250991638183595,126,0.3452054794520548,-0.08932563311296109,SPY261218C00710000,776.3400268554688,0.009692917716067896,0.037969931251628626
SPY,2026-12-18,call,715.0,77.27,80.65,78.96000000000001,81.32,1.0,2554,0.24662008270263674,126,0.3452054794520548,-0.08230806045431456,SPY261218C00715000,776.3400268554688,0.009692917716067896,0.037969931251628626
SPY,2026-12-18,call,720.0,72.98,76.35,74.66499999999999,76.22,13.0,4381,0.2407607662963867,126,0.3452054794520548,-0.07533939113822125,SPY261218C00720000,776.3400268554688,0.009692917716067896,0.037969931251628626
SPY,2026-12-18,call,725.0,68.74,72.12,70.43,69.98,23.0,4770,0.23506929489135742,126,0.3452054794520548,-0.06841894829364749,SPY261218C00725000,776.3400268554688,0.009692917716067896,0.037969931251628626
SPY,2026-12-18,call,730.0,64.55,67.93,66.24000000000001,66.55,14.0,8511,0.2293473062133789,126,0.3452054794520548,-0.06154606900588536,SPY261218C00730000,776.3400268554688,0.009692917716067896,0.037969931251628626
SPY,2026-12-18,call,735.0,60.43,63.81,62.120000000000005,62.42,1.0,4200,0.22375501594543454,126,0.3452054794520548,-0.05472010393548552,SPY261218C00735000,776.3400268554688,0.009692917716067896,0.037969931251628626
SPY,2026-12-18,call,740.0,56.38,59.78,58.08,58.3,18.0,6427,0.21836108795166015,126,0.3452054794520548,-0.047940416950106784,SPY261218C00740000,776.3400268554688,0.009692917716067896,0.037969931251628626
SPY,2026-12-18,call,745.0,52.42,55.85,54.135000000000005,56.02,2.0,6007,0.2132036688232422,126,0.3452054794520548,-0.041206384768762726,SPY261218C00745000,776.3400268554688,0.009692917716067896,0.037969931251628626
SPY,2026-12-18,call,750.0,50.0,51.5,50.75,50.42,35.0,27712,0.20519288467407226,126,0.3452054794520548,-0.03451739661796614,SPY261218C00750000,776.3400268554688,0.009692917716067896,0.037969931251628626
SPY,2026-12-18,call,755.0,45.02,47.5,46.260000000000005,46.59,9.0,4844,0.19886055053710935,126,0.3452054794520548,-0.027872853899297473,SPY261218C00755000,776.3400268554688,0.009692917716067896,0.037969931251628626
SPY,2026-12-18,call,760.0,41.31,43.5,42.405,42.87,53.0,9204,0.19210097457885744,126,0.3452054794520548,-0.021272169867945435,SPY261218C00760000,776.3400268554688,0.009692917716067896,0.037969931251628626
SPY,2026-12-18,call,765.0,37.82,41.02,39.42,39.42,4.0,5981,0.1933445534515381,126,0.3452054794520548,-0.014714769321786385,SPY261218C00765000,776.3400268554688,0.009692917716067896,0.037969931251628626
SPY,2026-12-18,call,770.0,34.23,37.61,35.92,35.9,38.0,9313,0.18880510910034182,126,0.3452054794520548,-0.008200088300592712,SPY261218C00770000,776.3400268554688,0.009692917716067896,0.037969931251628626
SPY,2026-12-18,call,775.0,31.94,33.26,32.6,32.89,33.0,8486,0.1785284174346924,126,0.3452054794520548,-0.0017275737949752719,SPY261218C00775000,776.3400268554688,0.009692917716067896,0.037969931251628626
SPY,2026-12-18,call,780.0,29.47,29.52,29.494999999999997,29.62,297.0,24461,0.1710135389709473,126,0.3452054794520548,0.004703316535315243,SPY261218C00780000,776.3400268554688,0.009692917716067896,0.037969931251628626
SPY,2026-12-18,call,785.0,26.53,26.58,26.555,26.66,127.0,13884,0.16719887985229492,126,0.3452054794520548,0.011093114634086122,SPY261218C00785000,776.3400268554688,0.009692917716067896,0.037969931251628626
SPY,2026-12-18,call,790.0,23.76,23.81,23.785,23.87,106.0,12673,0.16359784164428715,126,0.3452054794520548,0.017442342312744955,SPY261218C00790000,776.3400268554688,0.009692917716067896,0.037969931251628626
SPY,2026-12-18,call,795.0,21.17,21.22,21.195,21.3,39.0,9072,0.16021042434692384,126,0.3452054794520548,0.023751511506009765,SPY261218C00795000,776.3400268554688,0.009692917716067896,0.037969931251628626
SPY,2026-12-18,call,800.0,18.77,18.81,18.79,18.8,838.0,20000,0.15703662796020512,126,0.3452054794520548,0.03002112451960503,SPY261218C00800000,776.3400268554688,0.009692917716067896,0.037969931251628626
SPY,2026-12-18,call,805.0,16.54,16.59,16.564999999999998,16.67,96.0,11256,0.1541069697570801,126,0.3452054794520548,0.03625167427024119,SPY261218C00805000,776.3400268554688,0.009692917716067896,0.037969931251628626
SPY,2026-12-18,call,810.0,14.51,14.56,14.535,14.77,65.0,10769,0.15142144973754884,126,0.3452054794520548,0.04244364451816214,SPY261218C00810000,776.3400268554688,0.009692917716067896,0.037969931251628626
SPY,2026-12-18,call,815.0,12.66,12.7,12.68,12.82,82.0,12000,0.14885799880981443,126,0.3452054794520548,0.048597510092540486,SPY261218C00815000,776.3400268554688,0.009692917716067896,0.037969931251628626
SPY,2026-12-18,call,820.0,10.98,11.02,11.0,11.05,295.0,13260,0.14652342742919922,126,0.3452054794520548,0.05471373710997666,SPY261218C00820000,776.3400268554688,0.009692917716067896,0.037969931251628626
SPY,2026-12-18,call,825.0,9.48,9.52,9.5,9.57,77.0,13592,0.14441773559570312,126,0.3452054794520548,0.060792783186358716,SPY261218C00825000,776.3400268554688,0.009692917716067896,0.037969931251628626
SPY,2026-12-18,call,830.0,8.14,8.18,8.16,8.28,206.0,11070,0.1424798887634277,126,0.3452054794520548,0.06683509764232143,SPY261218C00830000,776.3400268554688,0.009692917716067896,0.037969931251628626
SPY,2026-12-18,call,835.0,6.95,6.99,6.970000000000001,7.91,51.0,9434,0.14067936965942385,126,0.3452054794520548,0.07284112170253318,SPY261218C00835000,776.3400268554688,0.009692917716067896,0.037969931251628626
SPY,2026-12-18,call,840.0,5.91,5.95,5.93,5.92,158.0,8076,0.13910773010253907,126,0.3452054794520548,0.07881128868903707,SPY261218C00840000,776.3400268554688,0.009692917716067896,0.037969931251628626
SPY,2026-12-18,call,845.0,5.0,5.04,5.02,5.11,10.0,4400,0.1376581596374512,126,0.3452054794520548,0.0847460242088517,SPY261218C00845000,776.3400268554688,0.009692917716067896,0.037969931251628626
SPY,2026-12-18,call,850.0,4.22,4.25,4.234999999999999,4.3,50.0,11327,0.1363459169006348,126,0.3452054794520548,0.09064574633603988,SPY261218C00850000,776.3400268554688,0.009692917716067896,0.037969931251628626
SPY,2026-12-18,call,855.0,3.54,3.57,3.5549999999999997,4.19,7.0,3785,0.13518626052856447,126,0.3452054794520548,0.09651086578843802,SPY261218C00855000,776.3400268554688,0.009692917716067896,0.037969931251628626
SPY,2026-12-18,call,860.0,2.97,2.99,2.9800000000000004,3.15,44.0,5230,0.13419444915771483,126,0.3452054794520548,0.10234178609923111,SPY261218C00860000,776.3400268554688,0.009692917716067896,0.037969931251628626
SPY,2026-12-18,call,865.0,2.48,2.5,2.49,2.52,21.0,1163,0.13337048278808594,126,0.3452054794520548,0.10813890378355709,SPY261218C00865000,776.3400268554688,0.009692917716067896,0.037969931251628626
SPY,2026-12-18,call,870.0,2.06,2.09,2.075,2.08,73.0,2223,0.13272962005615235,126,0.3452054794520548,0.11390260850030726,SPY261218C00870000,776.3400268554688,0.009692917716067896,0.037969931251628626
SPY,2026-12-18,call,875.0,1.72,1.74,1.73,1.75,81.0,3835,0.13214979187011722,126,0.3452054794520548,0.11963328320929216,SPY261218C00875000,776.3400268554688,0.009692917716067896,0.037969931251628626
SPY,2026-12-18,call,880.0,1.43,1.45,1.44,1.45,3.0,3330,0.13175306732177733,126,0.3452054794520548,0.12533130432392997,SPY261218C00880000,776.3400268554688,0.009692917716067896,0.037969931251628626
SPY,2026-12-18,call,885.0,1.19,1.21,1.2,1.21,42.0,2937,0.1315394464111328,126,0.3452054794520548,0.1309970418596072,SPY261218C00885000,776.3400268554688,0.009692917716067896,0.037969931251628626
SPY,2026-12-18,call,890.0,0.99,1.01,1.0,1.25,4.0,2094,0.13141737731933595,126,0.3452054794520548,0.1366308595778633,SPY261218C00890000,776.3400268554688,0.009692917716067896,0.037969931251628626
SPY,2026-12-18,call,895.0,0.83,0.85,0.84,1.01,2.0,760,0.1315394464111328,126,0.3452054794520548,0.14223311512653322,SPY261218C00895000,776.3400268554688,0.009692917716067896,0.037969931251628626
SPY,2026-12-18,call,900.0,0.7,0.71,0.705,0.73,1046.0,7917,0.13160048095703125,126,0.3452054794520548,0.1478041601759885,SPY261218C00900000,776.3400268554688,0.009692917716067896,0.037969931251628626
SPY,2026-12-18,call,905.0,0.59,0.6,0.595,0.81,520.0,2599,0.13196668823242189,126,0.3452054794520548,0.15334434055160392,SPY261218C00905000,776.3400268554688,0.009692917716067896,0.037969931251628626
SPY,2026-12-18,call,910.0,0.5,0.51,0.505,0.62,91.0,4031,0.1324549645996094,126,0.3452054794520548,0.1588539963625734,SPY261218C00910000,776.3400268554688,0.009692917716067896,0.037969931251628626
SPY,2026-12-18,call,915.0,0.43,0.44,0.435,0.46,1.0,2411,0.13324841369628904,126,0.3452054794520548,0.1643334621271991,SPY261218C00915000,776.3400268554688,0.009692917716067896,0.037969931251628626
SPY,2026-12-18,call,920.0,0.37,0.38,0.375,0.37,5.0,683,0.13404186279296876,126,0.3452054794520548,0.16978306689476383,SPY261218C00920000,776.3400268554688,0.009692917716067896,0.037969931251628626
SPY,2026-12-18,call,925.0,0.32,0.33,0.325,0.32,17.0,1168,0.13501841552734378,126,0.3452054794520548,0.17520313436410292,SPY261218C00925000,776.3400268554688,0.009692917716067896,0.037969931251628626
SPY,2026-12-18,call,930.0,0.28,0.29,0.28500000000000003,0.34,6.0,1723,0.13611703735351563,126,0.3452054794520548,0.18059398299897944,SPY261218C00930000,776.3400268554688,0.009692917716067896,0.037969931251628626
SPY,2026-12-18,call,935.0,0.24,0.26,0.25,0.25,6.0,2006,0.13758186645507814,126,0.3452054794520548,0.18595592614036469,SPY261218C00935000,776.3400268554688,0.009692917716067896,0.037969931251628626
SPY,2026-12-18,call,940.0,0.21,0.23,0.22,0.22,9.0,426,0.1388025573730469,126,0.3452054794520548,0.19128927211572735,SPY261218C00940000,776.3400268554688,0.009692917716067896,0.037969931251628626
SPY,2026-12-18,call,945.0,0.19,0.2,0.195,0.2,1.0,52,0.139657041015625,126,0.3452054794520548,0.1965943243454206,SPY261218C00945000,776.3400268554688,0.009692917716067896,0.037969931251628626
SPY,2026-12-18,call,950.0,0.17,0.18,0.175,0.17,635.0,11386,0.14112187011718752,126,0.3452054794520548,0.20187138144626426,SPY261218C00950000,776.3400268554688,0.009692917716067896,0.037969931251628626
SPY,2026-12-18,call,955.0,0.15,0.16,0.155,0.2,10.0,89,0.14234256103515625,126,0.3452054794520548,0.20712073733240804,SPY261218C00955000,776.3400268554688,0.009692917716067896,0.037969931251628626
SPY,2026-12-18,call,960.0,0.14,0.15,0.14500000000000002,0.15,37.0,940,0.14429566650390624,126,0.3452054794520548,0.21234268131355963,SPY261218C00960000,776.3400268554688,0.009692917716067896,0.037969931251628626
SPY,2026-12-18,call,965.0,0.12,0.14,0.13,0.18,20.0,569,0.14624877197265623,126,0.3452054794520548,0.2175374981906637,SPY261218C00965000,776.3400268554688,0.009692917716067896,0.037969931251628626
SPY,2026-12-18,call,970.0,0.11,0.12,0.11499999999999999,0.16,8.0,1017,0.14673704833984375,126,0.3452054794520548,0.22270546834910634,SPY261218C00970000,776.3400268554688,0.009692917716067896,0.037969931251628626
SPY,2026-12-18,call,975.0,0.1,0.12,0.11,0.1,2.0,1065,0.14966670654296876,126,0.3452054794520548,0.2278468678495249,SPY261218C00975000,776.3400268554688,0.009692917716067896,0.037969931251628626
SPY,2026-12-18,call,980.0,0.09,0.11,0.1,0.1,1.0,1298,0.15137567382812503,126,0.3452054794520548,0.23296196851629541,SPY261218C00980000,776.3400268554688,0.009692917716067896,0.037969931251628626
SPY,2026-12-18,call,985.0,0.09,0.1,0.095,0.11,1.0,419,0.15259636474609378,126,0.3452054794520548,0.2380510380237666,SPY261218C00985000,776.3400268554688,0.009692917716067896,0.037969931251628626
SPY,2026-12-18,call,990.0,0.08,0.09,0.08499999999999999,0.12,7.0,866,0.1538170556640625,126,0.3452054794520548,0.24311433998031337,SPY261218C00990000,776.3400268554688,0.009692917716067896,0.037969931251628626
SPY,2026-12-18,call,995.0,0.07,0.09,0.08,0.11,2.0,1936,0.15674671386718753,126,0.3452054794520548,0.24815213401027061,SPY261218C00995000,776.3400268554688,0.009692917716067896,0.037969931251628626
SPY,2026-12-18,call,1000.0,0.07,0.08,0.07500000000000001,0.07,26.0,2596,0.15747912841796874,126,0.3452054794520548,0.2531646758338148,SPY261218C01000000,776.3400268554688,0.009692917716067896,0.037969931251628626
SPY,2026-12-18,put,525.0,1.45,1.47,1.46,1.45,51.0,4717,0.34998208618164056,126,0.3452054794520548,-0.39119234055669855,SPY261218P00525000,776.3400268554688,0.009692917716067896,0.037969931251628626
SPY,2026-12-18,put,530.0,1.52,1.53,1.525,1.56,83.0,5748,0.34497725341796875,126,0.3452054794520548,-0.3817135966021546,SPY261218P00530000,776.3400268554688,0.009692917716067896,0.037969931251628626
SPY,2026-12-18,put,535.0,1.59,1.6,1.5950000000000002,1.58,17.0,3160,0.3403386279296875,126,0.3452054794520548,-0.3723238562523156,SPY261218P00535000,776.3400268554688,0.009692917716067896,0.037969931251628626
SPY,2026-12-18,put,540.0,1.66,1.67,1.665,1.66,68.0,4732,0.33551689880371094,126,0.3452054794520548,-0.36302146359000215,SPY261218P00540000,776.3400268554688,0.009692917716067896,0.037969931251628626
SPY,2026-12-18,put,545.0,1.73,1.75,1.74,1.72,3.0,5004,0.3309393078613281,126,0.3452054794520548,-0.35380480848507817,SPY261218P00545000,776.3400268554688,0.009692917716067896,0.037969931251628626
SPY,2026-12-18,put,550.0,1.81,1.83,1.82,1.81,42.0,14634,0.3263006823730469,126,0.3452054794520548,-0.34467232492180566,SPY261218P00550000,776.3400268554688,0.009692917716067896,0.037969931251628626
SPY,2026-12-18,put,555.0,1.9,1.91,1.9049999999999998,1.94,4.0,6058,0.3215399877929687,126,0.3452054794520548,-0.33562248940188766,SPY261218P00555000,776.3400268554688,0.009692917716067896,0.037969931251628626
SPY,2026-12-18,put,560.0,1.98,2.0,1.99,1.99,8.0,7559,0.3169623968505859,126,0.3452054794520548,-0.32665381941912724,SPY261218P00560000,776.3400268554688,0.009692917716067896,0.037969931251628626
SPY,2026-12-18,put,565.0,2.08,2.09,2.085,2.06,15.0,2648,0.3122627368164062,126,0.3452054794520548,-0.31776487200188125,SPY261218P00565000,776.3400268554688,0.009692917716067896,0.037969931251628626
SPY,2026-12-18,put,570.0,2.17,2.19,2.1799999999999997,2.18,4.0,4710,0.30774618041992186,126,0.3452054794520548,-0.3089542423197264,SPY261218P00570000,776.3400268554688,0.009692917716067896,0.037969931251628626
SPY,2026-12-18,put,575.0,2.27,2.29,2.2800000000000002,2.28,9.0,6245,0.3031075549316406,126,0.3452054794520548,-0.30022056235097183,SPY261218P00575000,776.3400268554688,0.009692917716067896,0.037969931251628626
SPY,2026-12-18,put,580.0,2.38,2.4,2.3899999999999997,2.38,26.0,10128,0.2985909985351562,126,0.3452054794520548,-0.29156249960785713,SPY261218P00580000,776.3400268554688,0.009692917716067896,0.037969931251628626
SPY,2026-12-18,put,585.0,2.5,2.52,2.51,2.56,109.0,5661,0.2941965112304687,126,0.3452054794520548,-0.2829787559164657,SPY261218P00585000,776.3400268554688,0.009692917716067896,0.037969931251628626
SPY,2026-12-18,put,590.0,2.62,2.64,2.63,2.63,5.0,10774,0.28967995483398434,126,0.3452054794520548,-0.2744680662485571,SPY261218P00590000,776.3400268554688,0.009692917716067896,0.037969931251628626
SPY,2026-12-18,put,595.0,2.75,2.77,2.76,2.74,7.0,3506,0.2852244329833984,126,0.3452054794520548,-0.2660291976026925,SPY261218P00595000,776.3400268554688,0.009692917716067896,0.037969931251628626
SPY,2026-12-18,put,600.0,2.88,2.9,2.8899999999999997,2.88,37.0,23973,0.28064684204101553,126,0.3452054794520548,-0.2576609479321759,SPY261218P00600000,776.3400268554688,0.009692917716067896,0.037969931251628626
SPY,2026-12-18,put,605.0,3.03,3.05,3.04,3.04,11.0,8204,0.27637442382812494,126,0.3452054794520548,-0.2493621451174807,SPY261218P00605000,776.3400268554688,0.009692917716067896,0.037969931251628626
SPY,2026-12-18,put,610.0,3.18,3.2,3.1900000000000004,3.22,29.0,158358,0.27188838470458976,126,0.3452054794520548,-0.24113164598096526,SPY261218P00610000,776.3400268554688,0.009692917716067896,0.037969931251628626
SPY,2026-12-18,put,615.0,3.35,3.37,3.3600000000000003,3.37,7.0,6352,0.2676464837646484,126,0.3452054794520548,-0.23296833534180433,SPY261218P00615000,776.3400268554688,0.009692917716067896,0.037969931251628626
SPY,2026-12-18,put,620.0,3.52,3.54,3.5300000000000002,3.51,14.0,17384,0.263251996459961,126,0.3452054794520548,-0.224871125109185,SPY261218P00620000,776.3400268554688,0.009692917716067896,0.037969931251628626
SPY,2026-12-18,put,625.0,3.71,3.73,3.7199999999999998,3.75,152.0,23691,0.25901009552001963,126,0.3452054794520548,-0.21683895341192078,SPY261218P00625000,776.3400268554688,0.009692917716067896,0.037969931251628626
SPY,2026-12-18,put,630.0,3.9,3.93,3.915,3.9,12.0,41890,0.25476819458007816,126,0.3452054794520548,-0.2088707837627438,SPY261218P00630000,776.3400268554688,0.009692917716067896,0.037969931251628626
SPY,2026-12-18,put,635.0,4.11,4.14,4.125,4.23,7.0,5421,0.2504652590942382,126,0.3452054794520548,-0.20096560425563054,SPY261218P00635000,776.3400268554688,0.009692917716067896,0.037969931251628626
SPY,2026-12-18,put,640.0,4.34,4.36,4.35,4.43,17.0,10952,0.24616232360839846,126,0.3452054794520548,-0.19312242679460467,SPY261218P00640000,776.3400268554688,0.009692917716067896,0.037969931251628626
SPY,2026-12-18,put,645.0,4.57,4.6,4.585,4.58,44.0,8261,0.24195093994140626,126,0.3452054794520548,-0.18534028635254976,SPY261218P00645000,776.3400268554688,0.009692917716067896,0.037969931251628626
SPY,2026-12-18,put,650.0,4.83,4.85,4.84,4.87,453.0,11985,0.2376480044555664,126,0.3452054794520548,-0.17761824025863948,SPY261218P00650000,776.3400268554688,0.009692917716067896,0.037969931251628626
SPY,2026-12-18,put,655.0,5.09,5.12,5.105,5.1,237.0,5032,0.233406103515625,126,0.3452054794520548,-0.16995536751307025,SPY261218P00655000,776.3400268554688,0.009692917716067896,0.037969931251628626
SPY,2026-12-18,put,660.0,5.38,5.4,5.390000000000001,5.36,658.0,131183,0.2291031680297852,126,0.3452054794520548,-0.16235076812785096,SPY261218P00660000,776.3400268554688,0.009692917716067896,0.037969931251628626
SPY,2026-12-18,put,665.0,5.68,5.71,5.695,5.66,15.0,7749,0.22490704299926756,126,0.3452054794520548,-0.15480356249246807,SPY261218P00665000,776.3400268554688,0.009692917716067896,0.037969931251628626
SPY,2026-12-18,put,670.0,6.01,6.03,6.02,6.01,20.0,27802,0.22060410751342768,126,0.3452054794520548,-0.1473128907633105,SPY261218P00670000,776.3400268554688,0.009692917716067896,0.037969931251628626
SPY,2026-12-18,put,675.0,6.35,6.38,6.365,6.37,204.0,8260,0.21637746520996093,126,0.3452054794520548,-0.13987791227579244,SPY261218P00675000,776.3400268554688,0.009692917716067896,0.037969931251628626
SPY,2026-12-18,put,680.0,6.73,6.75,6.74,6.77,55.0,11306,0.2121355642700195,126,0.3452054794520548,-0.1324978049781698,SPY261218P00680000,776.3400268554688,0.009692917716067896,0.037969931251628626
SPY,2026-12-18,put,685.0,7.12,7.15,7.135,7.1,16.0,6418,0.2079089219665527,126,0.3452054794520548,-0.1251717648860969,SPY261218P00685000,776.3400268554688,0.009692917716067896,0.037969931251628626
SPY,2026-12-18,put,690.0,7.55,7.58,7.5649999999999995,7.54,119.0,9712,0.20369753829956055,126,0.3452054794520548,-0.11789900555701716,SPY261218P00690000,776.3400268554688,0.009692917716067896,0.037969931251628626
SPY,2026-12-18,put,695.0,8.0,8.03,8.015,8.02,335.0,10558,0.19939460281372068,126,0.3452054794520548,-0.11067875758353012,SPY261218P00695000,776.3400268554688,0.009692917716067896,0.037969931251628626
SPY,2026-12-18,put,700.0,8.49,8.52,8.504999999999999,8.47,445.0,27216,0.1951374432373047,126,0.3452054794520548,-0.10351026810491759,SPY261218P00700000,776.3400268554688,0.009692917716067896,0.037969931251628626
SPY,2026-12-18,put,705.0,9.02,9.05,9.035,9.06,9.0,2938,0.1909108009338379,126,0.3452054794520548,-0.09639280033605352,SPY261218P00705000,776.3400268554688,0.009692917716067896,0.037969931251628626
SPY,2026-12-18,put,710.0,9.58,9.61,9.594999999999999,9.59,83.0,16488,0.18659260681152345,126,0.3452054794520548,-0.08932563311296109,SPY261218P00710000,776.3400268554688,0.009692917716067896,0.037969931251628626
SPY,2026-12-18,put,715.0,10.19,10.22,10.205,10.24,87.0,4336,0.1823201885986328,126,0.3452054794520548,-0.08230806045431456,SPY261218P00715000,776.3400268554688,0.009692917716067896,0.037969931251628626
SPY,2026-12-18,put,720.0,10.85,10.89,10.870000000000001,10.85,181.0,5082,0.17813932220458983,126,0.3452054794520548,-0.07533939113822125,SPY261218P00720000,776.3400268554688,0.009692917716067896,0.037969931251628626
SPY,2026-12-18,put,725.0,11.57,11.61,11.59,11.58,188.0,3743,0.17391267990112308,126,0.3452054794520548,-0.06841894829364749,SPY261218P00725000,776.3400268554688,0.009692917716067896,0.037969931251628626
SPY,2026-12-18,put,730.0,12.35,12.39,12.370000000000001,12.33,99.0,14643,0.16968603759765627,126,0.3452054794520548,-0.06154606900588536,SPY261218P00730000,776.3400268554688,0.009692917716067896,0.037969931251628626
SPY,2026-12-18,put,735.0,13.21,13.25,13.23,13.2,96.0,27357,0.16556620574951175,126,0.3452054794520548,-0.05472010393548552,SPY261218P00735000,776.3400268554688,0.009692917716067896,0.037969931251628626
SPY,2026-12-18,put,740.0,14.14,14.18,14.16,14.1,661.0,14293,0.16141585662841795,126,0.3452054794520548,-0.047940416950106784,SPY261218P00740000,776.3400268554688,0.009692917716067896,0.037969931251628626
SPY,2026-12-18,put,745.0,15.16,15.2,15.18,15.06,73.0,5249,0.15731891273498536,126,0.3452054794520548,-0.041206384768762726,SPY261218P00745000,776.3400268554688,0.009692917716067896,0.037969931251628626
SPY,2026-12-18,put,750.0,16.28,16.32,16.3,16.29,435.0,9321,0.1532830033874512,126,0.3452054794520548,-0.03451739661796614,SPY261218P00750000,776.3400268554688,0.009692917716067896,0.037969931251628626
SPY,2026-12-18,put,755.0,17.5,17.54,17.52,17.47,422.0,4275,0.14926235267639162,126,0.3452054794520548,-0.027872853899297473,SPY261218P00755000,776.3400268554688,0.009692917716067896,0.037969931251628626
SPY,2026-12-18,put,760.0,18.84,18.89,18.865000000000002,18.73,770.0,13446,0.14534851242065427,126,0.3452054794520548,-0.021272169867945435,SPY261218P00760000,776.3400268554688,0.009692917716067896,0.037969931251628626
SPY,2026-12-18,put,765.0,20.31,20.36,20.335,20.26,235.0,5113,0.1414423014831543,126,0.3452054794520548,-0.014714769321786385,SPY261218P00765000,776.3400268554688,0.009692917716067896,0.037969931251628626
SPY,2026-12-18,put,770.0,21.93,21.98,21.955,21.96,111.0,6309,0.13763527168273929,126,0.3452054794520548,-0.008200088300592712,SPY261218P00770000,776.3400268554688,0.009692917716067896,0.037969931251628626
SPY,2026-12-18,put,775.0,23.7,23.76,23.73,23.64,185.0,2116,0.13391979370117188,126,0.3452054794520548,-0.0017275737949752719,SPY261218P00775000,776.3400268554688,0.009692917716067896,0.037969931251628626
SPY,2026-12-18,put,780.0,25.65,25.71,25.68,25.65,144.0,10739,0.13027297958374018,126,0.3452054794520548,0.004703316535315243,SPY261218P00780000,776.3400268554688,0.009692917716067896,0.037969931251628626
SPY,2026-12-18,put,785.0,27.78,27.84,27.810000000000002,27.72,17.0,1019,0.12669482933044432,126,0.3452054794520548,0.011093114634086122,SPY261218P00785000,776.3400268554688,0.009692917716067896,0.037969931251628626
SPY,2026-12-18,put,790.0,30.1,30.17,30.135,30.36,10.0,1187,0.12323111885070803,126,0.3452054794520548,0.017442342312744955,SPY261218P00790000,776.3400268554688,0.009692917716067896,0.037969931251628626
SPY,2026-12-18,put,795.0,31.97,33.35,32.66,32.45,12.0,398,0.1235439208984375,126,0.3452054794520548,0.023751511506009765,SPY261218P00795000,776.3400268554688,0.009692917716067896,0.037969931251628626
SPY,2026-12-18,put,800.0,34.68,36.15,35.415,35.63,6.0,461,0.12068292655944823,126,0.3452054794520548,0.03002112451960503,SPY261218P00800000,776.3400268554688,0.009692917716067896,0.037969931251628626
SPY,2026-12-18,put,805.0,36.74,39.96,38.35,41.71,2.0,20,0.12282676498413087,126,0.3452054794520548,0.03625167427024119,SPY261218P00805000,776.3400268554688,0.009692917716067896,0.037969931251628626
SPY,2026-12-18,put,810.0,40.6,42.56,41.58,40.62,6.0,12,0.11644865493774414,126,0.3452054794520548,0.04244364451816214,SPY261218P00810000,776.3400268554688,0.009692917716067896,0.037969931251628626
SPY,2026-12-18,put,820.0,46.66,49.2,47.93,48.45,1.0,127,0.10848364669799804,126,0.3452054794520548,0.05471373710997666,SPY261218P00820000,776.3400268554688,0.009692917716067896,0.037969931251628626
SPY,2026-12-18,put,825.0,50.47,53.82,52.144999999999996,55.13,1.0,51,0.11255770263671874,126,0.3452054794520548,0.060792783186358716,SPY261218P00825000,776.3400268554688,0.009692917716067896,0.037969931251628626
SPY,2026-12-18,put,830.0,54.48,57.8,56.14,55.57,62.0,56,0.11061985580444336,126,0.3452054794520548,0.06683509764232143,SPY261218P00830000,776.3400268554688,0.009692917716067896,0.037969931251628626
