contractSymbol,lastTradeDate,strike,lastPrice,bid,ask,change,percentChange,volume,openInterest,impliedVolatility,inTheMoney,contractSize,currency,option_type,expiry,ticker
SPY260904C00500000,2026-08-06 18:43:23+00:00,500.0,270.33,275.81,278.5,0.0,0.0,,21,0.8491226025390625,True,REGULAR,USD,call,2026-09-04,SPY
SPY260904C00505000,2026-08-06 18:03:34+00:00,505.0,265.35,270.77,273.52,0.0,0.0,,4,0.8305681005859374,True,REGULAR,USD,call,2026-09-04,SPY
SPY260904C00510000,2026-08-06 17:58:00+00:00,510.0,260.37,265.78,268.52,0.0,0.0,,4,0.81445498046875,True,REGULAR,USD,call,2026-09-04,SPY
SPY260904C00515000,2026-08-06 17:58:08+00:00,515.0,255.39,260.85,263.54,0.0,0.0,,4,0.8042011767578124,True,REGULAR,USD,call,2026-09-04,SPY
SPY260904C00520000,2026-08-06 18:02:28+00:00,520.0,250.41,255.78,258.56,0.0,0.0,,10,0.7839377075195313,True,REGULAR,USD,call,2026-09-04,SPY
SPY260904C00530000,2026-07-27 19:57:56+00:00,530.0,211.87,245.89,248.59,0.0,0.0,,1,0.7602563037109377,True,REGULAR,USD,call,2026-09-04,SPY
SPY260904C00545000,2026-08-03 19:56:38+00:00,545.0,214.79,230.89,233.62,0.0,0.0,,1,0.7131376342773439,True,REGULAR,USD,call,2026-09-04,SPY
SPY260904C00550000,2026-07-31 14:33:52+00:00,550.0,193.2,225.87,228.64,0.0,0.0,5.0,10,0.6970245141601563,True,REGULAR,USD,call,2026-09-04,SPY
SPY260904C00555000,2026-08-06 15:53:40+00:00,555.0,215.57,220.92,223.65,0.0,0.0,,4,0.684573466796875,True,REGULAR,USD,call,2026-09-04,SPY
SPY260904C00560000,2026-08-11 20:00:01+00:00,560.0,212.14,215.98,218.67,0.0,0.0,11.0,12,0.673098972167969,True,REGULAR,USD,call,2026-09-04,SPY
SPY260904C00565000,2026-08-06 17:29:54+00:00,565.0,204.87,211.0,213.68,0.0,0.0,,9,0.6586948193359375,True,REGULAR,USD,call,2026-09-04,SPY
SPY260904C00570000,2026-08-06 17:48:13+00:00,570.0,200.15,205.96,208.7,0.0,0.0,12.0,14,0.6418492846679689,True,REGULAR,USD,call,2026-09-04,SPY
SPY260904C00580000,2026-08-12 18:30:53+00:00,580.0,194.85,196.04,198.74,0.0,0.0,1.0,1,0.6165809826660158,True,REGULAR,USD,call,2026-09-04,SPY
SPY260904C00585000,2026-08-12 13:32:25+00:00,585.0,189.64,190.98,193.75,0.0,0.0,5.0,7,0.5986368261718751,True,REGULAR,USD,call,2026-09-04,SPY
SPY260904C00600000,2026-07-28 17:54:33+00:00,600.0,144.57,176.11,178.8,0.0,0.0,,3,0.5603071313476562,True,REGULAR,USD,call,2026-09-04,SPY
SPY260904C00610000,2026-08-10 19:38:38+00:00,610.0,164.89,166.09,168.83,0.0,0.0,1.0,10,0.5300339965820313,True,REGULAR,USD,call,2026-09-04,SPY
SPY260904C00615000,2026-08-06 18:03:34+00:00,615.0,155.92,161.11,163.86,0.0,0.0,,4,0.5168505346679688,True,REGULAR,USD,call,2026-09-04,SPY
SPY260904C00620000,2026-08-07 19:07:56+00:00,620.0,154.43,156.18,158.88,0.0,0.0,3.0,3,0.5051319018554687,True,REGULAR,USD,call,2026-09-04,SPY
SPY260904C00630000,2026-08-07 19:02:48+00:00,630.0,144.26,146.14,148.91,0.0,0.0,5.0,6,0.5540816076660158,True,REGULAR,USD,call,2026-09-04,SPY
SPY260904C00635000,2026-08-05 15:46:30+00:00,635.0,140.27,141.25,143.94,0.0,0.0,,10,0.5385788330078126,True,REGULAR,USD,call,2026-09-04,SPY
SPY260904C00640000,2026-08-10 17:59:53+00:00,640.0,134.91,136.2,138.97,0.0,0.0,1.0,4,0.5230760583496092,True,REGULAR,USD,call,2026-09-04,SPY
SPY260904C00645000,2026-08-11 15:50:55+00:00,645.0,129.34,131.21,133.98,0.0,0.0,1.0,1,0.5067188000488281,True,REGULAR,USD,call,2026-09-04,SPY
SPY260904C00650000,2026-08-11 16:34:49+00:00,650.0,123.79,126.32,129.02,0.0,0.0,1.0,2,0.49158223266601564,True,REGULAR,USD,call,2026-09-04,SPY
SPY260904C00655000,2026-08-10 19:29:21+00:00,655.0,120.45,121.35,124.05,0.0,0.0,3.0,6,0.4760794580078125,True,REGULAR,USD,call,2026-09-04,SPY
SPY260904C00660000,2026-08-13 15:17:02+00:00,660.0,119.11,116.33,119.08,0.0,0.0,1.0,12,0.46045461425781253,True,REGULAR,USD,call,2026-09-04,SPY
SPY260904C00665000,2026-08-11 13:30:34+00:00,665.0,111.36,111.37,114.11,0.0,0.0,2.0,15,0.4448908050537109,True,REGULAR,USD,call,2026-09-04,SPY
SPY260904C00670000,2026-08-14 14:06:52+00:00,670.0,110.48,106.4,109.13,9.230003,9.116053,2.0,11,0.4288387194824219,True,REGULAR,USD,call,2026-09-04,SPY
SPY260904C00675000,2026-08-14 19:56:23+00:00,675.0,102.9,101.4,104.18,2.2200012,2.205007,1.0,20,0.4138852557373046,True,REGULAR,USD,call,2026-09-04,SPY
SPY260904C00680000,2026-08-14 16:51:44+00:00,680.0,97.11,96.48,99.22,-0.7799988,-0.7968115,1.0,25,0.398443515625,True,REGULAR,USD,call,2026-09-04,SPY
SPY260904C00685000,2026-08-13 15:51:28+00:00,685.0,93.07,91.57,94.25,0.0,0.0,3.0,19,0.3825745336914062,True,REGULAR,USD,call,2026-09-04,SPY
SPY260904C00690000,2026-08-07 17:34:01+00:00,690.0,90.68,86.57,89.31,5.8600006,6.9087486,1.0,60,0.3676821044921875,True,REGULAR,USD,call,2026-09-04,SPY
SPY260904C00692000,2026-08-07 16:34:48+00:00,692.0,82.49,84.63,87.32,0.0,0.0,1.0,10,0.36121244262695307,True,REGULAR,USD,call,2026-09-04,SPY
SPY260904C00693000,2026-08-12 14:13:10+00:00,693.0,81.74,83.64,86.33,0.0,0.0,4.0,5,0.35809968078613286,True,REGULAR,USD,call,2026-09-04,SPY
SPY260904C00695000,2026-08-13 15:53:34+00:00,695.0,83.09,81.66,84.35,0.0,0.0,1.0,11,0.35193519165039056,True,REGULAR,USD,call,2026-09-04,SPY
SPY260904C00696000,2026-08-13 16:20:41+00:00,696.0,81.91,80.67,83.37,0.0,0.0,1.0,6,0.3491276025390625,True,REGULAR,USD,call,2026-09-04,SPY
SPY260904C00697000,2026-08-04 14:30:14+00:00,697.0,71.15,79.63,82.38,0.0,0.0,2.0,4,0.3460148406982422,True,REGULAR,USD,call,2026-09-04,SPY
SPY260904C00698000,2026-08-06 17:45:03+00:00,698.0,73.54,78.64,81.39,0.0,0.0,,8,0.34290207885742185,True,REGULAR,USD,call,2026-09-04,SPY
SPY260904C00699000,2026-08-04 14:12:21+00:00,699.0,69.44,77.71,80.4,0.0,0.0,,1,0.33978931701660153,True,REGULAR,USD,call,2026-09-04,SPY
SPY260904C00700000,2026-08-14 19:15:59+00:00,700.0,78.74,77.62,79.4,5.659996,7.7449317,3.0,51,0.33637138244628906,True,REGULAR,USD,call,2026-09-04,SPY
SPY260904C00701000,2026-08-05 17:27:57+00:00,701.0,74.22,75.68,78.41,0.0,0.0,,24,0.3332586206054688,True,REGULAR,USD,call,2026-09-04,SPY
SPY260904C00702000,2026-08-13 17:00:29+00:00,702.0,77.25,74.74,77.43,0.0,0.0,4.0,7,0.33045103149414057,True,REGULAR,USD,call,2026-09-04,SPY
SPY260904C00703000,2026-08-13 17:01:46+00:00,703.0,76.39,73.68,76.45,0.0,0.0,2.0,13,0.32758240783691406,True,REGULAR,USD,call,2026-09-04,SPY
SPY260904C00704000,2026-08-03 16:57:48+00:00,704.0,57.56,72.76,75.46,0.0,0.0,6.0,6,0.3244086114501953,True,REGULAR,USD,call,2026-09-04,SPY
SPY260904C00705000,2026-08-13 14:11:39+00:00,705.0,75.82,71.78,74.46,0.0,0.0,1.0,28,0.3209906768798828,True,REGULAR,USD,call,2026-09-04,SPY
SPY260904C00706000,2026-08-13 15:14:54+00:00,706.0,73.89,70.79,73.48,0.0,0.0,1.0,12,0.3181220532226562,True,REGULAR,USD,call,2026-09-04,SPY
SPY260904C00707000,2026-08-05 13:56:40+00:00,707.0,72.55,69.76,72.5,0.0,0.0,,11,0.31519239501953117,True,REGULAR,USD,call,2026-09-04,SPY
SPY260904C00708000,2026-08-04 13:55:00+00:00,708.0,59.78,68.82,71.5,0.0,0.0,102.0,51,0.3117744604492187,True,REGULAR,USD,call,2026-09-04,SPY
SPY260904C00709000,2026-08-04 18:57:54+00:00,709.0,66.72,67.75,70.53,0.0,0.0,,28,0.30914997497558594,True,REGULAR,USD,call,2026-09-04,SPY
SPY260904C00710000,2026-08-14 16:16:06+00:00,710.0,69.33,67.26,69.46,3.3700027,5.1091614,6.0,280,0.30368738311767574,True,REGULAR,USD,call,2026-09-04,SPY
SPY260904C00711000,2026-08-07 13:47:31+00:00,711.0,64.47,65.81,68.56,0.0,0.0,3.0,38,0.30298548583984375,True,REGULAR,USD,call,2026-09-04,SPY
SPY260904C00712000,2026-08-04 15:52:33+00:00,712.0,61.17,64.88,67.56,0.0,0.0,4.0,14,0.2995065167236328,True,REGULAR,USD,call,2026-09-04,SPY
SPY260904C00713000,2026-08-07 16:25:47+00:00,713.0,62.46,63.82,66.59,0.0,0.0,2.0,31,0.29682099670410156,True,REGULAR,USD,call,2026-09-04,SPY
SPY260904C00714000,2026-08-11 19:19:24+00:00,714.0,59.33,62.91,65.6,0.0,0.0,10.0,20,0.29358616577148433,True,REGULAR,USD,call,2026-09-04,SPY
SPY260904C00715000,2026-08-11 14:22:55+00:00,715.0,61.77,61.93,64.61,0.0,0.0,2.0,71,0.2903513348388671,True,REGULAR,USD,call,2026-09-04,SPY
SPY260904C00716000,2026-08-12 14:51:07+00:00,716.0,59.3,60.86,63.63,0.0,0.0,1.0,8,0.2873606420898437,True,REGULAR,USD,call,2026-09-04,SPY
SPY260904C00717000,2026-07-30 14:12:13+00:00,717.0,31.23,59.88,62.66,0.0,0.0,,75,0.284614087524414,True,REGULAR,USD,call,2026-09-04,SPY
SPY260904C00718000,2026-08-07 16:08:48+00:00,718.0,58.69,58.98,61.68,0.0,0.0,1.0,51,0.28162339477539056,True,REGULAR,USD,call,2026-09-04,SPY
SPY260904C00719000,2026-08-06 17:21:12+00:00,719.0,53.38,57.92,60.7,0.0,0.0,4.0,5,0.27857166748046874,True,REGULAR,USD,call,2026-09-04,SPY
SPY260904C00720000,2026-08-14 18:38:18+00:00,720.0,58.11,57.45,59.64,-2.4099998,-3.9821544,1.0,205,0.2735058001708984,True,REGULAR,USD,call,2026-09-04,SPY
SPY260904C00721000,2026-08-07 19:18:53+00:00,721.0,55.76,56.04,58.73,0.0,0.0,3.0,10,0.2722240747070312,True,REGULAR,USD,call,2026-09-04,SPY
SPY260904C00722000,2026-08-11 13:49:42+00:00,722.0,54.45,55.06,57.75,0.0,0.0,1.0,26,0.2691723474121094,True,REGULAR,USD,call,2026-09-04,SPY
SPY260904C00723000,2026-08-13 19:54:08+00:00,723.0,57.31,54.09,56.79,0.0,0.0,22.0,26,0.26654786193847657,True,REGULAR,USD,call,2026-09-04,SPY
SPY260904C00724000,2026-08-03 19:09:00+00:00,724.0,40.27,53.11,55.81,0.0,0.0,2.0,42,0.2634656173706055,True,REGULAR,USD,call,2026-09-04,SPY
SPY260904C00725000,2026-08-13 15:50:41+00:00,725.0,53.94,52.13,54.83,0.0,0.0,1.0,77,0.26032233825683593,True,REGULAR,USD,call,2026-09-04,SPY
SPY260904C00726000,2026-08-14 17:27:34+00:00,726.0,52.75,51.16,53.85,1.4599991,2.846557,1.0,11,0.2572095764160156,True,REGULAR,USD,call,2026-09-04,SPY
SPY260904C00728000,2026-08-11 17:14:19+00:00,728.0,46.46,49.22,51.92,0.0,0.0,2.0,20,0.2515943981933594,True,REGULAR,USD,call,2026-09-04,SPY
SPY260904C00729000,2026-08-13 20:04:43+00:00,729.0,52.66,48.66,50.87,0.0,0.0,1.0,125,0.24677266906738282,True,REGULAR,USD,call,2026-09-04,SPY
SPY260904C00730000,2026-08-14 14:37:46+00:00,730.0,49.87,47.28,49.97,0.45999908,0.9309838,1.0,58,0.2454299090576172,True,REGULAR,USD,call,2026-09-04,SPY
SPY260904C00731000,2026-08-06 17:47:51+00:00,731.0,42.19,46.26,49.0,0.0,0.0,11.0,46,0.24243921630859372,True,REGULAR,USD,call,2026-09-04,SPY
SPY260904C00732000,2026-08-14 17:27:34+00:00,732.0,46.93,45.73,47.97,22.43,91.55102,1.0,119,0.23804472900390622,True,REGULAR,USD,call,2026-09-04,SPY
SPY260904C00733000,2026-08-12 19:41:27+00:00,733.0,43.18,44.82,47.0,0.0,0.0,150.0,160,0.23502351898193358,True,REGULAR,USD,call,2026-09-04,SPY
SPY260904C00734000,2026-08-06 20:00:47+00:00,734.0,39.95,43.81,46.04,0.0,0.0,200.0,374,0.23218541259765624,True,REGULAR,USD,call,2026-09-04,SPY
SPY260904C00735000,2026-08-14 18:00:01+00:00,735.0,43.74,42.84,45.08,4.330002,10.987063,2.0,697,0.2293167889404297,True,REGULAR,USD,call,2026-09-04,SPY
SPY260904C00736000,2026-08-14 18:24:43+00:00,736.0,43.21,41.9,44.12,-2.420002,-5.3035326,7.0,313,0.2264481652832031,True,REGULAR,USD,call,2026-09-04,SPY
SPY260904C00737000,2026-08-14 14:10:05+00:00,737.0,44.39,40.94,43.17,-0.040000916,-0.09003132,2.0,301,0.22373212799072262,True,REGULAR,USD,call,2026-09-04,SPY
SPY260904C00738000,2026-08-07 19:02:06+00:00,738.0,38.86,39.99,41.2,0.0,0.0,115.0,223,0.1986469296264648,True,REGULAR,USD,call,2026-09-04,SPY
SPY260904C00739000,2026-08-11 17:14:19+00:00,739.0,36.89,39.06,40.25,0.0,0.0,2.0,502,0.19617503051757812,True,REGULAR,USD,call,2026-09-04,SPY
SPY260904C00740000,2026-08-14 13:56:57+00:00,740.0,41.65,38.12,39.3,1.1900024,2.9411826,5.0,1511,0.19370313140869144,True,REGULAR,USD,call,2026-09-04,SPY
SPY260904C00741000,2026-08-14 18:02:03+00:00,741.0,38.09,37.19,38.35,2.0600014,5.7174616,8.0,532,0.19117019775390626,True,REGULAR,USD,call,2026-09-04,SPY
SPY260904C00742000,2026-08-14 18:00:01+00:00,742.0,37.07,36.23,37.41,-2.0299988,-5.191813,4.0,915,0.1887898504638672,True,REGULAR,USD,call,2026-09-04,SPY
SPY260904C00743000,2026-08-14 19:40:53+00:00,743.0,36.45,35.29,36.48,3.5100021,10.655745,10.0,613,0.18659260681152345,True,REGULAR,USD,call,2026-09-04,SPY
SPY260904C00744000,2026-08-14 18:24:43+00:00,744.0,35.62,34.32,35.53,-3.4099998,-8.73687,1.0,289,0.1839070867919922,True,REGULAR,USD,call,2026-09-04,SPY
SPY260904C00745000,2026-08-14 18:43:17+00:00,745.0,34.65,33.41,34.6,-1.6299973,-4.492826,5.0,375,0.18158777404785154,True,REGULAR,USD,call,2026-09-04,SPY
SPY260904C00746000,2026-08-12 18:53:04+00:00,746.0,31.85,32.45,33.67,0.0,0.0,13.0,718,0.1792379440307617,True,REGULAR,USD,call,2026-09-04,SPY
SPY260904C00747000,2026-08-13 17:11:47+00:00,747.0,33.97,31.54,32.74,0.0,0.0,3.0,489,0.17682707946777343,True,REGULAR,USD,call,2026-09-04,SPY
SPY260904C00748000,2026-08-14 19:40:10+00:00,748.0,31.37,30.63,31.82,1.4800014,4.951494,4.0,741,0.17453828399658206,True,REGULAR,USD,call,2026-09-04,SPY
SPY260904C00749000,2026-08-14 13:51:16+00:00,749.0,32.6,30.33,30.85,0.41999817,1.3051528,1.0,798,0.1712119012451172,True,REGULAR,USD,call,2026-09-04,SPY
SPY260904C00750000,2026-08-14 17:42:48+00:00,750.0,29.48,28.34,30.39,-2.0300007,-6.442401,6.0,1122,0.17737639038085937,True,REGULAR,USD,call,2026-09-04,SPY
SPY260904C00751000,2026-08-14 17:03:45+00:00,751.0,28.83,27.47,30.18,-2.1499996,-6.9399605,198.0,336,0.1873250213623047,True,REGULAR,USD,call,2026-09-04,SPY
SPY260904C00752000,2026-08-14 15:37:18+00:00,752.0,28.3,26.53,29.28,-2.1400013,-7.030227,3.0,345,0.1848226049804687,True,REGULAR,USD,call,2026-09-04,SPY
SPY260904C00753000,2026-08-14 13:43:06+00:00,753.0,29.34,25.67,28.39,-0.13999939,-0.47489616,2.0,192,0.18244225769042968,True,REGULAR,USD,call,2026-09-04,SPY
SPY260904C00754000,2026-08-13 19:48:09+00:00,754.0,28.31,24.79,27.5,0.0,0.0,198.0,292,0.17993984130859375,True,REGULAR,USD,call,2026-09-04,SPY
SPY260904C00755000,2026-08-14 19:33:37+00:00,755.0,25.54,24.38,26.54,-1.7599983,-6.4468803,11.0,640,0.1762472512817383,True,REGULAR,USD,call,2026-09-04,SPY
SPY260904C00756000,2026-08-14 19:54:40+00:00,756.0,24.66,24.21,24.4,-1.8099995,-6.837928,1188.0,8689,0.15287102020263676,True,REGULAR,USD,call,2026-09-04,SPY
SPY260904C00757000,2026-08-14 20:00:51+00:00,757.0,23.59,22.13,24.8,-2.119999,-8.245815,250.0,302,0.1715781085205078,True,REGULAR,USD,call,2026-09-04,SPY
SPY260904C00758000,2026-08-14 19:08:58+00:00,758.0,22.89,22.18,23.94,-1.2900009,-5.3349915,257.0,461,0.16928931304931644,True,REGULAR,USD,call,2026-09-04,SPY
SPY260904C00759000,2026-08-14 14:42:09+00:00,759.0,23.17,20.45,23.09,0.29000092,1.2674866,3.0,785,0.16703103485107423,True,REGULAR,USD,call,2026-09-04,SPY
SPY260904C00760000,2026-08-14 19:53:09+00:00,760.0,21.26,19.57,22.02,-1.5699997,-6.876915,31.0,1203,0.1613243048095703,True,REGULAR,USD,call,2026-09-04,SPY
SPY260904C00761000,2026-08-14 18:02:03+00:00,761.0,20.12,18.86,21.42,-3.0599995,-13.201033,224.0,405,0.16272809936523439,True,REGULAR,USD,call,2026-09-04,SPY
SPY260904C00762000,2026-08-14 20:01:33+00:00,762.0,19.47,18.06,20.6,-2.880001,-12.885911,212.0,379,0.1606224075317383,True,REGULAR,USD,call,2026-09-04,SPY
SPY260904C00763000,2026-08-14 19:42:36+00:00,763.0,18.72,18.34,18.53,-1.2900009,-6.446781,76.0,8185,0.13984014465332031,True,REGULAR,USD,call,2026-09-04,SPY
SPY260904C00764000,2026-08-14 17:55:43+00:00,764.0,17.43,16.31,18.98,-1.6599998,-8.695651,19.0,717,0.1563652479553223,True,REGULAR,USD,call,2026-09-04,SPY
SPY260904C00765000,2026-08-14 20:04:09+00:00,765.0,17.17,16.24,18.2,-1.8600006,-9.774044,49.0,614,0.15448843566894532,True,REGULAR,USD,call,2026-09-04,SPY
SPY260904C00766000,2026-08-14 19:58:45+00:00,766.0,16.2,14.77,17.42,-1.3999996,-7.9545436,231.0,444,0.1524742956542969,True,REGULAR,USD,call,2026-09-04,SPY
SPY260904C00767000,2026-08-14 15:51:20+00:00,767.0,15.87,14.01,16.67,-1.7400007,-9.8807535,4.0,385,0.15076532836914067,True,REGULAR,USD,call,2026-09-04,SPY
SPY260904C00768000,2026-08-14 19:29:13+00:00,768.0,14.93,13.34,15.85,-2.0299988,-11.969333,3.0,339,0.1479272219848633,True,REGULAR,USD,call,2026-09-04,SPY
SPY260904C00769000,2026-08-14 20:04:09+00:00,769.0,14.37,12.6,15.11,-2.000001,-12.217476,83.0,318,0.1460351510620117,True,REGULAR,USD,call,2026-09-04,SPY
SPY260904C00770000,2026-08-14 20:08:25+00:00,770.0,13.1,12.74,13.55,-2.0899992,-13.7590475,124.0,1352,0.13286694778442382,True,REGULAR,USD,call,2026-09-04,SPY
SPY260904C00771000,2026-08-14 19:57:25+00:00,771.0,12.61,12.05,12.87,-1.8400002,-12.733565,95.0,1258,0.13158522232055664,True,REGULAR,USD,call,2026-09-04,SPY
SPY260904C00772000,2026-08-14 19:57:25+00:00,772.0,11.91,11.34,11.98,-2.0900002,-14.928573,57.0,788,0.12729754547119143,True,REGULAR,USD,call,2026-09-04,SPY
SPY260904C00773000,2026-08-14 19:07:00+00:00,773.0,11.18,11.03,11.52,-1.7999992,-13.867483,31.0,335,0.12859452957153317,True,REGULAR,USD,call,2026-09-04,SPY
SPY260904C00774000,2026-08-14 20:14:52+00:00,774.0,10.49,10.07,10.86,-1.7200003,-14.086817,70.0,1384,0.12700763137817384,True,REGULAR,USD,call,2026-09-04,SPY
SPY260904C00775000,2026-08-14 20:10:42+00:00,775.0,9.82,9.77,10.16,-1.9500008,-16.56755,279.0,1038,0.12468831863403321,True,REGULAR,USD,call,2026-09-04,SPY
SPY260904C00776000,2026-08-14 20:10:04+00:00,776.0,9.22,9.15,9.25,-1.8800001,-16.936937,273.0,698,0.11939357177734375,True,REGULAR,USD,call,2026-09-04,SPY
SPY260904C00777000,2026-08-14 20:14:33+00:00,777.0,8.65,8.57,8.66,-1.7200003,-16.58631,429.0,1049,0.11811184631347656,False,REGULAR,USD,call,2026-09-04,SPY
SPY260904C00778000,2026-08-14 19:56:27+00:00,778.0,8.2,8.0,8.1,-1.7399998,-17.505028,380.0,768,0.11696744857788086,False,REGULAR,USD,call,2026-09-04,SPY
SPY260904C00779000,2026-08-14 20:14:44+00:00,779.0,7.58,7.46,7.55,-1.7799997,-19.017092,461.0,316,0.1157314990234375,False,REGULAR,USD,call,2026-09-04,SPY
SPY260904C00780000,2026-08-14 19:59:56+00:00,780.0,7.27,6.96,7.03,-1.4699998,-16.819221,458.0,1298,0.11463287719726564,False,REGULAR,USD,call,2026-09-04,SPY
SPY260904C00781000,2026-08-14 20:11:50+00:00,781.0,6.48,6.44,6.54,-1.6200004,-20.000002,273.0,481,0.11368684173583984,False,REGULAR,USD,call,2026-09-04,SPY
SPY260904C00782000,2026-08-14 19:56:42+00:00,782.0,6.11,5.97,6.06,-1.5999999,-20.752268,86.0,573,0.11261873718261718,False,REGULAR,USD,call,2026-09-04,SPY
SPY260904C00783000,2026-08-14 20:08:43+00:00,783.0,5.55,5.52,5.61,-1.9199996,-25.702806,151.0,417,0.1116727017211914,False,REGULAR,USD,call,2026-09-04,SPY
SPY260904C00784000,2026-08-14 19:54:43+00:00,784.0,5.34,5.09,5.18,-1.06,-16.562498,70.0,469,0.11075718353271484,False,REGULAR,USD,call,2026-09-04,SPY
SPY260904C00785000,2026-08-14 19:59:06+00:00,785.0,4.78,4.7,4.77,-1.4399996,-23.15112,570.0,1697,0.10984166534423828,False,REGULAR,USD,call,2026-09-04,SPY
SPY260904C00786000,2026-08-14 19:40:52+00:00,786.0,4.52,4.3,4.38,-1.6999998,-27.331188,167.0,409,0.10892614715576171,False,REGULAR,USD,call,2026-09-04,SPY
SPY260904C00787000,2026-08-14 19:45:16+00:00,787.0,4.13,3.94,4.02,-1.29,-23.800737,236.0,1345,0.10816321533203124,False,REGULAR,USD,call,2026-09-04,SPY
SPY260904C00788000,2026-08-14 19:43:05+00:00,788.0,3.79,3.6,3.68,-1.19,-23.895584,116.0,1038,0.10740028350830078,False,REGULAR,USD,call,2026-09-04,SPY
SPY260904C00789000,2026-08-14 19:43:06+00:00,789.0,3.45,3.29,3.34,-0.9399998,-21.412298,125.0,973,0.10636269622802735,False,REGULAR,USD,call,2026-09-04,SPY
SPY260904C00790000,2026-08-14 20:10:04+00:00,790.0,3.02,3.0,3.04,-1.23,-28.941177,268.0,1811,0.10563028167724609,False,REGULAR,USD,call,2026-09-04,SPY
SPY260904C00791000,2026-08-14 19:47:54+00:00,791.0,2.81,2.72,2.76,-1.1200001,-28.498732,83.0,575,0.10492838439941406,False,REGULAR,USD,call,2026-09-04,SPY
SPY260904C00792000,2026-08-14 19:54:22+00:00,792.0,2.59,2.46,2.5,-0.97,-27.247192,84.0,613,0.10428752166748045,False,REGULAR,USD,call,2026-09-04,SPY
SPY260904C00793000,2026-08-14 20:05:06+00:00,793.0,2.27,2.22,2.27,-1.0,-30.58104,49.0,865,0.1038602798461914,False,REGULAR,USD,call,2026-09-04,SPY
SPY260904C00794000,2026-08-14 20:12:51+00:00,794.0,2.03,2.02,2.04,-1.01,-33.223686,180.0,825,0.10312786529541014,False,REGULAR,USD,call,2026-09-04,SPY
SPY260904C00795000,2026-08-14 20:07:40+00:00,795.0,1.84,1.81,1.84,-0.92999995,-33.574005,228.0,2847,0.10267010620117187,False,REGULAR,USD,call,2026-09-04,SPY
SPY260904C00796000,2026-08-14 20:12:32+00:00,796.0,1.65,1.63,1.66,-1.08,-39.560444,199.0,884,0.10230389892578123,False,REGULAR,USD,call,2026-09-04,SPY
SPY260904C00797000,2026-08-14 19:43:05+00:00,797.0,1.55,1.46,1.49,-0.77,-33.189655,63.0,514,0.10187665710449219,False,REGULAR,USD,call,2026-09-04,SPY
SPY260904C00798000,2026-08-14 19:00:18+00:00,798.0,1.4,1.31,1.34,-0.7500001,-34.883728,17.0,486,0.10163251892089843,False,REGULAR,USD,call,2026-09-04,SPY
SPY260904C00799000,2026-08-14 19:58:48+00:00,799.0,1.21,1.17,1.2,-0.8499999,-41.262135,36.0,622,0.10129682891845701,False,REGULAR,USD,call,2026-09-04,SPY
SPY260904C00800000,2026-08-14 20:13:00+00:00,800.0,1.06,1.05,1.07,-0.71000004,-40.112995,1460.0,1973,0.10090010437011719,False,REGULAR,USD,call,2026-09-04,SPY
SPY260904C00801000,2026-08-14 20:00:39+00:00,801.0,0.96,0.94,0.96,-0.67,-41.104294,34.0,782,0.10077803527832031,False,REGULAR,USD,call,2026-09-04,SPY
SPY260904C00802000,2026-08-14 20:07:01+00:00,802.0,0.86,0.84,0.86,-0.68999994,-44.516125,41.0,473,0.10071700073242187,False,REGULAR,USD,call,2026-09-04,SPY
SPY260904C00803000,2026-08-14 19:44:15+00:00,803.0,0.78,0.75,0.77,-0.48000002,-38.095238,54.0,826,0.10065596618652344,False,REGULAR,USD,call,2026-09-04,SPY
SPY260904C00804000,2026-08-14 19:43:06+00:00,804.0,0.69,0.67,0.69,-0.48999995,-41.52542,33.0,530,0.10065596618652344,False,REGULAR,USD,call,2026-09-04,SPY
SPY260904C00805000,2026-08-14 20:05:02+00:00,805.0,0.62,0.6,0.62,-0.46000004,-42.592594,273.0,1502,0.10077803527832031,False,REGULAR,USD,call,2026-09-04,SPY
SPY260904C00806000,2026-08-14 19:43:06+00:00,806.0,0.55,0.54,0.55,-0.42000002,-43.29897,67.0,570,0.100594931640625,False,REGULAR,USD,call,2026-09-04,SPY
SPY260904C00807000,2026-08-14 19:48:26+00:00,807.0,0.49,0.48,0.5,-0.43,-46.73913,60.0,232,0.1010832080078125,False,REGULAR,USD,call,2026-09-04,SPY
SPY260904C00808000,2026-08-14 18:28:20+00:00,808.0,0.45,0.43,0.45,-0.32,-41.55844,428.0,294,0.10132734619140624,False,REGULAR,USD,call,2026-09-04,SPY
SPY260904C00809000,2026-08-14 19:06:15+00:00,809.0,0.4,0.39,0.4,-0.29999998,-42.85714,93.0,213,0.10132734619140624,False,REGULAR,USD,call,2026-09-04,SPY
SPY260904C00810000,2026-08-14 19:59:31+00:00,810.0,0.37,0.35,0.36,-0.31,-45.588234,450.0,658,0.10157148437499999,False,REGULAR,USD,call,2026-09-04,SPY
SPY260904C00811000,2026-08-14 15:14:26+00:00,811.0,0.4,0.32,0.33,-0.20000002,-33.333336,24.0,331,0.10218182983398436,False,REGULAR,USD,call,2026-09-04,SPY
SPY260904C00812000,2026-08-14 17:02:27+00:00,812.0,0.3,0.29,0.3,-0.16999999,-36.170208,572.0,384,0.10267010620117187,False,REGULAR,USD,call,2026-09-04,SPY
SPY260904C00813000,2026-08-13 20:14:14+00:00,813.0,0.51,0.26,0.27,0.0,0.0,6.0,663,0.10303631347656249,False,REGULAR,USD,call,2026-09-04,SPY
SPY260904C00814000,2026-08-14 19:17:20+00:00,814.0,0.24,0.24,0.25,-0.24,-50.0,36.0,31,0.10389079711914062,False,REGULAR,USD,call,2026-09-04,SPY
SPY260904C00815000,2026-08-14 17:37:03+00:00,815.0,0.22,0.22,0.23,-0.16999999,-43.58974,284.0,209,0.10450114257812498,False,REGULAR,USD,call,2026-09-04,SPY
SPY260904C00816000,2026-08-14 18:57:17+00:00,816.0,0.21,0.2,0.21,-0.19000001,-47.500004,8.0,222,0.10511148803710937,False,REGULAR,USD,call,2026-09-04,SPY
SPY260904C00817000,2026-08-13 14:21:40+00:00,817.0,0.51,0.18,0.19,0.0,0.0,4.0,51,0.1054776953125,False,REGULAR,USD,call,2026-09-04,SPY
SPY260904C00818000,2026-08-14 17:02:31+00:00,818.0,0.17,0.17,0.18,-0.2,-54.054054,8.0,240,0.10669838623046876,False,REGULAR,USD,call,2026-09-04,SPY
SPY260904C00819000,2026-08-13 17:00:58+00:00,819.0,0.29,0.15,0.16,0.0,0.0,170.0,160,0.1069425244140625,False,REGULAR,USD,call,2026-09-04,SPY
SPY260904C00820000,2026-08-14 19:59:11+00:00,820.0,0.14,0.14,0.15,-0.14,-50.0,49.0,511,0.1079190771484375,False,REGULAR,USD,call,2026-09-04,SPY
SPY260904C00821000,2026-08-13 14:05:18+00:00,821.0,0.35,0.13,0.14,0.0,0.0,1.0,186,0.10865149169921876,False,REGULAR,USD,call,2026-09-04,SPY
SPY260904C00822000,2026-08-14 18:28:21+00:00,822.0,0.13,0.12,0.13,-0.11,-45.833336,47.0,195,0.10962804443359375,False,REGULAR,USD,call,2026-09-04,SPY
SPY260904C00823000,2026-08-13 14:45:08+00:00,823.0,0.28,0.11,0.12,0.0,0.0,28.0,42,0.11036045898437499,False,REGULAR,USD,call,2026-09-04,SPY
SPY260904C00824000,2026-08-14 16:44:12+00:00,824.0,0.13,0.1,0.11,-0.08,-38.095238,7.0,28,0.11084873535156249,False,REGULAR,USD,call,2026-09-04,SPY
SPY260904C00825000,2026-08-14 17:38:26+00:00,825.0,0.1,0.1,0.11,-0.089999996,-47.368423,26.0,462,0.1128018408203125,False,REGULAR,USD,call,2026-09-04,SPY
SPY260904C00826000,2026-08-14 19:59:25+00:00,826.0,0.09,0.09,0.1,-0.14,-60.869564,16.0,21,0.1132901171875,False,REGULAR,USD,call,2026-09-04,SPY
SPY260904C00827000,2026-08-14 19:34:20+00:00,827.0,0.09,0.09,0.1,-0.11,-55.0,7.0,91,0.11524322265625,False,REGULAR,USD,call,2026-09-04,SPY
SPY260904C00828000,2026-08-13 14:53:18+00:00,828.0,0.18,0.08,0.09,0.0,0.0,109.0,157,0.11548736083984376,False,REGULAR,USD,call,2026-09-04,SPY
SPY260904C00829000,2026-08-14 13:46:13+00:00,829.0,0.14,0.08,0.09,-0.049999997,-26.315786,40.0,542,0.117196328125,False,REGULAR,USD,call,2026-09-04,SPY
SPY260904C00830000,2026-08-14 13:48:10+00:00,830.0,0.12,0.07,0.08,-0.030000009,-20.000006,125.0,753,0.117196328125,False,REGULAR,USD,call,2026-09-04,SPY
SPY260904C00831000,2026-08-14 16:19:40+00:00,831.0,0.09,0.07,0.08,-0.049999997,-35.714283,12.0,166,0.11914943359374999,False,REGULAR,USD,call,2026-09-04,SPY
SPY260904C00832000,2026-08-14 13:30:02+00:00,832.0,0.12,0.06,0.07,-0.030000009,-20.000006,11.0,228,0.11914943359374999,False,REGULAR,USD,call,2026-09-04,SPY
SPY260904C00833000,2026-08-13 18:49:11+00:00,833.0,0.13,0.06,0.07,0.0,0.0,5.0,135,0.1206142626953125,False,REGULAR,USD,call,2026-09-04,SPY
SPY260904C00834000,2026-08-13 14:05:13+00:00,834.0,0.15,0.06,0.07,0.0,0.0,17.0,47,0.12256736816406251,False,REGULAR,USD,call,2026-09-04,SPY
SPY260904C00835000,2026-08-14 16:52:15+00:00,835.0,0.07,0.05,0.06,-0.030000001,-30.0,24.0,190,0.12207909179687501,False,REGULAR,USD,call,2026-09-04,SPY
SPY260904C00836000,2026-08-14 14:59:09+00:00,836.0,0.08,0.05,0.06,-0.07000001,-46.66667,1.0,10037,0.124032197265625,False,REGULAR,USD,call,2026-09-04,SPY
SPY260904C00837000,2026-08-06 16:35:35+00:00,837.0,0.1,0.05,0.06,0.0,0.0,66.0,252,0.12549702636718751,False,REGULAR,USD,call,2026-09-04,SPY
SPY260904C00838000,2026-08-04 19:56:21+00:00,838.0,0.34,0.05,0.06,0.0,0.0,87.0,253,0.1274501318359375,False,REGULAR,USD,call,2026-09-04,SPY
SPY260904C00839000,2026-08-10 18:34:45+00:00,839.0,0.11,0.04,0.05,0.0,0.0,25.0,222,0.12647357910156248,False,REGULAR,USD,call,2026-09-04,SPY
SPY260904C00840000,2026-08-14 17:28:40+00:00,840.0,0.05,0.04,0.05,-0.040000003,-44.444447,6.0,130,0.127938408203125,False,REGULAR,USD,call,2026-09-04,SPY
SPY260904C00841000,2026-08-14 17:03:32+00:00,841.0,0.05,0.04,0.05,-0.46999997,-90.38461,24.0,43,0.129891513671875,False,REGULAR,USD,call,2026-09-04,SPY
SPY260904C00842000,2026-08-13 15:01:58+00:00,842.0,0.09,0.04,0.05,0.0,0.0,145.0,164,0.1313563427734375,False,REGULAR,USD,call,2026-09-04,SPY
SPY260904C00843000,2026-08-14 16:49:22+00:00,843.0,0.05,0.04,0.05,-0.42999998,-89.58333,24.0,313,0.1333094482421875,False,REGULAR,USD,call,2026-09-04,SPY
SPY260904C00844000,2026-08-05 13:34:01+00:00,844.0,0.5,0.04,0.05,0.0,0.0,,1,0.13477427734375003,False,REGULAR,USD,call,2026-09-04,SPY
SPY260904C00845000,2026-08-11 18:57:28+00:00,845.0,0.06,0.03,0.04,0.0,0.0,1.0,65,0.1333094482421875,False,REGULAR,USD,call,2026-09-04,SPY
SPY260904C00846000,2026-08-13 15:08:17+00:00,846.0,0.07,0.03,0.04,0.0,0.0,1.0,143,0.13477427734375003,False,REGULAR,USD,call,2026-09-04,SPY
SPY260904C00847000,2026-08-14 17:25:16+00:00,847.0,0.04,0.03,0.04,-0.04,-50.0,35.0,43,0.13672738281250002,False,REGULAR,USD,call,2026-09-04,SPY
SPY260904C00848000,2026-08-14 19:56:46+00:00,848.0,0.02,0.03,0.04,-0.05,-71.42857,15.0,24,0.1381922119140625,False,REGULAR,USD,call,2026-09-04,SPY
SPY260904C00849000,2026-08-13 19:56:43+00:00,849.0,0.05,0.03,0.04,0.0,0.0,36.0,216,0.139657041015625,False,REGULAR,USD,call,2026-09-04,SPY
SPY260904C00850000,2026-08-14 19:56:51+00:00,850.0,0.03,0.03,0.04,-0.04,-57.142857,41.0,10313,0.141610146484375,False,REGULAR,USD,call,2026-09-04,SPY
SPY260904C00851000,2026-08-14 18:29:43+00:00,851.0,0.03,0.03,0.04,-0.020000001,-40.000004,1258.0,195,0.1430749755859375,False,REGULAR,USD,call,2026-09-04,SPY
SPY260904C00852000,2026-08-11 19:11:55+00:00,852.0,0.04,0.03,0.04,0.0,0.0,849.0,970,0.1445398046875,False,REGULAR,USD,call,2026-09-04,SPY
SPY260904C00853000,2026-08-14 19:12:55+00:00,853.0,0.03,0.03,0.04,-0.020000001,-40.000004,225.0,991,0.14649291015625,False,REGULAR,USD,call,2026-09-04,SPY
SPY260904C00854000,2026-08-14 19:15:36+00:00,854.0,0.03,0.02,0.03,-0.020000001,-40.000004,1217.0,610,0.143563251953125,False,REGULAR,USD,call,2026-09-04,SPY
SPY260904C00855000,2026-08-14 19:14:20+00:00,855.0,0.03,0.02,0.03,-0.01,-25.0,2912.0,1537,0.145516357421875,False,REGULAR,USD,call,2026-09-04,SPY
SPY260904C00856000,2026-08-14 19:13:52+00:00,856.0,0.03,0.02,0.03,-0.01,-25.0,243.0,497,0.14649291015625,False,REGULAR,USD,call,2026-09-04,SPY
SPY260904C00857000,2026-08-12 14:16:00+00:00,857.0,0.04,0.02,0.03,0.0,0.0,58.0,281,0.148446015625,False,REGULAR,USD,call,2026-09-04,SPY
SPY260904C00858000,2026-08-12 14:16:45+00:00,858.0,0.05,0.02,0.03,0.0,0.0,66.0,3431,0.149422568359375,False,REGULAR,USD,call,2026-09-04,SPY
SPY260904C00859000,2026-08-14 16:36:41+00:00,859.0,0.03,0.02,0.03,-0.01,-25.0,52.0,1740,0.15137567382812503,False,REGULAR,USD,call,2026-09-04,SPY
SPY260904C00860000,2026-08-14 16:36:41+00:00,860.0,0.03,0.02,0.03,0.0,0.0,52.0,744,0.15332877929687502,False,REGULAR,USD,call,2026-09-04,SPY
SPY260904C00861000,2026-08-07 19:14:23+00:00,861.0,0.05,0.02,0.03,0.0,0.0,104.0,897,0.15430533203125002,False,REGULAR,USD,call,2026-09-04,SPY
SPY260904C00862000,2026-08-13 13:59:33+00:00,862.0,0.04,0.02,0.03,0.0,0.0,65.0,2109,0.1562584375,False,REGULAR,USD,call,2026-09-04,SPY
SPY260904C00863000,2026-08-10 19:38:57+00:00,863.0,0.04,0.02,0.03,0.0,0.0,200.0,2007,0.157234990234375,False,REGULAR,USD,call,2026-09-04,SPY
SPY260904C00864000,2026-08-13 18:49:25+00:00,864.0,0.05,0.02,0.03,0.0,0.0,15.0,2435,0.159188095703125,False,REGULAR,USD,call,2026-09-04,SPY
SPY260904C00865000,2026-08-11 16:15:39+00:00,865.0,0.03,0.02,0.03,0.0,0.0,1.0,921,0.161141201171875,False,REGULAR,USD,call,2026-09-04,SPY
SPY260904C00866000,2026-08-12 19:40:30+00:00,866.0,0.03,0.02,0.03,0.0,0.0,1.0,3067,0.16211775390625,False,REGULAR,USD,call,2026-09-04,SPY
SPY260904C00868000,2026-08-14 18:27:29+00:00,868.0,0.02,0.02,0.03,-0.02,-50.0,745.0,3726,0.165047412109375,False,REGULAR,USD,call,2026-09-04,SPY
SPY260904C00869000,2026-08-14 19:51:43+00:00,869.0,0.02,0.02,0.03,-0.01,-33.333336,6035.0,4205,0.16700051757812504,False,REGULAR,USD,call,2026-09-04,SPY
SPY260904C00870000,2026-08-14 19:51:43+00:00,870.0,0.02,0.02,0.03,-0.01,-33.333336,7224.0,3497,0.16797707031250003,False,REGULAR,USD,call,2026-09-04,SPY
SPY260904C00875000,2026-08-14 16:59:20+00:00,875.0,0.02,0.01,0.02,-0.01,-33.333336,151.0,166,0.16993017578125003,False,REGULAR,USD,call,2026-09-04,SPY
SPY260904C00880000,2026-08-14 17:26:28+00:00,880.0,0.01,0.01,0.02,-0.02,-66.66667,230.0,484,0.1757894921875,False,REGULAR,USD,call,2026-09-04,SPY
SPY260904C00885000,2026-08-14 16:22:59+00:00,885.0,0.01,0.01,0.02,0.0,0.0,80.0,1608,0.18360191406249998,False,REGULAR,USD,call,2026-09-04,SPY
SPY260904C00890000,2026-08-12 13:59:39+00:00,890.0,0.02,0.01,0.02,0.0,0.0,1.0,1739,0.1914143359375,False,REGULAR,USD,call,2026-09-04,SPY
SPY260904C00895000,2026-08-05 15:17:34+00:00,895.0,0.05,0.01,0.02,0.0,0.0,,1,0.19727365234375,False,REGULAR,USD,call,2026-09-04,SPY
SPY260904C00900000,2026-08-14 18:33:11+00:00,900.0,0.02,0.01,0.02,0.0,0.0,500.0,17,0.20508607421874997,False,REGULAR,USD,call,2026-09-04,SPY
SPY260904C00905000,2026-08-05 15:36:29+00:00,905.0,0.04,0.01,0.02,0.0,0.0,,12,0.21094539062499998,False,REGULAR,USD,call,2026-09-04,SPY
SPY260904C00910000,2026-08-05 14:59:30+00:00,910.0,0.04,0.01,0.02,0.0,0.0,,2,0.21875781249999998,False,REGULAR,USD,call,2026-09-04,SPY
SPY260904C00915000,2026-08-04 15:05:12+00:00,915.0,0.03,0.0,0.01,0.0,0.0,,1,0.21289849609375,False,REGULAR,USD,call,2026-09-04,SPY
SPY260904C00920000,2026-08-07 14:47:52+00:00,920.0,0.01,0.0,0.01,-0.01,-50.0,2.0,5,0.21875781249999998,False,REGULAR,USD,call,2026-09-04,SPY
SPY260904C00925000,2026-08-03 19:34:06+00:00,925.0,0.02,0.0,0.01,0.0,0.0,,10,0.22657023437499998,False,REGULAR,USD,call,2026-09-04,SPY
SPY260904C00930000,2026-08-04 17:53:26+00:00,930.0,0.02,0.0,0.01,0.0,0.0,,1,0.2304764453125,False,REGULAR,USD,call,2026-09-04,SPY
SPY260904C00950000,2026-08-03 17:21:18+00:00,950.0,0.01,0.0,0.01,0.0,0.0,,39,0.257819921875,False,REGULAR,USD,call,2026-09-04,SPY
SPY260904C00955000,2026-08-06 15:54:20+00:00,955.0,0.01,0.0,0.01,0.0,0.0,,25,0.2617261328125,False,REGULAR,USD,call,2026-09-04,SPY
SPY260904C00960000,2026-08-04 13:38:08+00:00,960.0,0.02,0.0,0.01,0.0,0.0,,5,0.2695385546875,False,REGULAR,USD,call,2026-09-04,SPY
SPY260904C00965000,2026-08-13 14:37:35+00:00,965.0,0.01,0.0,0.01,0.0,0.0,960.0,964,0.273444765625,False,REGULAR,USD,call,2026-09-04,SPY
SPY260904C00970000,2026-08-13 14:38:07+00:00,970.0,0.01,0.0,0.01,0.0,0.0,40.0,42,0.28125718749999995,False,REGULAR,USD,call,2026-09-04,SPY
SPY260904C00980000,2026-08-13 14:23:55+00:00,980.0,0.01,0.0,0.01,0.0,0.0,406.0,407,0.2929758203124999,False,REGULAR,USD,call,2026-09-04,SPY
SPY260904C00985000,2026-08-13 14:33:02+00:00,985.0,0.01,0.0,0.01,0.0,0.0,1366.0,807,0.29688203124999996,False,REGULAR,USD,call,2026-09-04,SPY
SPY260904C00990000,2026-08-04 18:12:49+00:00,990.0,0.02,0.0,0.01,0.0,0.0,,1124,0.304694453125,False,REGULAR,USD,call,2026-09-04,SPY
SPY260904C00995000,2026-08-05 14:18:48+00:00,995.0,0.02,0.0,0.01,0.0,0.0,,710,0.31250687499999996,False,REGULAR,USD,call,2026-09-04,SPY
SPY260904C01000000,2026-08-05 17:54:18+00:00,1000.0,0.01,0.0,0.01,0.0,0.0,6.0,10,0.31641308593749995,False,REGULAR,USD,call,2026-09-04,SPY
SPY260904P00500000,2026-08-14 16:30:18+00:00,500.0,0.01,0.01,0.02,0.0,0.0,70.0,439,0.5585981640625001,False,REGULAR,USD,put,2026-09-04,SPY
SPY260904P00505000,2026-08-13 19:37:39+00:00,505.0,0.02,0.01,0.02,0.0,0.0,12.0,7,0.5468795312500001,False,REGULAR,USD,put,2026-09-04,SPY
SPY260904P00510000,2026-08-11 17:20:05+00:00,510.0,0.03,0.01,0.02,0.0,0.0,52.0,36,0.5351608984375,False,REGULAR,USD,put,2026-09-04,SPY
SPY260904P00515000,2026-08-04 18:21:06+00:00,515.0,0.09,0.01,0.02,0.0,0.0,5.0,9,0.523442265625,False,REGULAR,USD,put,2026-09-04,SPY
SPY260904P00520000,2026-08-13 13:48:07+00:00,520.0,0.03,0.01,0.02,0.0,0.0,110.0,56,0.5117236328125,False,REGULAR,USD,put,2026-09-04,SPY
SPY260904P00525000,2026-08-14 14:27:07+00:00,525.0,0.02,0.02,0.03,-0.05,-71.42857,106.0,61,0.5195360546875,False,REGULAR,USD,put,2026-09-04,SPY
SPY260904P00530000,2026-08-11 16:50:11+00:00,530.0,0.05,0.02,0.03,0.0,0.0,60.0,10,0.507817421875,False,REGULAR,USD,put,2026-09-04,SPY
SPY260904P00535000,2026-08-14 14:14:15+00:00,535.0,0.02,0.02,0.03,-0.04,-66.66667,1.0,29,0.5039112109375,False,REGULAR,USD,put,2026-09-04,SPY
SPY260904P00540000,2026-08-12 14:31:01+00:00,540.0,0.05,0.02,0.03,0.0,0.0,25.0,128,0.49219257812500006,False,REGULAR,USD,put,2026-09-04,SPY
SPY260904P00545000,2026-08-14 19:11:37+00:00,545.0,0.03,0.02,0.03,0.0,0.0,111.0,868,0.4804739453125,False,REGULAR,USD,put,2026-09-04,SPY
SPY260904P00550000,2026-08-14 17:12:43+00:00,550.0,0.03,0.03,0.04,-0.03,-50.0,5.0,132,0.48242705078125003,False,REGULAR,USD,put,2026-09-04,SPY
SPY260904P00555000,2026-08-06 13:46:23+00:00,555.0,0.1,0.03,0.04,0.0,0.0,1.0,16,0.47070841796875,False,REGULAR,USD,put,2026-09-04,SPY
SPY260904P00560000,2026-08-14 19:54:48+00:00,560.0,0.03,0.03,0.04,-0.099999994,-76.92307,31.0,18,0.45898978515625005,False,REGULAR,USD,put,2026-09-04,SPY
SPY260904P00565000,2026-08-14 18:57:27+00:00,565.0,0.04,0.04,0.05,-0.02,-33.333336,25.0,63,0.45703667968750006,False,REGULAR,USD,put,2026-09-04,SPY
SPY260904P00570000,2026-08-12 16:16:44+00:00,570.0,0.07,0.04,0.05,0.0,0.0,23.0,119,0.445318046875,False,REGULAR,USD,put,2026-09-04,SPY
SPY260904P00575000,2026-08-14 15:13:41+00:00,575.0,0.05,0.04,0.05,-0.02,-28.571428,3.0,49,0.4335994140625,False,REGULAR,USD,put,2026-09-04,SPY
SPY260904P00580000,2026-08-14 15:49:10+00:00,580.0,0.06,0.05,0.06,-0.010000002,-14.285716,26.0,643,0.42969320312500003,False,REGULAR,USD,put,2026-09-04,SPY
SPY260904P00585000,2026-08-13 14:49:34+00:00,585.0,0.06,0.05,0.06,0.0,0.0,42.0,71,0.41797457031249996,False,REGULAR,USD,put,2026-09-04,SPY
SPY260904P00590000,2026-08-14 13:38:02+00:00,590.0,0.07,0.05,0.06,0.010000002,16.66667,5.0,202,0.4062559375,False,REGULAR,USD,put,2026-09-04,SPY
SPY260904P00595000,2026-08-13 14:20:47+00:00,595.0,0.07,0.06,0.07,0.0,0.0,6.0,276,0.40039662109375,False,REGULAR,USD,put,2026-09-04,SPY
SPY260904P00600000,2026-08-14 18:44:17+00:00,600.0,0.06,0.06,0.07,-0.010000002,-14.285716,37.0,315,0.389654541015625,False,REGULAR,USD,put,2026-09-04,SPY
SPY260904P00605000,2026-08-14 19:40:57+00:00,605.0,0.07,0.07,0.08,-0.020000003,-22.222223,14.0,192,0.38281867187499996,False,REGULAR,USD,put,2026-09-04,SPY
SPY260904P00610000,2026-08-14 19:48:12+00:00,610.0,0.08,0.08,0.09,-0.020000003,-20.000002,15.0,311,0.375982802734375,False,REGULAR,USD,put,2026-09-04,SPY
SPY260904P00615000,2026-08-13 14:21:51+00:00,615.0,0.1,0.08,0.09,0.0,0.0,25.0,148,0.36475244628906256,False,REGULAR,USD,put,2026-09-04,SPY
SPY260904P00620000,2026-08-12 19:57:44+00:00,620.0,0.13,0.09,0.1,0.0,0.0,6.0,586,0.35742830078125,False,REGULAR,USD,put,2026-09-04,SPY
SPY260904P00625000,2026-08-12 15:15:32+00:00,625.0,0.15,0.1,0.11,0.0,0.0,1.0,302,0.34961587890624996,False,REGULAR,USD,put,2026-09-04,SPY
SPY260904P00630000,2026-08-14 19:40:57+00:00,630.0,0.11,0.11,0.12,-0.019999996,-15.384612,13.0,1232,0.3413151806640625,False,REGULAR,USD,put,2026-09-04,SPY
SPY260904P00635000,2026-08-13 14:36:01+00:00,635.0,0.14,0.12,0.13,0.0,0.0,1.0,118,0.33301448242187504,False,REGULAR,USD,put,2026-09-04,SPY
SPY260904P00640000,2026-08-13 14:36:15+00:00,640.0,0.15,0.13,0.14,0.0,0.0,10.0,254,0.3242255078124999,False,REGULAR,USD,put,2026-09-04,SPY
SPY260904P00645000,2026-08-14 19:36:38+00:00,645.0,0.14,0.14,0.15,-0.030000001,-17.647058,44.0,675,0.3149482568359374,False,REGULAR,USD,put,2026-09-04,SPY
SPY260904P00650000,2026-08-14 19:56:25+00:00,650.0,0.16,0.16,0.17,-0.030000001,-15.789474,460.0,715,0.30811238769531246,False,REGULAR,USD,put,2026-09-04,SPY
SPY260904P00655000,2026-08-14 20:11:34+00:00,655.0,0.17,0.17,0.18,-0.03999999,-19.047615,31.0,633,0.29834686035156244,False,REGULAR,USD,put,2026-09-04,SPY
SPY260904P00660000,2026-08-14 20:01:27+00:00,660.0,0.19,0.19,0.2,-0.030000001,-13.636364,36.0,292,0.29053443847656246,False,REGULAR,USD,put,2026-09-04,SPY
SPY260904P00665000,2026-08-14 19:47:34+00:00,665.0,0.21,0.21,0.22,-0.02000001,-8.695656,40.0,395,0.282233740234375,False,REGULAR,USD,put,2026-09-04,SPY
SPY260904P00670000,2026-08-14 19:58:31+00:00,670.0,0.25,0.23,0.24,-0.030000001,-10.714286,25.0,1260,0.273444765625,False,REGULAR,USD,put,2026-09-04,SPY
SPY260904P00675000,2026-08-14 19:49:05+00:00,675.0,0.25,0.25,0.26,-0.060000002,-19.35484,241.0,2184,0.26416751464843746,False,REGULAR,USD,put,2026-09-04,SPY
SPY260904P00680000,2026-08-14 19:56:22+00:00,680.0,0.29,0.28,0.29,-0.050000012,-14.705885,45.0,1567,0.2561109545898438,False,REGULAR,USD,put,2026-09-04,SPY
SPY260904P00685000,2026-08-14 20:07:36+00:00,685.0,0.32,0.31,0.32,-0.04000002,-11.111116,42.0,482,0.2475661181640625,False,REGULAR,USD,put,2026-09-04,SPY
SPY260904P00690000,2026-08-14 20:03:07+00:00,690.0,0.34,0.34,0.35,-0.06999999,-17.073168,97.0,696,0.23853300537109373,False,REGULAR,USD,put,2026-09-04,SPY
SPY260904P00691000,2026-08-14 19:50:06+00:00,691.0,0.35,0.35,0.36,-0.31000003,-46.9697,4.0,191,0.23706817626953125,False,REGULAR,USD,put,2026-09-04,SPY
SPY260904P00692000,2026-08-13 15:35:09+00:00,692.0,0.45,0.36,0.37,0.0,0.0,3.0,118,0.23548127807617186,False,REGULAR,USD,put,2026-09-04,SPY
SPY260904P00693000,2026-08-14 19:52:29+00:00,693.0,0.37,0.37,0.38,-0.060000002,-13.953488,2.0,59,0.23389437988281248,False,REGULAR,USD,put,2026-09-04,SPY
SPY260904P00694000,2026-08-14 13:35:37+00:00,694.0,0.39,0.37,0.38,-0.050000012,-11.363639,6.0,146,0.231452998046875,False,REGULAR,USD,put,2026-09-04,SPY
SPY260904P00695000,2026-08-14 19:59:16+00:00,695.0,0.41,0.38,0.39,-0.030000001,-6.818182,11.0,4849,0.2298660998535156,False,REGULAR,USD,put,2026-09-04,SPY
SPY260904P00696000,2026-08-14 20:07:04+00:00,696.0,0.4,0.39,0.4,-0.01999998,-4.7619004,13.0,121,0.22827920166015625,False,REGULAR,USD,put,2026-09-04,SPY
SPY260904P00697000,2026-08-12 15:11:18+00:00,697.0,0.61,0.4,0.41,0.0,0.0,1.0,86,0.22657023437499998,False,REGULAR,USD,put,2026-09-04,SPY
SPY260904P00698000,2026-08-14 20:05:46+00:00,698.0,0.41,0.41,0.42,-0.08000001,-16.326532,2.0,370,0.2249833361816406,False,REGULAR,USD,put,2026-09-04,SPY
SPY260904P00699000,2026-08-14 13:31:52+00:00,699.0,0.44,0.42,0.43,-0.060000002,-12.0,3.0,45,0.22327436889648436,False,REGULAR,USD,put,2026-09-04,SPY
SPY260904P00700000,2026-08-14 20:04:21+00:00,700.0,0.42,0.42,0.43,-0.09,-17.647058,153.0,8952,0.22071091796874998,False,REGULAR,USD,put,2026-09-04,SPY
SPY260904P00701000,2026-08-14 17:26:09+00:00,701.0,0.47,0.43,0.44,-0.08000001,-14.545456,1.0,459,0.21900195068359374,False,REGULAR,USD,put,2026-09-04,SPY
SPY260904P00702000,2026-08-14 16:16:10+00:00,702.0,0.48,0.44,0.45,-0.049999982,-9.433959,6.0,312,0.2172929833984375,False,REGULAR,USD,put,2026-09-04,SPY
SPY260904P00703000,2026-08-14 19:52:29+00:00,703.0,0.46,0.45,0.46,-0.08000001,-14.8148155,5.0,140,0.21558401611328126,False,REGULAR,USD,put,2026-09-04,SPY
SPY260904P00704000,2026-08-14 13:35:37+00:00,704.0,0.48,0.46,0.47,-0.07000002,-12.727277,6.0,177,0.21363091064453127,False,REGULAR,USD,put,2026-09-04,SPY
SPY260904P00705000,2026-08-14 19:48:28+00:00,705.0,0.48,0.47,0.48,-0.09,-15.789474,217.0,948,0.21192194335937498,False,REGULAR,USD,put,2026-09-04,SPY
SPY260904P00706000,2026-08-14 15:36:56+00:00,706.0,0.56,0.48,0.5,-0.029999971,-5.084741,33.0,270,0.2108233215332031,False,REGULAR,USD,put,2026-09-04,SPY
SPY260904P00707000,2026-08-14 18:58:46+00:00,707.0,0.53,0.5,0.51,-0.04000002,-7.017547,11.0,241,0.20887021606445308,False,REGULAR,USD,put,2026-09-04,SPY
SPY260904P00708000,2026-08-14 19:29:13+00:00,708.0,0.53,0.51,0.52,-0.08000004,-13.11476,12.0,285,0.20703917968749996,False,REGULAR,USD,put,2026-09-04,SPY
SPY260904P00709000,2026-08-14 15:36:56+00:00,709.0,0.6,0.52,0.53,-0.00999999,-1.6393427,21.0,617,0.20508607421874997,False,REGULAR,USD,put,2026-09-04,SPY
SPY260904P00710000,2026-08-14 19:56:23+00:00,710.0,0.56,0.53,0.54,-0.06999999,-11.11111,102.0,1220,0.20313296874999998,False,REGULAR,USD,put,2026-09-04,SPY
SPY260904P00711000,2026-08-14 19:58:19+00:00,711.0,0.58,0.54,0.56,-0.100000024,-14.705885,5.0,160,0.20179020874023437,False,REGULAR,USD,put,2026-09-04,SPY
SPY260904P00712000,2026-08-14 15:51:57+00:00,712.0,0.67,0.56,0.57,0.0,0.0,1.0,257,0.19983710327148438,False,REGULAR,USD,put,2026-09-04,SPY
SPY260904P00713000,2026-08-14 15:21:57+00:00,713.0,0.63,0.57,0.58,-0.09000003,-12.500005,6.0,607,0.1977619287109375,False,REGULAR,USD,put,2026-09-04,SPY
SPY260904P00714000,2026-08-14 17:39:36+00:00,714.0,0.64,0.59,0.6,-0.100000024,-13.513515,63.0,705,0.196297099609375,False,REGULAR,USD,put,2026-09-04,SPY
SPY260904P00715000,2026-08-14 19:19:24+00:00,715.0,0.64,0.6,0.61,-0.08000004,-11.111116,212.0,2192,0.19422192504882813,False,REGULAR,USD,put,2026-09-04,SPY
SPY260904P00716000,2026-08-14 18:15:55+00:00,716.0,0.69,0.62,0.63,-0.04000002,-5.4794545,193.0,540,0.19275709594726562,False,REGULAR,USD,put,2026-09-04,SPY
SPY260904P00717000,2026-08-14 18:50:22+00:00,717.0,0.67,0.63,0.65,-0.06999999,-9.459458,11.0,268,0.19117019775390626,False,REGULAR,USD,put,2026-09-04,SPY
SPY260904P00718000,2026-08-14 18:49:59+00:00,718.0,0.69,0.65,0.66,-0.06999999,-9.2105255,39.0,217,0.18909502319335939,False,REGULAR,USD,put,2026-09-04,SPY
SPY260904P00719000,2026-08-14 15:52:55+00:00,719.0,0.78,0.67,0.68,-0.01000005,-1.2658291,118.0,293,0.18738605590820312,False,REGULAR,USD,put,2026-09-04,SPY
SPY260904P00720000,2026-08-14 20:13:55+00:00,720.0,0.7,0.69,0.7,-0.100000024,-12.500002,831.0,3034,0.18579915771484373,False,REGULAR,USD,put,2026-09-04,SPY
SPY260904P00721000,2026-08-14 16:34:38+00:00,721.0,0.78,0.7,0.72,-0.07000005,-8.2353,182.0,322,0.1840901904296875,False,REGULAR,USD,put,2026-09-04,SPY
SPY260904P00722000,2026-08-14 18:23:16+00:00,722.0,0.76,0.72,0.74,-0.09000003,-10.58824,16.0,291,0.18225915405273438,False,REGULAR,USD,put,2026-09-04,SPY
SPY260904P00723000,2026-08-14 19:56:23+00:00,723.0,0.78,0.75,0.76,-0.120000005,-13.333334,2266.0,432,0.1805501867675781,False,REGULAR,USD,put,2026-09-04,SPY
SPY260904P00724000,2026-08-14 18:49:59+00:00,724.0,0.82,0.77,0.78,-0.120000005,-12.765958,126.0,602,0.178719150390625,False,REGULAR,USD,put,2026-09-04,SPY
SPY260904P00725000,2026-08-14 20:07:01+00:00,725.0,0.81,0.79,0.81,-0.110000014,-11.956524,183.0,883,0.1772543212890625,False,REGULAR,USD,put,2026-09-04,SPY
SPY260904P00726000,2026-08-14 17:51:16+00:00,726.0,0.89,0.82,0.83,-0.13999999,-13.592232,34.0,410,0.17536225036621095,False,REGULAR,USD,put,2026-09-04,SPY
SPY260904P00727000,2026-08-14 20:02:26+00:00,727.0,0.85,0.84,0.86,-0.13,-13.2653055,93.0,630,0.17383638671875,False,REGULAR,USD,put,2026-09-04,SPY
SPY260904P00728000,2026-08-14 18:15:55+00:00,728.0,0.89,0.87,0.88,-0.110000014,-11.000002,40.0,252,0.17188328125000002,False,REGULAR,USD,put,2026-09-04,SPY
SPY260904P00729000,2026-08-14 19:39:43+00:00,729.0,0.93,0.9,0.91,-0.14000005,-13.084116,117.0,260,0.17023534851074223,False,REGULAR,USD,put,2026-09-04,SPY
SPY260904P00730000,2026-08-14 19:53:21+00:00,730.0,0.93,0.92,0.94,-0.109999955,-10.576919,262.0,3015,0.16858741577148442,False,REGULAR,USD,put,2026-09-04,SPY
SPY260904P00731000,2026-08-14 19:39:17+00:00,731.0,0.99,0.96,0.97,-0.110000014,-10.000002,596.0,10278,0.16687844848632816,False,REGULAR,USD,put,2026-09-04,SPY
SPY260904P00732000,2026-08-14 17:22:28+00:00,732.0,1.04,0.99,1.01,-0.07000005,-6.306311,189.0,470,0.16547465393066407,False,REGULAR,USD,put,2026-09-04,SPY
SPY260904P00733000,2026-08-14 20:01:33+00:00,733.0,1.02,1.02,1.04,-0.14999998,-12.820512,510.0,464,0.16364361755371098,False,REGULAR,USD,put,2026-09-04,SPY
SPY260904P00734000,2026-08-14 19:14:33+00:00,734.0,1.11,1.06,1.08,-0.100000024,-8.264464,566.0,225,0.16211775390625,False,REGULAR,USD,put,2026-09-04,SPY
SPY260904P00735000,2026-08-14 19:48:05+00:00,735.0,1.1,1.1,1.11,-0.14999998,-11.999998,361.0,1578,0.16022568298339845,False,REGULAR,USD,put,2026-09-04,SPY
SPY260904P00736000,2026-08-14 19:00:19+00:00,736.0,1.19,1.14,1.15,-0.099999905,-7.7519307,76.0,511,0.15857775024414064,False,REGULAR,USD,put,2026-09-04,SPY
SPY260904P00737000,2026-08-14 19:56:23+00:00,737.0,1.22,1.18,1.2,-0.13,-9.629629,664.0,460,0.15717395568847659,False,REGULAR,USD,put,2026-09-04,SPY
SPY260904P00738000,2026-08-14 20:09:52+00:00,738.0,1.24,1.22,1.24,-0.15999997,-11.428569,299.0,789,0.1554039538574219,False,REGULAR,USD,put,2026-09-04,SPY
SPY260904P00739000,2026-08-14 19:56:23+00:00,739.0,1.31,1.27,1.29,-0.1400001,-9.655179,34.0,495,0.15393912475585939,False,REGULAR,USD,put,2026-09-04,SPY
SPY260904P00740000,2026-08-14 20:09:30+00:00,740.0,1.34,1.32,1.34,-0.110000014,-7.586208,790.0,4391,0.15229119201660157,False,REGULAR,USD,put,2026-09-04,SPY
SPY260904P00741000,2026-08-14 19:56:23+00:00,741.0,1.41,1.37,1.39,-0.13,-8.441559,218.0,458,0.1506432592773438,False,REGULAR,USD,put,2026-09-04,SPY
SPY260904P00742000,2026-08-14 19:56:23+00:00,742.0,1.46,1.42,1.45,-0.099999905,-6.4102507,961.0,779,0.14917843017578125,False,REGULAR,USD,put,2026-09-04,SPY
SPY260904P00743000,2026-08-14 19:56:23+00:00,743.0,1.53,1.48,1.51,-0.13999999,-8.383233,128.0,748,0.14765256652832032,False,REGULAR,USD,put,2026-09-04,SPY
SPY260904P00744000,2026-08-14 19:56:23+00:00,744.0,1.59,1.54,1.57,-0.16999996,-9.659089,196.0,266,0.14606566833496093,False,REGULAR,USD,put,2026-09-04,SPY
SPY260904P00745000,2026-08-14 19:59:04+00:00,745.0,1.66,1.61,1.64,-0.09000003,-5.1428595,611.0,2395,0.14460083923339845,False,REGULAR,USD,put,2026-09-04,SPY
SPY260904P00746000,2026-08-14 19:56:23+00:00,746.0,1.73,1.68,1.71,-0.120000005,-6.4864864,131.0,832,0.1430749755859375,False,REGULAR,USD,put,2026-09-04,SPY
SPY260904P00747000,2026-08-14 19:59:01+00:00,747.0,1.78,1.75,1.78,-0.22000003,-11.000002,86.0,307,0.1414270428466797,False,REGULAR,USD,put,2026-09-04,SPY
SPY260904P00748000,2026-08-14 20:09:07+00:00,748.0,1.85,1.83,1.86,-0.16999996,-8.41584,230.0,256,0.1399622137451172,False,REGULAR,USD,put,2026-09-04,SPY
SPY260904P00749000,2026-08-14 19:56:23+00:00,749.0,1.95,1.91,1.95,-0.099999905,-4.878044,132.0,143,0.13861945373535156,False,REGULAR,USD,put,2026-09-04,SPY
SPY260904P00750000,2026-08-14 20:14:30+00:00,750.0,2.0,2.0,2.03,-0.1500001,-6.9767485,871.0,3509,0.13694100372314455,False,REGULAR,USD,put,2026-09-04,SPY
SPY260904P00751000,2026-08-14 20:14:32+00:00,751.0,2.1,2.1,2.13,-0.16000009,-7.0796494,156.0,560,0.13559824371337892,False,REGULAR,USD,put,2026-09-04,SPY
SPY260904P00752000,2026-08-14 19:53:24+00:00,752.0,2.18,2.2,2.23,-0.20000005,-8.403362,99.0,199,0.13416393188476564,False,REGULAR,USD,put,2026-09-04,SPY
SPY260904P00753000,2026-08-14 20:00:25+00:00,753.0,2.32,2.3,2.33,-0.1400001,-5.691061,27.0,187,0.13257703369140628,False,REGULAR,USD,put,2026-09-04,SPY
SPY260904P00754000,2026-08-14 20:02:21+00:00,754.0,2.4,2.41,2.45,-0.21999979,-8.396939,121.0,456,0.13129530822753904,False,REGULAR,USD,put,2026-09-04,SPY
SPY260904P00755000,2026-08-14 20:14:32+00:00,755.0,2.52,2.53,2.56,-0.11000013,-4.182514,372.0,565,0.12970841003417968,False,REGULAR,USD,put,2026-09-04,SPY
SPY260904P00756000,2026-08-14 17:38:35+00:00,756.0,2.8,2.66,2.69,-0.049999952,-1.7543844,60.0,170,0.12836565002441402,False,REGULAR,USD,put,2026-09-04,SPY
SPY260904P00757000,2026-08-14 19:58:47+00:00,757.0,2.8,2.79,2.83,-0.17000008,-5.7239084,135.0,641,0.12708392456054687,False,REGULAR,USD,put,2026-09-04,SPY
SPY260904P00758000,2026-08-14 20:03:10+00:00,758.0,2.93,2.93,2.97,-0.20000005,-6.389777,67.0,546,0.1256190954589844,False,REGULAR,USD,put,2026-09-04,SPY
SPY260904P00759000,2026-08-14 19:58:47+00:00,759.0,3.09,3.08,3.13,-0.07000017,-2.2151952,153.0,741,0.12439840454101564,False,REGULAR,USD,put,2026-09-04,SPY
SPY260904P00760000,2026-08-14 20:14:32+00:00,760.0,3.26,3.24,3.28,-0.099999905,-2.9761877,745.0,1898,0.12287254089355469,False,REGULAR,USD,put,2026-09-04,SPY
SPY260904P00761000,2026-08-14 20:04:54+00:00,761.0,3.39,3.41,3.45,-0.06999993,-2.0231194,42.0,2171,0.12149926361083985,False,REGULAR,USD,put,2026-09-04,SPY
SPY260904P00762000,2026-08-14 19:58:47+00:00,762.0,3.59,3.59,3.64,-0.16000009,-4.266669,356.0,10274,0.1203090899658203,False,REGULAR,USD,put,2026-09-04,SPY
SPY260904P00763000,2026-08-14 20:14:32+00:00,763.0,3.78,3.78,3.83,-0.00999999,-0.263852,53.0,210,0.11896632995605468,False,REGULAR,USD,put,2026-09-04,SPY
SPY260904P00764000,2026-08-14 19:12:44+00:00,764.0,4.06,3.99,4.04,-0.20000029,-4.6948423,9.0,458,0.11774563903808594,False,REGULAR,USD,put,2026-09-04,SPY
SPY260904P00765000,2026-08-14 20:08:51+00:00,765.0,4.24,4.2,4.25,0.07999992,1.9230752,274.0,1352,0.11634184448242188,False,REGULAR,USD,put,2026-09-04,SPY
SPY260904P00766000,2026-08-14 20:04:54+00:00,766.0,4.41,4.43,4.48,-0.14000034,-3.0769305,76.0,294,0.11506011901855469,False,REGULAR,USD,put,2026-09-04,SPY
SPY260904P00767000,2026-08-14 19:40:16+00:00,767.0,4.64,4.65,4.75,-0.07999992,-1.6949137,37.0,288,0.11417511810302736,False,REGULAR,USD,put,2026-09-04,SPY
SPY260904P00768000,2026-08-14 19:47:35+00:00,768.0,4.9,4.91,5.0,0.03999996,0.8230445,261.0,686,0.1128018408203125,False,REGULAR,USD,put,2026-09-04,SPY
SPY260904P00769000,2026-08-14 19:57:25+00:00,769.0,5.23,5.18,5.28,0.119999886,2.3483343,95.0,438,0.11164218444824218,False,REGULAR,USD,put,2026-09-04,SPY
SPY260904P00770000,2026-08-14 20:09:20+00:00,770.0,5.54,5.47,5.55,0.13000011,2.4029596,7041.0,2639,0.11014683807373046,False,REGULAR,USD,put,2026-09-04,SPY
SPY260904P00771000,2026-08-14 19:52:40+00:00,771.0,5.69,5.77,5.88,-0.059999943,-1.0434773,121.0,2023,0.10926183715820312,False,REGULAR,USD,put,2026-09-04,SPY
SPY260904P00772000,2026-08-14 19:58:20+00:00,772.0,6.15,6.1,6.2,0.11000013,1.8211943,406.0,946,0.10801062896728515,False,REGULAR,USD,put,2026-09-04,SPY
SPY260904P00773000,2026-08-14 20:10:43+00:00,773.0,6.5,6.44,6.55,0.099999905,1.5624985,119.0,590,0.1069425244140625,False,REGULAR,USD,put,2026-09-04,SPY
SPY260904P00774000,2026-08-14 20:11:46+00:00,774.0,6.83,6.8,6.91,0.21999979,3.3282871,122.0,1196,0.10575235076904296,False,REGULAR,USD,put,2026-09-04,SPY
SPY260904P00775000,2026-08-14 20:13:34+00:00,775.0,7.2,7.18,7.29,0.17999983,2.5641,346.0,1105,0.10456217712402342,False,REGULAR,USD,put,2026-09-04,SPY
SPY260904P00776000,2026-08-14 20:05:11+00:00,776.0,7.6,7.58,7.7,0.059999943,0.7957552,278.0,263,0.10355510711669921,False,REGULAR,USD,put,2026-09-04,SPY
SPY260904P00777000,2026-08-14 20:14:57+00:00,777.0,8.05,8.0,8.11,0.3300004,4.2746162,764.0,786,0.1022428643798828,True,REGULAR,USD,put,2026-09-04,SPY
SPY260904P00778000,2026-08-14 20:08:47+00:00,778.0,8.6,8.45,8.58,0.4100008,5.006115,316.0,297,0.10147993255615234,True,REGULAR,USD,put,2026-09-04,SPY
SPY260904P00779000,2026-08-14 19:56:42+00:00,779.0,8.96,8.92,9.0,0.40999985,4.7953196,394.0,196,0.0997709652709961,True,REGULAR,USD,put,2026-09-04,SPY
SPY260904P00780000,2026-08-14 19:56:42+00:00,780.0,9.45,9.41,9.54,0.27999973,3.0534322,544.0,408,0.09934372344970702,True,REGULAR,USD,put,2026-09-04,SPY
SPY260904P00781000,2026-08-14 18:31:41+00:00,781.0,10.05,9.24,10.74,0.5600004,5.900953,40.0,70,0.10755286987304688,True,REGULAR,USD,put,2026-09-04,SPY
SPY260904P00782000,2026-08-14 13:52:34+00:00,782.0,9.56,10.32,11.3,-0.19999981,-2.0491784,10.0,11,0.10697304168701172,True,REGULAR,USD,put,2026-09-04,SPY
SPY260904P00783000,2026-08-14 17:48:07+00:00,783.0,11.33,10.42,11.76,-2.54,-18.312906,11.0,239,0.10471476348876951,True,REGULAR,USD,put,2026-09-04,SPY
SPY260904P00784000,2026-08-14 15:45:46+00:00,784.0,11.76,11.41,12.51,0.6700001,6.0414796,1.0,65,0.10619485122680664,True,REGULAR,USD,put,2026-09-04,SPY
SPY260904P00785000,2026-08-14 15:08:45+00:00,785.0,12.0,11.01,13.58,0.48999977,4.2571654,2.0,35,0.112038908996582,True,REGULAR,USD,put,2026-09-04,SPY
SPY260904P00786000,2026-08-14 19:26:27+00:00,786.0,12.86,11.63,14.23,0.029999733,0.2338249,1.0,325,0.11173373626708984,True,REGULAR,USD,put,2026-09-04,SPY
SPY260904P00787000,2026-08-14 16:22:34+00:00,787.0,13.2,12.3,14.9,-0.34000015,-2.5110793,3.0,180,0.1114895980834961,True,REGULAR,USD,put,2026-09-04,SPY
SPY260904P00788000,2026-08-07 18:58:44+00:00,788.0,18.95,12.99,15.59,0.0,0.0,104.0,118,0.11127597717285155,True,REGULAR,USD,put,2026-09-04,SPY
SPY260904P00789000,2026-08-13 18:23:52+00:00,789.0,14.9,13.7,16.41,0.0,0.0,4.0,57,0.11283235809326173,True,REGULAR,USD,put,2026-09-04,SPY
SPY260904P00790000,2026-08-13 19:24:58+00:00,790.0,14.56,14.8,16.81,0.0,0.0,6.0,188,0.10749183532714844,True,REGULAR,USD,put,2026-09-04,SPY
SPY260904P00791000,2026-08-14 15:29:34+00:00,791.0,16.38,15.19,17.89,-3.6400013,-18.181824,23.0,41,0.11283235809326173,True,REGULAR,USD,put,2026-09-04,SPY
SPY260904P00792000,2026-08-10 16:37:26+00:00,792.0,20.84,15.98,18.63,0.0,0.0,47.0,48,0.11246615081787109,True,REGULAR,USD,put,2026-09-04,SPY
SPY260904P00793000,2026-08-13 18:36:23+00:00,793.0,17.39,16.78,19.48,0.0,0.0,54.0,71,0.11374787628173827,True,REGULAR,USD,put,2026-09-04,SPY
SPY260904P00794000,2026-08-12 17:08:46+00:00,794.0,22.18,17.61,20.31,0.0,0.0,1.0,10,0.11454132537841799,True,REGULAR,USD,put,2026-09-04,SPY
SPY260904P00795000,2026-08-13 14:24:17+00:00,795.0,17.85,19.55,21.11,0.0,0.0,7.0,14,0.1145718426513672,True,REGULAR,USD,put,2026-09-04,SPY
SPY260904P00796000,2026-08-14 19:44:38+00:00,796.0,20.42,19.32,22.01,1.1100006,5.74832,79.0,215,0.11628080993652344,True,REGULAR,USD,put,2026-09-04,SPY
SPY260904P00797000,2026-08-14 15:35:22+00:00,797.0,21.13,20.2,22.9,1.3399982,6.771087,1.0,196,0.1176846044921875,True,REGULAR,USD,put,2026-09-04,SPY
SPY260904P00798000,2026-08-04 15:33:34+00:00,798.0,31.45,21.11,23.83,0.0,0.0,,3,0.11975977905273436,True,REGULAR,USD,put,2026-09-04,SPY
SPY260904P00799000,2026-08-13 13:58:53+00:00,799.0,22.05,22.03,24.67,0.0,0.0,2.0,1,0.119851330871582,True,REGULAR,USD,put,2026-09-04,SPY
SPY260904P00800000,2026-08-14 19:58:48+00:00,800.0,24.0,23.32,24.64,0.7800007,3.3591762,5.0,412,0.09858079162597656,True,REGULAR,USD,put,2026-09-04,SPY
SPY260904P00801000,2026-08-13 14:01:57+00:00,801.0,23.52,23.91,26.53,0.0,0.0,112.0,120,0.12348288635253907,True,REGULAR,USD,put,2026-09-04,SPY
SPY260904P00802000,2026-08-14 18:21:41+00:00,802.0,25.75,24.8,27.56,1.6399994,6.802154,19.0,151,0.12738909729003906,True,REGULAR,USD,put,2026-09-04,SPY
SPY260904P00803000,2026-08-13 14:01:58+00:00,803.0,25.29,25.75,28.51,0.0,0.0,4.0,2,0.12946427185058595,True,REGULAR,USD,put,2026-09-04,SPY
SPY260904P00804000,2026-08-13 14:01:59+00:00,804.0,25.88,26.73,29.51,0.0,0.0,4.0,2,0.1326380682373047,True,REGULAR,USD,put,2026-09-04,SPY
SPY260904P00805000,2026-08-13 19:55:55+00:00,805.0,27.45,27.74,30.42,0.0,0.0,4.0,1,0.13367565551757812,True,REGULAR,USD,put,2026-09-04,SPY
SPY260904P00806000,2026-08-13 13:58:54+00:00,806.0,28.39,28.74,31.47,0.0,0.0,2.0,0,0.1380091082763672,True,REGULAR,USD,put,2026-09-04,SPY
SPY260904P00807000,2026-08-13 13:58:54+00:00,807.0,29.37,29.74,32.42,0.0,0.0,2.0,0,0.1398706619262695,True,REGULAR,USD,put,2026-09-04,SPY
SPY260904P00808000,2026-08-13 13:58:54+00:00,808.0,30.36,30.73,33.5,0.0,0.0,2.0,0,0.14490601196289063,True,REGULAR,USD,put,2026-09-04,SPY
SPY260904P00809000,2026-08-13 13:58:54+00:00,809.0,31.35,31.74,34.42,0.0,0.0,2.0,0,0.14597411651611325,True,REGULAR,USD,put,2026-09-04,SPY
SPY260904P00810000,2026-08-06 18:19:07+00:00,810.0,40.54,32.74,35.42,0.0,0.0,,0,0.14899532653808595,True,REGULAR,USD,put,2026-09-04,SPY
SPY260904P00811000,2026-08-06 18:19:07+00:00,811.0,41.05,33.74,36.42,0.0,0.0,,0,0.1519860192871094,True,REGULAR,USD,put,2026-09-04,SPY
SPY260904P00812000,2026-08-04 18:00:31+00:00,812.0,40.84,34.74,37.42,0.0,0.0,,0,0.15497671203613284,True,REGULAR,USD,put,2026-09-04,SPY
SPY260904P00813000,2026-08-04 18:00:32+00:00,813.0,41.85,35.74,38.42,0.0,0.0,,0,0.15796740478515625,True,REGULAR,USD,put,2026-09-04,SPY
SPY260904P00814000,2026-08-04 18:00:33+00:00,814.0,42.82,36.74,39.42,0.0,0.0,,0,0.16089706298828127,True,REGULAR,USD,put,2026-09-04,SPY
SPY260904P00815000,2026-08-11 17:02:56+00:00,815.0,44.15,37.74,40.42,0.0,0.0,1.0,0,0.1638267211914063,True,REGULAR,USD,put,2026-09-04,SPY
SPY260904P00816000,2026-08-04 18:00:34+00:00,816.0,44.76,38.74,41.42,0.0,0.0,,0,0.1667563793945313,True,REGULAR,USD,put,2026-09-04,SPY
SPY260904P00817000,2026-08-04 18:00:34+00:00,817.0,45.79,39.74,42.42,0.0,0.0,,0,0.16962500305175782,True,REGULAR,USD,put,2026-09-04,SPY
SPY260904P00818000,2026-08-04 18:00:35+00:00,818.0,46.76,40.74,43.42,0.0,0.0,,0,0.1724936267089844,True,REGULAR,USD,put,2026-09-04,SPY
SPY260904P00819000,2026-08-04 18:00:35+00:00,819.0,47.75,41.74,44.42,0.0,0.0,,0,0.17536225036621095,True,REGULAR,USD,put,2026-09-04,SPY
SPY260904P00820000,2026-08-14 14:27:23+00:00,820.0,42.65,42.74,45.42,0.25,0.5896226,2.0,0,0.1782308740234375,True,REGULAR,USD,put,2026-09-04,SPY
SPY260904P00821000,2026-08-04 18:00:36+00:00,821.0,49.72,43.74,46.42,0.0,0.0,,0,0.1810689804077148,True,REGULAR,USD,put,2026-09-04,SPY
SPY260904P00822000,2026-08-04 18:00:36+00:00,822.0,50.7,44.74,47.42,0.0,0.0,,0,0.1839070867919922,True,REGULAR,USD,put,2026-09-04,SPY
SPY260904P00823000,2026-08-04 18:00:36+00:00,823.0,51.69,45.74,48.42,0.0,0.0,,0,0.1867146759033203,True,REGULAR,USD,put,2026-09-04,SPY
SPY260904P00824000,2026-08-04 18:00:37+00:00,824.0,52.74,46.74,49.42,0.0,0.0,,0,0.18952226501464847,True,REGULAR,USD,put,2026-09-04,SPY
SPY260904P00825000,2026-08-04 18:00:37+00:00,825.0,53.73,47.74,50.42,0.0,0.0,,0,0.19226881958007813,True,REGULAR,USD,put,2026-09-04,SPY
SPY260904P00826000,2026-08-04 18:00:37+00:00,826.0,54.73,48.74,51.42,0.0,0.0,,0,0.1950153741455078,True,REGULAR,USD,put,2026-09-04,SPY
SPY260904P00827000,2026-08-04 20:01:32+00:00,827.0,54.79,49.74,52.42,0.0,0.0,,0,0.19782296325683596,True,REGULAR,USD,put,2026-09-04,SPY
SPY260904P00828000,2026-08-04 18:00:38+00:00,828.0,56.76,50.74,53.42,0.0,0.0,,0,0.2005695178222656,True,REGULAR,USD,put,2026-09-04,SPY
SPY260904P00829000,2026-08-05 20:01:34+00:00,829.0,58.75,51.74,54.42,0.0,0.0,,0,0.20325503784179685,True,REGULAR,USD,put,2026-09-04,SPY
SPY260904P00830000,2026-08-04 18:00:38+00:00,830.0,58.76,52.74,55.42,0.0,0.0,,0,0.20600159240722654,True,REGULAR,USD,put,2026-09-04,SPY
SPY260904P00850000,2026-08-07 15:32:28+00:00,850.0,76.31,72.74,75.42,0.0,0.0,2.0,0,0.2581250946044922,True,REGULAR,USD,put,2026-09-04,SPY
SPY260904P00995000,2026-08-14 19:46:43+00:00,995.0,220.35,217.74,220.42,1.4700012,0.6716014,1.0,0,0.5638471350097658,True,REGULAR,USD,put,2026-09-04,SPY
SPY260904P01000000,2026-08-14 19:46:43+00:00,1000.0,225.33,222.74,225.42,1.4700012,0.656661,1.0,1,0.5728802478027344,True,REGULAR,USD,put,2026-09-04,SPY
SPY260930C00375000,2026-08-07 14:03:38+00:00,375.0,397.61,400.65,404.08,0.0,0.0,5.0,19,0.9338385522460937,True,REGULAR,USD,call,2026-09-30,SPY
SPY260930C00380000,2026-08-07 14:03:38+00:00,380.0,392.65,395.67,399.1,0.0,0.0,5.0,8,0.920899228515625,True,REGULAR,USD,call,2026-09-30,SPY
SPY260930C00410000,2026-07-16 17:36:34+00:00,410.0,347.15,365.79,369.21,0.0,0.0,3.0,1,0.8444839770507812,True,REGULAR,USD,call,2026-09-30,SPY
SPY260930C00415000,2026-07-13 15:48:20+00:00,415.0,340.0,360.81,364.23,0.0,0.0,41.0,73,0.8321549987792967,True,REGULAR,USD,call,2026-09-30,SPY
SPY260930C00420000,2026-08-05 13:53:41+00:00,420.0,358.89,355.83,359.25,0.0,0.0,2.0,77,0.8198260205078124,True,REGULAR,USD,call,2026-09-30,SPY
SPY260930C00425000,2026-05-22 19:55:40+00:00,425.0,327.0,0.0,0.0,0.0,0.0,2.0,0,1.0000000000000003e-05,True,REGULAR,USD,call,2026-09-30,SPY
SPY260930C00440000,2026-05-18 14:50:23+00:00,440.0,303.01,0.0,0.0,0.0,0.0,2.0,0,1.0000000000000003e-05,True,REGULAR,USD,call,2026-09-30,SPY
SPY260930C00450000,2026-05-27 14:49:18+00:00,450.0,303.49,0.0,0.0,0.0,0.0,,0,1.0000000000000003e-05,True,REGULAR,USD,call,2026-09-30,SPY
SPY260930C00460000,2026-04-09 17:24:56+00:00,460.0,229.77,282.14,285.65,0.0,0.0,,0,1.0000000000000003e-05,True,REGULAR,USD,call,2026-09-30,SPY
SPY260930C00470000,2026-06-12 18:25:01+00:00,470.0,275.35,286.58,289.97,0.0,0.0,1.0,0,1.0000000000000003e-05,True,REGULAR,USD,call,2026-09-30,SPY
SPY260930C00475000,2026-06-12 13:40:45+00:00,475.0,266.91,281.64,285.03,0.0,0.0,1.0,80,1.0000000000000003e-05,True,REGULAR,USD,call,2026-09-30,SPY
SPY260930C00480000,2026-07-31 19:45:23+00:00,480.0,271.0,296.08,299.39,0.0,0.0,2.0,3,0.6750520776367189,True,REGULAR,USD,call,2026-09-30,SPY
SPY260930C00485000,2026-06-03 14:26:10+00:00,485.0,276.5,0.0,0.0,0.0,0.0,16.0,0,1.0000000000000003e-05,True,REGULAR,USD,call,2026-09-30,SPY
SPY260930C00490000,2026-08-04 13:30:10+00:00,490.0,273.0,286.13,289.44,0.0,0.0,1.0,16,0.6533237792968751,True,REGULAR,USD,call,2026-09-30,SPY
SPY260930C00495000,2026-04-15 17:54:51+00:00,495.0,212.11,248.12,251.5,0.0,0.0,1.0,12,1.0000000000000003e-05,True,REGULAR,USD,call,2026-09-30,SPY
SPY260930C00500000,2026-08-13 16:50:12+00:00,500.0,278.49,276.18,279.49,0.0,0.0,1.0,60,0.631839619140625,True,REGULAR,USD,call,2026-09-30,SPY
SPY260930C00505000,2026-06-02 17:57:05+00:00,505.0,259.46,0.0,0.0,0.0,0.0,2.0,0,1.0000000000000003e-05,True,REGULAR,USD,call,2026-09-30,SPY
SPY260930C00510000,2026-08-05 13:43:47+00:00,510.0,266.99,266.23,269.54,0.0,0.0,3.0,9,0.6103554589843752,True,REGULAR,USD,call,2026-09-30,SPY
SPY260930C00515000,2026-08-13 14:46:13+00:00,515.0,265.37,261.25,264.56,0.0,0.0,1.0,205,0.5993692407226563,True,REGULAR,USD,call,2026-09-30,SPY
SPY260930C00520000,2026-08-10 18:42:57+00:00,520.0,255.02,256.28,259.59,0.0,0.0,1.0,30,0.588993367919922,True,REGULAR,USD,call,2026-09-30,SPY
SPY260930C00525000,2026-06-09 16:38:20+00:00,525.0,206.18,232.25,235.64,0.0,0.0,1.0,2,1.0000000000000003e-05,True,REGULAR,USD,call,2026-09-30,SPY
SPY260930C00530000,2026-08-12 16:28:53+00:00,530.0,244.62,246.33,249.64,0.0,0.0,8.0,50,0.5678143804931641,True,REGULAR,USD,call,2026-09-30,SPY
SPY260930C00535000,2026-08-12 16:27:23+00:00,535.0,239.71,241.36,244.67,0.0,0.0,42.0,47,0.5574995422363282,True,REGULAR,USD,call,2026-09-30,SPY
SPY260930C00540000,2026-08-04 18:52:51+00:00,540.0,235.06,236.39,239.7,0.0,0.0,28.0,42,0.5473067730712893,True,REGULAR,USD,call,2026-09-30,SPY
SPY260930C00545000,2026-04-22 18:45:27+00:00,545.0,176.69,199.18,202.61,0.0,0.0,2.0,4,1.0000000000000003e-05,True,REGULAR,USD,call,2026-09-30,SPY
SPY260930C00550000,2026-07-29 15:18:28+00:00,550.0,230.0,226.46,229.77,40.410004,21.314419,2.0,27,0.5273484765625001,True,REGULAR,USD,call,2026-09-30,SPY
SPY260930C00555000,2026-05-12 19:09:19+00:00,555.0,190.9,202.88,206.24,0.0,0.0,2.0,6,1.0000000000000003e-05,True,REGULAR,USD,call,2026-09-30,SPY
SPY260930C00560000,2026-05-26 18:46:49+00:00,560.0,197.36,0.0,0.0,0.0,0.0,1.0,0,1.0000000000000003e-05,True,REGULAR,USD,call,2026-09-30,SPY
SPY260930C00565000,2026-07-29 16:01:58+00:00,565.0,172.61,211.56,214.86,0.0,0.0,1.0,6,0.564579549560547,True,REGULAR,USD,call,2026-09-30,SPY
SPY260930C00570000,2026-08-10 19:48:52+00:00,570.0,205.56,206.59,209.9,0.0,0.0,4.0,70,0.5531660894775392,True,REGULAR,USD,call,2026-09-30,SPY
SPY260930C00575000,2026-06-17 19:40:02+00:00,575.0,171.75,167.49,170.96,0.0,0.0,7.0,358,1.0000000000000003e-05,True,REGULAR,USD,call,2026-09-30,SPY
SPY260930C00580000,2026-08-05 13:47:23+00:00,580.0,198.85,196.67,199.98,0.0,0.0,1.0,17,0.5302781347656251,True,REGULAR,USD,call,2026-09-30,SPY
SPY260930C00585000,2026-08-12 16:28:53+00:00,585.0,190.02,191.71,195.02,0.0,0.0,12.0,738,0.5189257092285156,True,REGULAR,USD,call,2026-09-30,SPY
SPY260930C00590000,2026-06-16 18:48:54+00:00,590.0,169.49,152.85,156.32,0.0,0.0,2.0,60,1.0000000000000003e-05,True,REGULAR,USD,call,2026-09-30,SPY
SPY260930C00594000,2026-07-17 17:21:54+00:00,594.0,157.94,182.79,186.09,0.0,0.0,1.0,2034,0.49841810180664065,True,REGULAR,USD,call,2026-09-30,SPY
SPY260930C00595000,2026-07-27 14:41:13+00:00,595.0,146.3,181.8,185.1,0.0,0.0,1.0,424,0.4961598236083985,True,REGULAR,USD,call,2026-09-30,SPY
SPY260930C00596000,2026-04-30 19:06:42+00:00,596.0,136.88,150.23,153.74,0.0,0.0,1.0,2,1.0000000000000003e-05,True,REGULAR,USD,call,2026-09-30,SPY
SPY260930C00597000,2026-05-22 19:10:43+00:00,597.0,159.56,0.0,0.0,0.0,0.0,1.0,0,1.0000000000000003e-05,True,REGULAR,USD,call,2026-09-30,SPY
SPY260930C00598000,2026-06-01 17:22:08+00:00,598.0,168.06,0.0,0.0,0.0,0.0,4.0,0,1.0000000000000003e-05,True,REGULAR,USD,call,2026-09-30,SPY
SPY260930C00599000,2026-06-18 17:08:58+00:00,599.0,157.83,144.1,147.57,0.0,0.0,2.0,1617,1.0000000000000003e-05,True,REGULAR,USD,call,2026-09-30,SPY
SPY260930C00600000,2026-08-10 19:30:26+00:00,600.0,176.02,176.84,180.14,0.0,0.0,13.0,1641,0.4848684326171875,True,REGULAR,USD,call,2026-09-30,SPY
SPY260930C00601000,2026-05-15 18:23:16+00:00,601.0,153.42,158.28,161.67,0.0,0.0,2.0,729,1.0000000000000003e-05,True,REGULAR,USD,call,2026-09-30,SPY
SPY260930C00602000,2026-07-13 14:16:50+00:00,602.0,154.75,174.86,178.16,0.0,0.0,40.0,37,0.48041291076660153,True,REGULAR,USD,call,2026-09-30,SPY
SPY260930C00603000,2026-07-16 15:12:13+00:00,603.0,156.5,173.87,177.17,0.0,0.0,1.0,22,0.4782156671142578,True,REGULAR,USD,call,2026-09-30,SPY
SPY260930C00604000,2026-06-16 17:37:22+00:00,604.0,155.99,139.25,142.73,0.0,0.0,1.0,5,1.0000000000000003e-05,True,REGULAR,USD,call,2026-09-30,SPY
SPY260930C00605000,2026-08-14 19:27:34+00:00,605.0,173.77,171.89,175.19,18.25,11.734825,5.0,4787,0.4738211798095704,True,REGULAR,USD,call,2026-09-30,SPY
SPY260930C00606000,2026-08-03 13:31:25+00:00,606.0,147.9,170.9,174.2,0.0,0.0,2.0,1612,0.47162393615722653,True,REGULAR,USD,call,2026-09-30,SPY
SPY260930C00607000,2026-05-26 18:46:49+00:00,607.0,152.5,0.0,0.0,0.0,0.0,2.0,0,1.0000000000000003e-05,True,REGULAR,USD,call,2026-09-30,SPY
SPY260930C00608000,2026-04-13 16:06:53+00:00,608.0,93.35,140.44,143.88,0.0,0.0,1.0,6,1.0000000000000003e-05,True,REGULAR,USD,call,2026-09-30,SPY
SPY260930C00609000,2026-05-06 14:12:17+00:00,609.0,135.06,137.98,141.49,0.0,0.0,1.0,21,1.0000000000000003e-05,True,REGULAR,USD,call,2026-09-30,SPY
SPY260930C00610000,2026-08-14 18:03:54+00:00,610.0,168.61,166.94,170.24,-2.0099945,-1.1780533,1.0,950,0.4627739270019532,True,REGULAR,USD,call,2026-09-30,SPY
SPY260930C00611000,2026-08-14 18:03:34+00:00,611.0,167.69,165.95,169.25,10.51001,6.686608,2.0,0,0.46057668334960944,True,REGULAR,USD,call,2026-09-30,SPY
SPY260930C00612000,2026-04-08 19:50:08+00:00,612.0,86.8,136.74,140.19,0.0,0.0,1.0,26,1.0000000000000003e-05,True,REGULAR,USD,call,2026-09-30,SPY
SPY260930C00613000,2026-06-16 14:18:59+00:00,613.0,148.43,130.54,134.04,0.0,0.0,2.0,3,1.0000000000000003e-05,True,REGULAR,USD,call,2026-09-30,SPY
SPY260930C00614000,2026-05-18 16:48:15+00:00,614.0,134.74,0.0,0.0,0.0,0.0,1.0,0,1.0000000000000003e-05,True,REGULAR,USD,call,2026-09-30,SPY
SPY260930C00615000,2026-07-27 14:37:02+00:00,615.0,128.78,161.99,165.29,0.0,0.0,3.0,581,0.451726674194336,True,REGULAR,USD,call,2026-09-30,SPY
SPY260930C00616000,2026-06-11 17:29:03+00:00,616.0,124.7,142.97,146.38,0.0,0.0,1.0,4,1.0000000000000003e-05,True,REGULAR,USD,call,2026-09-30,SPY
SPY260930C00617000,2026-05-28 14:12:59+00:00,617.0,145.85,0.0,0.0,0.0,0.0,1.0,0,1.0000000000000003e-05,True,REGULAR,USD,call,2026-09-30,SPY
SPY260930C00618000,2026-06-11 17:29:03+00:00,618.0,122.79,141.03,144.44,0.0,0.0,1.0,5,1.0000000000000003e-05,True,REGULAR,USD,call,2026-09-30,SPY
SPY260930C00619000,2026-04-21 19:54:27+00:00,619.0,104.58,128.63,132.14,0.0,0.0,1.0,1,1.0000000000000003e-05,True,REGULAR,USD,call,2026-09-30,SPY
SPY260930C00620000,2026-08-14 19:03:07+00:00,620.0,160.6,157.05,160.35,7.630005,4.9879093,1.0,1241,0.4409235595703125,True,REGULAR,USD,call,2026-09-30,SPY
SPY260930C00621000,2026-04-22 20:03:01+00:00,621.0,108.48,126.77,130.28,0.0,0.0,26.0,24,1.0000000000000003e-05,True,REGULAR,USD,call,2026-09-30,SPY
SPY260930C00622000,2026-05-12 13:39:36+00:00,622.0,128.03,138.25,141.35,0.0,0.0,1.0,5,1.0000000000000003e-05,True,REGULAR,USD,call,2026-09-30,SPY
SPY260930C00623000,2026-04-07 16:38:13+00:00,623.0,65.3,126.65,130.0,0.0,0.0,14.0,22,1.0000000000000003e-05,True,REGULAR,USD,call,2026-09-30,SPY
SPY260930C00624000,2026-08-07 15:36:50+00:00,624.0,152.66,153.09,156.39,0.0,0.0,3.0,4,0.43207355041503903,True,REGULAR,USD,call,2026-09-30,SPY
SPY260930C00625000,2026-08-05 15:01:35+00:00,625.0,152.38,152.1,155.4,0.0,0.0,1.0,251,0.4298763067626954,True,REGULAR,USD,call,2026-09-30,SPY
SPY260930C00626000,2026-04-29 18:41:16+00:00,626.0,102.28,122.13,125.65,0.0,0.0,1.0,236,1.0000000000000003e-05,True,REGULAR,USD,call,2026-09-30,SPY
SPY260930C00627000,2026-07-08 16:27:38+00:00,627.0,124.42,150.12,153.42,0.0,0.0,2.0,22,0.42542078491210944,True,REGULAR,USD,call,2026-09-30,SPY
SPY260930C00628000,2026-05-19 14:18:27+00:00,628.0,118.54,0.0,0.0,0.0,0.0,1.0,0,1.0000000000000003e-05,True,REGULAR,USD,call,2026-09-30,SPY
SPY260930C00629000,2026-05-15 18:35:50+00:00,629.0,125.32,131.61,134.71,0.0,0.0,1.0,215,1.0000000000000003e-05,True,REGULAR,USD,call,2026-09-30,SPY
SPY260930C00630000,2026-08-14 19:08:19+00:00,630.0,150.67,147.16,150.46,31.68,26.624086,1.0,806,0.41904267486572266,True,REGULAR,USD,call,2026-09-30,SPY
SPY260930C00631000,2026-06-09 16:38:11+00:00,631.0,107.6,128.44,131.86,0.0,0.0,2.0,766,1.0000000000000003e-05,True,REGULAR,USD,call,2026-09-30,SPY
SPY260930C00632000,2026-06-26 19:59:58+00:00,632.0,109.34,145.18,148.48,0.0,0.0,1.0,53,0.41461767028808594,True,REGULAR,USD,call,2026-09-30,SPY
SPY260930C00633000,2026-06-11 17:29:22+00:00,633.0,110.55,126.51,129.93,0.0,0.0,1.0,199,1.0000000000000003e-05,True,REGULAR,USD,call,2026-09-30,SPY
SPY260930C00634000,2026-04-23 17:41:46+00:00,634.0,91.63,114.76,118.28,0.0,0.0,3.0,106,1.0000000000000003e-05,True,REGULAR,USD,call,2026-09-30,SPY
SPY260930C00635000,2026-07-24 15:01:02+00:00,635.0,112.41,142.22,145.52,0.0,0.0,2.0,790,0.4081785256958008,True,REGULAR,USD,call,2026-09-30,SPY
SPY260930C00636000,2026-07-27 19:28:26+00:00,636.0,109.91,141.23,144.53,0.0,0.0,1.0,117,0.40595076477050784,True,REGULAR,USD,call,2026-09-30,SPY
SPY260930C00637000,2026-04-22 16:30:19+00:00,637.0,93.04,112.02,115.53,0.0,0.0,2.0,131,1.0000000000000003e-05,True,REGULAR,USD,call,2026-09-30,SPY
SPY260930C00638000,2026-06-17 17:29:31+00:00,638.0,121.69,106.61,110.12,0.0,0.0,2.0,125,1.0000000000000003e-05,True,REGULAR,USD,call,2026-09-30,SPY
SPY260930C00639000,2026-06-12 13:40:49+00:00,639.0,109.8,120.74,124.16,0.0,0.0,1.0,556,1.0000000000000003e-05,True,REGULAR,USD,call,2026-09-30,SPY
SPY260930C00640000,2026-08-12 16:28:53+00:00,640.0,135.69,137.28,140.58,0.0,0.0,4.0,982,0.39728385925292964,True,REGULAR,USD,call,2026-09-30,SPY
SPY260930C00641000,2026-08-05 14:32:16+00:00,641.0,137.05,136.3,139.6,0.0,0.0,5.0,244,0.3953002365112305,True,REGULAR,USD,call,2026-09-30,SPY
SPY260930C00642000,2026-06-16 18:48:37+00:00,642.0,119.98,102.82,106.34,0.0,0.0,2.0,174,1.0000000000000003e-05,True,REGULAR,USD,call,2026-09-30,SPY
SPY260930C00643000,2026-07-13 14:16:46+00:00,643.0,115.75,134.32,137.62,0.0,0.0,1.0,132,0.3908447146606445,True,REGULAR,USD,call,2026-09-30,SPY
SPY260930C00644000,2026-05-18 14:42:39+00:00,644.0,109.33,0.0,0.0,0.0,0.0,1.0,0,1.0000000000000003e-05,True,REGULAR,USD,call,2026-09-30,SPY
SPY260930C00645000,2026-08-07 19:49:00+00:00,645.0,131.54,132.35,135.65,0.0,0.0,1.0,502,0.38660281372070304,True,REGULAR,USD,call,2026-09-30,SPY
SPY260930C00646000,2026-07-17 13:35:01+00:00,646.0,103.7,131.37,134.66,0.0,0.0,2.0,24,0.3843750527954102,True,REGULAR,USD,call,2026-09-30,SPY
SPY260930C00647000,2026-06-12 16:13:13+00:00,647.0,106.4,113.07,116.49,0.0,0.0,1.0,202,1.0000000000000003e-05,True,REGULAR,USD,call,2026-09-30,SPY
SPY260930C00648000,2026-06-12 16:13:08+00:00,648.0,105.32,112.11,115.54,0.0,0.0,1.0,4,1.0000000000000003e-05,True,REGULAR,USD,call,2026-09-30,SPY
SPY260930C00649000,2026-05-28 14:13:11+00:00,649.0,116.07,0.0,0.0,0.0,0.0,1.0,0,1.0000000000000003e-05,True,REGULAR,USD,call,2026-09-30,SPY
SPY260930C00650000,2026-08-11 17:41:41+00:00,650.0,124.02,127.42,130.72,0.0,0.0,1.0,1403,0.3758607336425781,True,REGULAR,USD,call,2026-09-30,SPY
SPY260930C00651000,2026-06-15 15:22:32+00:00,651.0,113.99,109.25,112.67,0.0,0.0,1.0,7,1.0000000000000003e-05,True,REGULAR,USD,call,2026-09-30,SPY
SPY260930C00652000,2026-06-16 15:19:46+00:00,652.0,111.15,93.42,96.93,0.0,0.0,3.0,17,1.0000000000000003e-05,True,REGULAR,USD,call,2026-09-30,SPY
SPY260930C00653000,2026-06-11 19:30:19+00:00,653.0,98.59,107.34,110.77,0.0,0.0,2.0,25,1.0000000000000003e-05,True,REGULAR,USD,call,2026-09-30,SPY
SPY260930C00654000,2026-07-17 13:36:47+00:00,654.0,95.91,123.48,126.78,0.0,0.0,1.0,34,0.3673158972167969,True,REGULAR,USD,call,2026-09-30,SPY
SPY260930C00655000,2026-08-07 14:08:32+00:00,655.0,119.68,122.5,125.8,0.0,0.0,1.0,230,0.3653017572021484,True,REGULAR,USD,call,2026-09-30,SPY
SPY260930C00656000,2026-05-14 14:46:27+00:00,656.0,107.73,106.28,109.47,0.0,0.0,2.0,53,1.0000000000000003e-05,True,REGULAR,USD,call,2026-09-30,SPY
SPY260930C00657000,2026-07-07 18:51:38+00:00,657.0,100.74,120.53,123.83,0.0,0.0,1.0,10,0.3610293389892578,True,REGULAR,USD,call,2026-09-30,SPY
SPY260930C00658000,2026-05-28 14:12:53+00:00,658.0,106.92,0.0,0.0,0.0,0.0,1.0,0,1.0000000000000003e-05,True,REGULAR,USD,call,2026-09-30,SPY
SPY260930C00659000,2026-07-09 19:12:02+00:00,659.0,99.6,118.57,121.86,0.0,0.0,1.0,49,0.3566958862304687,True,REGULAR,USD,call,2026-09-30,SPY
SPY260930C00660000,2026-08-10 18:04:31+00:00,660.0,116.65,117.58,120.88,0.0,0.0,1.0,555,0.35468174621582027,True,REGULAR,USD,call,2026-09-30,SPY
SPY260930C00661000,2026-07-02 19:06:02+00:00,661.0,91.95,116.6,119.9,0.0,0.0,1.0,15,0.3526065716552734,True,REGULAR,USD,call,2026-09-30,SPY
SPY260930C00662000,2026-07-07 13:33:55+00:00,662.0,97.74,115.62,118.91,0.0,0.0,1.0,15,0.35034829345703117,True,REGULAR,USD,call,2026-09-30,SPY
SPY260930C00663000,2026-06-16 15:19:46+00:00,663.0,100.65,83.21,86.72,0.0,0.0,3.0,69,1.0000000000000003e-05,True,REGULAR,USD,call,2026-09-30,SPY
SPY260930C00664000,2026-08-05 14:14:11+00:00,664.0,116.81,113.65,116.95,0.0,0.0,1.0,113,0.34622846160888665,True,REGULAR,USD,call,2026-09-30,SPY
SPY260930C00665000,2026-08-05 19:07:19+00:00,665.0,111.4,112.67,115.97,0.0,0.0,4.0,108,0.3441532870483398,True,REGULAR,USD,call,2026-09-30,SPY
SPY260930C00666000,2026-08-03 14:04:08+00:00,666.0,93.21,111.69,114.99,0.0,0.0,8.0,40,0.3421086297607422,True,REGULAR,USD,call,2026-09-30,SPY
SPY260930C00667000,2026-08-04 14:02:24+00:00,667.0,102.0,110.71,114.01,0.0,0.0,1.0,103,0.34003345520019534,True,REGULAR,USD,call,2026-09-30,SPY
SPY260930C00668000,2026-08-12 18:41:20+00:00,668.0,109.2,109.73,113.03,0.0,0.0,1.0,125,0.33792776336669916,True,REGULAR,USD,call,2026-09-30,SPY
SPY260930C00669000,2026-08-12 17:28:06+00:00,669.0,109.29,108.75,112.05,0.0,0.0,1.0,275,0.3358525888061523,True,REGULAR,USD,call,2026-09-30,SPY
SPY260930C00670000,2026-08-14 14:35:22+00:00,670.0,110.37,107.77,111.07,-0.8999939,-0.8088379,1.0,2859,0.33374689697265625,True,REGULAR,USD,call,2026-09-30,SPY
SPY260930C00671000,2026-07-06 19:27:59+00:00,671.0,90.99,106.79,110.09,0.0,0.0,1.0,67,0.3316717224121094,True,REGULAR,USD,call,2026-09-30,SPY
SPY260930C00672000,2026-08-04 14:01:49+00:00,672.0,97.0,105.81,109.11,0.0,0.0,1.0,34,0.32959654785156245,True,REGULAR,USD,call,2026-09-30,SPY
SPY260930C00673000,2026-06-30 13:31:08+00:00,673.0,81.45,104.83,108.13,0.0,0.0,1.0,34,0.3274908560180664,True,REGULAR,USD,call,2026-09-30,SPY
SPY260930C00674000,2026-07-08 14:29:08+00:00,674.0,80.49,103.85,107.15,0.0,0.0,3.0,53,0.3253851641845703,True,REGULAR,USD,call,2026-09-30,SPY
SPY260930C00675000,2026-08-07 18:04:21+00:00,675.0,101.54,102.87,106.17,0.0,0.0,4.0,429,0.3232794723510741,True,REGULAR,USD,call,2026-09-30,SPY
SPY260930C00676000,2026-08-14 15:12:11+00:00,676.0,104.46,101.9,105.19,-0.099998474,-0.09563741,3.0,43,0.32117378051757806,True,REGULAR,USD,call,2026-09-30,SPY
SPY260930C00677000,2026-07-17 16:49:50+00:00,677.0,79.4,100.92,104.21,0.0,0.0,9.0,274,0.31903757141113276,True,REGULAR,USD,call,2026-09-30,SPY
SPY260930C00678000,2026-08-13 14:45:55+00:00,678.0,103.97,99.94,103.24,0.0,0.0,15.0,29,0.31711498321533205,True,REGULAR,USD,call,2026-09-30,SPY
SPY260930C00679000,2026-07-24 15:33:22+00:00,679.0,72.5,98.96,102.26,0.0,0.0,1.0,89,0.31497877410888664,True,REGULAR,USD,call,2026-09-30,SPY
SPY260930C00680000,2026-08-14 19:24:45+00:00,680.0,99.71,97.99,101.28,-2.800003,-2.7314436,1.0,1509,0.31284256500244134,True,REGULAR,USD,call,2026-09-30,SPY
SPY260930C00681000,2026-08-12 17:29:37+00:00,681.0,97.54,97.01,100.31,0.0,0.0,1.0,40,0.3108894595336914,True,REGULAR,USD,call,2026-09-30,SPY
SPY260930C00682000,2026-07-16 15:58:58+00:00,682.0,81.77,96.04,99.33,0.0,0.0,2.0,140,0.3087532504272461,True,REGULAR,USD,call,2026-09-30,SPY
SPY260930C00683000,2026-08-04 13:30:01+00:00,683.0,81.55,95.06,98.36,0.0,0.0,1.0,155,0.30680014495849606,True,REGULAR,USD,call,2026-09-30,SPY
SPY260930C00684000,2026-07-29 19:22:26+00:00,684.0,61.43,94.09,97.38,0.0,0.0,4.0,59,0.30463341857910153,True,REGULAR,USD,call,2026-09-30,SPY
SPY260930C00685000,2026-08-07 16:39:02+00:00,685.0,91.66,93.11,96.41,0.0,0.0,31.0,573,0.3026803131103516,True,REGULAR,USD,call,2026-09-30,SPY
SPY260930C00686000,2026-07-28 15:07:21+00:00,686.0,62.93,92.14,95.44,0.0,0.0,3.0,104,0.3006661730957031,True,REGULAR,USD,call,2026-09-30,SPY
SPY260930C00687000,2026-08-05 15:16:21+00:00,687.0,91.19,91.17,94.46,0.0,0.0,1.0,195,0.29849944671630857,True,REGULAR,USD,call,2026-09-30,SPY
SPY260930C00688000,2026-07-22 17:57:50+00:00,688.0,70.97,90.19,93.49,0.0,0.0,18.0,84,0.29651582397460935,True,REGULAR,USD,call,2026-09-30,SPY
SPY260930C00689000,2026-08-05 15:16:21+00:00,689.0,89.26,89.22,92.52,0.0,0.0,1.0,169,0.2945016839599609,True,REGULAR,USD,call,2026-09-30,SPY
SPY260930C00690000,2026-08-11 16:49:16+00:00,690.0,86.04,88.25,91.55,0.0,0.0,1.0,806,0.2924875439453124,True,REGULAR,USD,call,2026-09-30,SPY
SPY260930C00691000,2026-08-07 14:29:41+00:00,691.0,86.89,87.28,90.58,0.0,0.0,3.0,311,0.290473403930664,True,REGULAR,USD,call,2026-09-30,SPY
SPY260930C00692000,2026-07-17 14:17:49+00:00,692.0,66.35,86.31,89.61,0.0,0.0,10.0,10,0.2884592639160155,True,REGULAR,USD,call,2026-09-30,SPY
SPY260930C00693000,2026-07-29 15:54:31+00:00,693.0,52.56,85.34,88.64,0.0,0.0,1.0,0,0.2864146066284179,True,REGULAR,USD,call,2026-09-30,SPY
SPY260930C00694000,2026-07-29 14:46:56+00:00,694.0,52.19,84.37,87.67,0.0,0.0,1.0,1,0.28436994934082027,True,REGULAR,USD,call,2026-09-30,SPY
SPY260930C00695000,2026-08-11 19:52:33+00:00,695.0,80.88,83.41,86.7,0.0,0.0,2.0,759,0.28232529205322265,True,REGULAR,USD,call,2026-09-30,SPY
SPY260930C00696000,2026-08-13 14:19:45+00:00,696.0,86.69,82.44,85.74,0.0,0.0,2.0,5,0.28043322113037106,True,REGULAR,USD,call,2026-09-30,SPY
SPY260930C00698000,2026-08-03 16:50:59+00:00,698.0,65.61,80.51,83.81,0.0,0.0,1.0,16,0.2764659756469726,True,REGULAR,USD,call,2026-09-30,SPY
SPY260930C00699000,2026-08-03 15:41:57+00:00,699.0,64.09,79.54,82.84,0.0,0.0,2.0,2,0.27436028381347655,True,REGULAR,USD,call,2026-09-30,SPY
SPY260930C00700000,2026-08-14 14:30:45+00:00,700.0,81.42,78.58,81.88,0.6100006,0.75485784,1.0,1894,0.2724376956176757,True,REGULAR,USD,call,2026-09-30,SPY
SPY260930C00701000,2026-08-04 17:33:46+00:00,701.0,76.58,77.61,80.91,0.0,0.0,2.0,2,0.27033200378417965,True,REGULAR,USD,call,2026-09-30,SPY
SPY260930C00702000,2026-08-12 17:54:45+00:00,702.0,75.1,76.65,79.95,0.0,0.0,4.0,46,0.2683788983154296,True,REGULAR,USD,call,2026-09-30,SPY
SPY260930C00703000,2026-08-03 19:23:14+00:00,703.0,63.35,75.69,78.99,0.0,0.0,,2,0.26642579284667967,True,REGULAR,USD,call,2026-09-30,SPY
SPY260930C00704000,2026-08-03 15:07:56+00:00,704.0,58.5,74.73,78.03,0.0,0.0,1.0,0,0.2644726873779296,True,REGULAR,USD,call,2026-09-30,SPY
SPY260930C00705000,2026-08-12 20:14:43+00:00,705.0,73.0,73.77,77.07,0.0,0.0,3.0,941,0.26248906463623045,True,REGULAR,USD,call,2026-09-30,SPY
SPY260930C00706000,2026-08-04 14:17:01+00:00,706.0,65.67,72.81,76.12,0.0,0.0,1.0,8,0.2606275109863281,True,REGULAR,USD,call,2026-09-30,SPY
SPY260930C00707000,2026-07-27 17:17:18+00:00,707.0,43.67,71.86,75.16,0.0,0.0,2.0,2,0.2586438882446289,True,REGULAR,USD,call,2026-09-30,SPY
SPY260930C00708000,2026-07-31 13:39:23+00:00,708.0,47.61,70.9,74.21,0.0,0.0,1.0,1,0.25678233459472655,True,REGULAR,USD,call,2026-09-30,SPY
SPY260930C00709000,2026-08-03 13:31:52+00:00,709.0,49.91,69.95,73.25,0.0,0.0,2.0,5,0.25473767730712893,True,REGULAR,USD,call,2026-09-30,SPY
SPY260930C00710000,2026-08-13 19:34:07+00:00,710.0,72.88,68.99,72.3,0.0,0.0,5.0,968,0.25284560638427733,True,REGULAR,USD,call,2026-09-30,SPY
SPY260930C00711000,2026-08-04 16:32:01+00:00,711.0,71.99,68.04,71.35,6.7999954,10.43104,1.0,16,0.25095353546142574,True,REGULAR,USD,call,2026-09-30,SPY
SPY260930C00712000,2026-08-10 14:37:25+00:00,712.0,68.08,67.09,70.4,0.0,0.0,2.0,4,0.249030947265625,True,REGULAR,USD,call,2026-09-30,SPY
SPY260930C00713000,2026-08-10 17:04:09+00:00,713.0,65.37,66.14,69.45,0.0,0.0,5.0,4,0.2471083590698242,True,REGULAR,USD,call,2026-09-30,SPY
SPY260930C00715000,2026-08-13 18:21:48+00:00,715.0,67.23,64.24,67.55,0.0,0.0,26.0,1979,0.24320214813232421,True,REGULAR,USD,call,2026-09-30,SPY
SPY260930C00716000,2026-08-14 15:19:47+00:00,716.0,65.56,63.29,66.61,31.869999,94.59781,21.0,44,0.24137111175537107,True,REGULAR,USD,call,2026-09-30,SPY
SPY260930C00717000,2026-08-13 19:57:09+00:00,717.0,67.28,62.35,65.66,0.0,0.0,3.0,5,0.23938748901367185,True,REGULAR,USD,call,2026-09-30,SPY
SPY260930C00718000,2026-08-13 17:08:18+00:00,718.0,64.5,61.41,64.72,0.0,0.0,3.0,33,0.23752593536376948,True,REGULAR,USD,call,2026-09-30,SPY
SPY260930C00719000,2026-07-27 13:59:45+00:00,719.0,37.47,60.46,63.78,0.0,0.0,1.0,1,0.23563386444091794,True,REGULAR,USD,call,2026-09-30,SPY
SPY260930C00720000,2026-08-14 20:05:11+00:00,720.0,61.07,59.52,62.7,-1.2799988,-2.052925,10.0,1698,0.2318192053222656,True,REGULAR,USD,call,2026-09-30,SPY
SPY260930C00721000,2026-08-03 18:04:09+00:00,721.0,46.68,58.59,61.91,0.0,0.0,1.0,26,0.2319717916870117,True,REGULAR,USD,call,2026-09-30,SPY
SPY260930C00722000,2026-08-14 16:08:14+00:00,722.0,59.57,57.65,60.97,-3.0100021,-4.809847,2.0,38,0.23001868621826171,True,REGULAR,USD,call,2026-09-30,SPY
SPY260930C00723000,2026-08-14 16:09:55+00:00,723.0,58.65,56.72,60.04,23.77,68.147934,2.0,2,0.2282181671142578,True,REGULAR,USD,call,2026-09-30,SPY
SPY260930C00724000,2026-08-04 19:55:04+00:00,724.0,56.02,55.79,59.11,0.0,0.0,1.0,22,0.22638713073730468,True,REGULAR,USD,call,2026-09-30,SPY
SPY260930C00725000,2026-08-14 18:51:54+00:00,725.0,57.28,54.86,58.18,-1.300003,-2.2191925,1.0,1956,0.22452557708740228,True,REGULAR,USD,call,2026-09-30,SPY
SPY260930C00726000,2026-08-07 16:53:25+00:00,726.0,53.56,53.93,57.25,0.0,0.0,1.0,51,0.22266402343749997,True,REGULAR,USD,call,2026-09-30,SPY
SPY260930C00727000,2026-08-14 16:12:10+00:00,727.0,54.78,53.0,56.33,6.779999,14.124997,3.0,27,0.22089402160644528,True,REGULAR,USD,call,2026-09-30,SPY
SPY260930C00728000,2026-08-06 14:18:21+00:00,728.0,52.03,52.07,55.4,0.0,0.0,1.0,24,0.2189714334106445,True,REGULAR,USD,call,2026-09-30,SPY
SPY260930C00729000,2026-08-13 15:37:13+00:00,729.0,53.19,51.15,54.48,0.0,0.0,1.0,8,0.21717091430664062,True,REGULAR,USD,call,2026-09-30,SPY
SPY260930C00730000,2026-08-14 17:22:56+00:00,730.0,52.6,50.4,53.54,-1.8199997,-3.3443582,1.0,5286,0.21509573974609375,True,REGULAR,USD,call,2026-09-30,SPY
SPY260930C00731000,2026-08-04 16:42:04+00:00,731.0,47.56,49.31,52.65,0.0,0.0,2.0,78,0.21361565200805666,True,REGULAR,USD,call,2026-09-30,SPY
SPY260930C00732000,2026-08-13 16:55:39+00:00,732.0,50.98,48.4,51.73,0.0,0.0,10.0,340,0.21173883972167967,True,REGULAR,USD,call,2026-09-30,SPY
SPY260930C00733000,2026-08-04 14:35:45+00:00,733.0,41.81,47.49,50.82,0.0,0.0,3.0,138,0.20996883789062498,True,REGULAR,USD,call,2026-09-30,SPY
SPY260930C00734000,2026-08-11 13:46:01+00:00,734.0,46.82,46.58,49.92,0.0,0.0,1.0,60,0.2082751292419433,True,REGULAR,USD,call,2026-09-30,SPY
SPY260930C00735000,2026-08-14 13:55:48+00:00,735.0,50.28,45.68,49.02,0.97999954,1.9878287,1.0,754,0.20656616195678706,True,REGULAR,USD,call,2026-09-30,SPY
SPY260930C00736000,2026-08-12 19:39:11+00:00,736.0,49.32,44.77,48.12,4.6500015,10.409675,1.0,234,0.2048419360351562,True,REGULAR,USD,call,2026-09-30,SPY
SPY260930C00737000,2026-08-14 17:29:58+00:00,737.0,46.17,43.88,47.22,-1.2300034,-2.5949438,2.0,97,0.20307193420410152,True,REGULAR,USD,call,2026-09-30,SPY
SPY260930C00738000,2026-08-14 19:41:51+00:00,738.0,44.84,42.98,46.32,2.4300003,5.7297816,2.0,161,0.20127141510009766,True,REGULAR,USD,call,2026-09-30,SPY
SPY260930C00739000,2026-08-13 14:19:29+00:00,739.0,46.46,42.09,45.43,0.0,0.0,1.0,127,0.19956244781494142,True,REGULAR,USD,call,2026-09-30,SPY
SPY260930C00740000,2026-08-14 19:03:07+00:00,740.0,42.94,41.2,44.55,-2.420002,-5.335101,10.0,1483,0.1979450323486328,True,REGULAR,USD,call,2026-09-30,SPY
SPY260930C00741000,2026-08-14 13:53:52+00:00,741.0,44.97,40.31,43.66,1.5699997,3.6175108,1.0,34,0.19617503051757812,True,REGULAR,USD,call,2026-09-30,SPY
SPY260930C00742000,2026-08-14 14:34:37+00:00,742.0,42.0,39.43,42.78,-0.75,-1.754386,1.0,217,0.1944965805053711,True,REGULAR,USD,call,2026-09-30,SPY
SPY260930C00743000,2026-08-14 15:47:12+00:00,743.0,39.0,38.55,41.91,0.95000076,2.496717,1.0,246,0.1928791650390625,True,REGULAR,USD,call,2026-09-30,SPY
SPY260930C00744000,2026-08-14 17:59:27+00:00,744.0,39.95,37.68,41.03,2.8400002,7.6529236,10.0,219,0.19112442184448242,True,REGULAR,USD,call,2026-09-30,SPY
SPY260930C00745000,2026-08-14 19:59:04+00:00,745.0,38.54,36.81,40.14,-3.0900002,-7.4225316,60.0,3370,0.18923235092163088,True,REGULAR,USD,call,2026-09-30,SPY
SPY260930C00746000,2026-08-14 17:37:02+00:00,746.0,37.33,35.94,39.31,-2.8099976,-7.000492,6.0,115,0.18795062545776364,True,REGULAR,USD,call,2026-09-30,SPY
SPY260930C00747000,2026-08-14 19:53:10+00:00,747.0,37.49,35.08,38.45,-1.0999985,-2.8504755,5.0,198,0.18630269271850586,True,REGULAR,USD,call,2026-09-30,SPY
SPY260930C00748000,2026-08-13 14:06:07+00:00,748.0,37.13,34.23,37.6,0.0,0.0,1.0,235,0.18473105316162108,True,REGULAR,USD,call,2026-09-30,SPY
SPY260930C00749000,2026-08-14 16:56:26+00:00,749.0,34.52,33.38,36.75,0.31000137,0.9061718,2.0,183,0.18311363769531247,True,REGULAR,USD,call,2026-09-30,SPY
SPY260930C00750000,2026-08-14 17:36:55+00:00,750.0,33.97,33.3,35.88,-1.5299988,-4.309856,42.0,3676,0.18123682540893554,True,REGULAR,USD,call,2026-09-30,SPY
SPY260930C00751000,2026-08-10 16:43:16+00:00,751.0,31.75,31.7,35.08,0.0,0.0,26.0,495,0.18006191040039063,True,REGULAR,USD,call,2026-09-30,SPY
SPY260930C00752000,2026-08-13 14:51:55+00:00,752.0,34.14,30.87,34.25,0.0,0.0,9.0,481,0.1785207881164551,True,REGULAR,USD,call,2026-09-30,SPY
SPY260930C00753000,2026-08-13 19:23:39+00:00,753.0,34.2,30.04,33.42,0.0,0.0,4.0,355,0.17693388992309572,True,REGULAR,USD,call,2026-09-30,SPY
SPY260930C00754000,2026-08-13 15:40:29+00:00,754.0,31.49,29.22,32.6,0.0,0.0,2.0,379,0.1754080262756348,True,REGULAR,USD,call,2026-09-30,SPY
SPY260930C00755000,2026-08-14 19:59:04+00:00,755.0,30.17,28.81,31.2,-1.2299995,-3.917196,51.0,3223,0.16803810485839848,True,REGULAR,USD,call,2026-09-30,SPY
SPY260930C00756000,2026-08-13 18:16:14+00:00,756.0,30.72,27.61,30.99,0.0,0.0,1.0,1024,0.172508885345459,True,REGULAR,USD,call,2026-09-30,SPY
SPY260930C00757000,2026-08-13 14:41:21+00:00,757.0,30.55,26.81,30.2,-0.7800007,-2.4896288,1.0,281,0.17112034942626952,True,REGULAR,USD,call,2026-09-30,SPY
SPY260930C00758000,2026-08-14 19:07:45+00:00,758.0,27.94,26.01,29.41,-1.7799988,-5.9892287,8.0,142,0.16968603759765627,True,REGULAR,USD,call,2026-09-30,SPY
SPY260930C00759000,2026-08-13 14:37:44+00:00,759.0,30.18,25.23,28.62,0.0,0.0,10.0,724,0.16820594985961917,True,REGULAR,USD,call,2026-09-30,SPY
SPY260930C00760000,2026-08-14 17:08:53+00:00,760.0,26.17,24.84,27.35,-1.9400005,-6.9014606,25.0,1713,0.16205671936035154,True,REGULAR,USD,call,2026-09-30,SPY
SPY260930C00761000,2026-08-14 14:04:13+00:00,761.0,26.94,23.68,27.09,-1.6700001,-5.8371196,1.0,1533,0.16553568847656253,True,REGULAR,USD,call,2026-09-30,SPY
SPY260930C00762000,2026-08-13 18:14:04+00:00,762.0,25.51,22.92,26.33,0.0,0.0,38.0,969,0.16416241119384767,True,REGULAR,USD,call,2026-09-30,SPY
SPY260930C00763000,2026-08-13 19:43:08+00:00,763.0,25.84,22.17,25.58,0.0,0.0,15.0,150,0.16283490982055665,True,REGULAR,USD,call,2026-09-30,SPY
SPY260930C00764000,2026-08-13 15:40:29+00:00,764.0,25.2,21.43,24.84,1.4500008,6.1052666,10.0,317,0.1615226670837402,True,REGULAR,USD,call,2026-09-30,SPY
SPY260930C00765000,2026-08-14 19:43:35+00:00,765.0,22.55,21.25,23.0,-1.8700008,-7.6576614,10.0,2150,0.14994136199951175,True,REGULAR,USD,call,2026-09-30,SPY
SPY260930C00766000,2026-08-14 20:12:32+00:00,766.0,21.63,19.97,23.39,-3.1600018,-12.747083,1.0,502,0.1590049920654297,True,REGULAR,USD,call,2026-09-30,SPY
SPY260930C00767000,2026-08-14 20:12:32+00:00,767.0,20.9,19.66,22.08,-1.6700001,-7.3992023,21.0,266,0.15227593338012696,True,REGULAR,USD,call,2026-09-30,SPY
SPY260930C00768000,2026-08-14 18:13:09+00:00,768.0,20.5,19.19,21.19,-1.3299999,-6.092533,5.0,185,0.14936153381347655,True,REGULAR,USD,call,2026-09-30,SPY
SPY260930C00769000,2026-08-14 16:18:40+00:00,769.0,20.26,18.51,20.49,-0.6700001,-3.201147,45.0,499,0.14812558425903322,True,REGULAR,USD,call,2026-09-30,SPY
SPY260930C00770000,2026-08-14 19:57:44+00:00,770.0,19.06,17.85,19.01,-1.8400002,-8.803828,15.0,1305,0.13974859283447266,True,REGULAR,USD,call,2026-09-30,SPY
SPY260930C00771000,2026-08-14 16:51:51+00:00,771.0,18.31,17.19,19.14,-1.8000011,-8.950776,19.0,193,0.1458825646972656,True,REGULAR,USD,call,2026-09-30,SPY
SPY260930C00772000,2026-08-14 19:05:05+00:00,772.0,17.67,16.55,18.47,-2.8799992,-14.014595,43.0,632,0.14467713241577146,True,REGULAR,USD,call,2026-09-30,SPY
SPY260930C00773000,2026-08-14 16:18:39+00:00,773.0,17.48,15.92,17.82,-0.8100014,-4.428657,32.0,538,0.14357851058959958,True,REGULAR,USD,call,2026-09-30,SPY
SPY260930C00774000,2026-08-14 14:59:38+00:00,774.0,17.04,15.31,17.19,-0.8899994,-4.9637446,31.0,218,0.1425714405822754,True,REGULAR,USD,call,2026-09-30,SPY
SPY260930C00775000,2026-08-14 20:02:37+00:00,775.0,15.72,15.58,15.64,-1.79,-10.22273,98.0,3412,0.13327893096923826,True,REGULAR,USD,call,2026-09-30,SPY
SPY260930C00776000,2026-08-14 19:53:16+00:00,776.0,15.2,14.98,15.04,-1.6099997,-9.577631,130.0,667,0.13239393005371097,True,REGULAR,USD,call,2026-09-30,SPY
SPY260930C00777000,2026-08-14 20:04:32+00:00,777.0,14.54,14.39,14.45,-1.8200006,-11.124698,43.0,447,0.13147841186523437,False,REGULAR,USD,call,2026-09-30,SPY
SPY260930C00778000,2026-08-14 19:17:19+00:00,778.0,13.95,13.82,13.87,-1.5600004,-10.05803,90.0,720,0.1305781523132324,False,REGULAR,USD,call,2026-09-30,SPY
SPY260930C00779000,2026-08-14 19:42:19+00:00,779.0,13.47,13.26,13.31,-1.3999996,-9.4149275,133.0,622,0.1297541859436035,False,REGULAR,USD,call,2026-09-30,SPY
SPY260930C00780000,2026-08-14 19:48:06+00:00,780.0,12.87,12.71,12.76,-1.5600004,-10.810814,169.0,3181,0.1289149609375,False,REGULAR,USD,call,2026-09-30,SPY
SPY260930C00781000,2026-08-14 20:08:01+00:00,781.0,12.15,12.17,12.22,-2.0300007,-14.315942,33.0,616,0.12806047729492187,False,REGULAR,USD,call,2026-09-30,SPY
SPY260930C00782000,2026-08-14 17:29:07+00:00,782.0,11.7,11.65,11.7,-1.6999998,-12.686566,3.0,400,0.12729754547119143,False,REGULAR,USD,call,2026-09-30,SPY
SPY260930C00783000,2026-08-14 19:47:52+00:00,783.0,11.28,11.14,11.19,-1.3500004,-10.688838,17.0,457,0.12651935501098632,False,REGULAR,USD,call,2026-09-30,SPY
SPY260930C00784000,2026-08-14 19:59:43+00:00,784.0,10.83,10.65,10.7,-1.1000004,-9.220455,3.0,641,0.1258021990966797,False,REGULAR,USD,call,2026-09-30,SPY
SPY260930C00785000,2026-08-14 19:43:22+00:00,785.0,10.36,10.17,10.22,-1.3900003,-11.82979,163.0,999,0.12508504318237307,False,REGULAR,USD,call,2026-09-30,SPY
SPY260930C00786000,2026-08-14 20:01:20+00:00,786.0,9.86,9.7,9.75,-1.4200001,-12.588653,203.0,20680,0.1243373699951172,False,REGULAR,USD,call,2026-09-30,SPY
SPY260930C00787000,2026-08-14 19:23:08+00:00,787.0,9.42,9.25,9.3,-1.75,-15.666965,9.0,270,0.12366598999023437,False,REGULAR,USD,call,2026-09-30,SPY
SPY260930C00788000,2026-08-14 18:08:21+00:00,788.0,9.01,8.81,8.86,-0.6300001,-6.5352707,4.0,609,0.12299460998535157,False,REGULAR,USD,call,2026-09-30,SPY
SPY260930C00789000,2026-08-14 19:22:10+00:00,789.0,8.53,8.39,8.44,-1.6999998,-16.61779,2.0,890,0.1223842645263672,False,REGULAR,USD,call,2026-09-30,SPY
SPY260930C00790000,2026-08-14 20:05:18+00:00,790.0,8.01,7.98,8.03,-1.3599997,-14.514404,112.0,5986,0.12175866043090822,False,REGULAR,USD,call,2026-09-30,SPY
SPY260930C00791000,2026-08-14 15:02:48+00:00,791.0,8.25,7.59,7.63,-1.3900003,-14.419089,1.0,521,0.1211025390625,False,REGULAR,USD,call,2026-09-30,SPY
SPY260930C00792000,2026-08-14 19:01:54+00:00,792.0,7.42,7.21,7.25,-1.04,-12.293144,11.0,455,0.12055322814941406,False,REGULAR,USD,call,2026-09-30,SPY
SPY260930C00793000,2026-08-14 18:50:06+00:00,793.0,7.11,6.84,6.88,-0.7999997,-10.113776,18.0,295,0.11995814132690427,False,REGULAR,USD,call,2026-09-30,SPY
SPY260930C00794000,2026-08-14 20:05:15+00:00,794.0,6.54,6.49,6.53,-1.4099998,-17.735847,4.0,2034,0.11945460632324219,False,REGULAR,USD,call,2026-09-30,SPY
SPY260930C00795000,2026-08-14 19:59:43+00:00,795.0,6.26,6.15,6.19,-1.4199996,-18.489578,32.0,1943,0.11893581268310546,False,REGULAR,USD,call,2026-09-30,SPY
SPY260930C00796000,2026-08-14 19:27:09+00:00,796.0,6.01,5.82,5.86,-1.4199996,-19.111704,10.0,311,0.11840176040649414,False,REGULAR,USD,call,2026-09-30,SPY
SPY260930C00797000,2026-08-14 19:00:54+00:00,797.0,5.65,5.51,5.54,-0.8299999,-12.8086405,2.0,300,0.1178524494934082,False,REGULAR,USD,call,2026-09-30,SPY
SPY260930C00798000,2026-08-14 19:57:56+00:00,798.0,5.29,5.21,5.24,-1.0100002,-16.03175,10.0,421,0.11740994903564453,False,REGULAR,USD,call,2026-09-30,SPY
SPY260930C00799000,2026-08-14 19:58:16+00:00,799.0,5.0,4.92,4.95,-1.0300002,-17.081264,8.0,401,0.11692167266845702,False,REGULAR,USD,call,2026-09-30,SPY
SPY260930C00800000,2026-08-14 20:12:01+00:00,800.0,4.64,4.65,4.68,-1.1300001,-19.584059,869.0,93431,0.11655546539306641,False,REGULAR,USD,call,2026-09-30,SPY
SPY260930C00801000,2026-08-14 19:15:12+00:00,801.0,4.52,4.38,4.41,-1.2600002,-21.79931,5.0,607,0.11608244766235351,False,REGULAR,USD,call,2026-09-30,SPY
SPY260930C00802000,2026-08-14 17:38:17+00:00,802.0,4.08,4.13,4.16,-1.1300001,-21.689062,20.0,449,0.11570098175048829,False,REGULAR,USD,call,2026-09-30,SPY
SPY260930C00803000,2026-08-14 20:03:12+00:00,803.0,3.95,3.89,3.92,-0.89999986,-18.556698,4.0,2385,0.11533477447509766,False,REGULAR,USD,call,2026-09-30,SPY
SPY260930C00804000,2026-08-14 17:35:28+00:00,804.0,3.69,3.66,3.69,-0.9499998,-20.474134,172.0,398,0.11493804992675781,False,REGULAR,USD,call,2026-09-30,SPY
SPY260930C00805000,2026-08-14 20:05:18+00:00,805.0,3.45,3.45,3.47,-1.1600001,-25.162691,117.0,2881,0.1145718426513672,False,REGULAR,USD,call,2026-09-30,SPY
SPY260930C00806000,2026-08-14 16:08:06+00:00,806.0,3.52,3.24,3.27,-0.59000015,-14.355234,3.0,638,0.11432770446777345,False,REGULAR,USD,call,2026-09-30,SPY
SPY260930C00807000,2026-08-14 19:00:54+00:00,807.0,3.14,3.04,3.07,-0.8299999,-20.9068,1274.0,395,0.11399201446533203,False,REGULAR,USD,call,2026-09-30,SPY
SPY260930C00808000,2026-08-14 16:48:18+00:00,808.0,3.02,2.86,2.88,-0.3800001,-11.176474,60.0,236,0.113641065826416,False,REGULAR,USD,call,2026-09-30,SPY
SPY260930C00809000,2026-08-14 16:13:19+00:00,809.0,2.94,2.68,2.71,-0.26,-8.125,191.0,143,0.1134732208251953,False,REGULAR,USD,call,2026-09-30,SPY
SPY260930C00810000,2026-08-14 19:51:04+00:00,810.0,2.59,2.51,2.54,-0.86000013,-24.92754,316.0,2789,0.11316804809570313,False,REGULAR,USD,call,2026-09-30,SPY
SPY260930C00811000,2026-08-14 19:27:59+00:00,811.0,2.44,2.35,2.38,-0.65999985,-21.290318,323.0,382,0.11289339263916015,False,REGULAR,USD,call,2026-09-30,SPY
SPY260930C00812000,2026-08-14 18:51:05+00:00,812.0,2.34,2.21,2.23,-0.60000014,-20.408169,433.0,105,0.1126492544555664,False,REGULAR,USD,call,2026-09-30,SPY
SPY260930C00813000,2026-08-14 18:59:52+00:00,813.0,2.15,2.06,2.09,-0.6099999,-22.101446,7.0,74,0.11246615081787109,False,REGULAR,USD,call,2026-09-30,SPY
SPY260930C00814000,2026-08-14 17:38:33+00:00,814.0,1.93,1.93,1.96,-0.5200001,-21.224495,104.0,814,0.11231356445312499,False,REGULAR,USD,call,2026-09-30,SPY
SPY260930C00815000,2026-08-14 20:05:18+00:00,815.0,1.81,1.81,1.83,-0.60000014,-24.89627,87.0,857,0.11206942626953123,False,REGULAR,USD,call,2026-09-30,SPY
SPY260930C00816000,2026-08-14 18:09:57+00:00,816.0,1.75,1.69,1.71,-0.70000005,-28.57143,16.0,348,0.1118558053588867,False,REGULAR,USD,call,2026-09-30,SPY
SPY260930C00817000,2026-08-14 19:02:23+00:00,817.0,1.64,1.58,1.6,-0.5000001,-23.36449,15.0,120,0.11173373626708984,False,REGULAR,USD,call,2026-09-30,SPY
SPY260930C00818000,2026-08-14 17:40:27+00:00,818.0,1.45,1.47,1.5,-0.54999995,-27.499998,4.0,74,0.11170321899414062,False,REGULAR,USD,call,2026-09-30,SPY
SPY260930C00819000,2026-08-14 18:07:20+00:00,819.0,1.41,1.38,1.4,-0.4100001,-22.527475,2.0,91,0.1115201153564453,False,REGULAR,USD,call,2026-09-30,SPY
SPY260930C00820000,2026-08-14 20:03:08+00:00,820.0,1.3,1.29,1.31,-0.49,-27.374302,378.0,2313,0.11145908081054687,False,REGULAR,USD,call,2026-09-30,SPY
SPY260930C00821000,2026-08-14 18:51:36+00:00,821.0,1.27,1.2,1.22,-0.31000006,-19.620256,12.0,85,0.11130649444580076,False,REGULAR,USD,call,2026-09-30,SPY
SPY260930C00822000,2026-08-13 19:56:15+00:00,822.0,1.52,1.12,1.14,0.0,0.0,3.0,109,0.11124545989990234,False,REGULAR,USD,call,2026-09-30,SPY
SPY260930C00823000,2026-08-14 18:11:07+00:00,823.0,1.1,1.05,1.07,-0.40999997,-27.152315,5.0,68,0.11133701171874999,False,REGULAR,USD,call,2026-09-30,SPY
SPY260930C00824000,2026-08-14 19:59:01+00:00,824.0,0.98,0.98,1.0,-0.35000002,-26.315792,307.0,469,0.11133701171874999,False,REGULAR,USD,call,2026-09-30,SPY
SPY260930C00825000,2026-08-14 19:59:29+00:00,825.0,0.92,0.91,0.93,-0.35999995,-28.124998,193.0,71326,0.11121494262695311,False,REGULAR,USD,call,2026-09-30,SPY
SPY260930C00826000,2026-08-14 17:39:09+00:00,826.0,0.85,0.85,0.87,-0.39,-31.451612,3.0,32,0.11121494262695311,False,REGULAR,USD,call,2026-09-30,SPY
SPY260930C00827000,2026-08-14 17:39:09+00:00,827.0,0.79,0.8,0.81,-0.69,-46.62162,91.0,104,0.11115390808105467,False,REGULAR,USD,call,2026-09-30,SPY
SPY260930C00828000,2026-08-13 13:45:55+00:00,828.0,1.02,0.74,0.76,0.0,0.0,70.0,1073,0.11133701171874999,False,REGULAR,USD,call,2026-09-30,SPY
SPY260930C00829000,2026-08-14 17:39:22+00:00,829.0,0.69,0.7,0.71,-0.34999996,-33.653843,1.0,350,0.11133701171874999,False,REGULAR,USD,call,2026-09-30,SPY
SPY260930C00830000,2026-08-14 20:05:18+00:00,830.0,0.67,0.65,0.67,-0.26999998,-28.723402,221.0,1522,0.11164218444824218,False,REGULAR,USD,call,2026-09-30,SPY
SPY260930C00831000,2026-08-14 14:43:00+00:00,831.0,0.76,0.61,0.63,-0.09000003,-10.58824,1.0,158,0.11182528808593749,False,REGULAR,USD,call,2026-09-30,SPY
SPY260930C00832000,2026-08-13 16:26:17+00:00,832.0,0.76,0.57,0.59,0.0,0.0,131.0,190,0.11200839172363279,False,REGULAR,USD,call,2026-09-30,SPY
SPY260930C00833000,2026-08-13 17:12:33+00:00,833.0,0.78,0.53,0.55,0.0,0.0,126.0,222,0.11200839172363279,False,REGULAR,USD,call,2026-09-30,SPY
SPY260930C00834000,2026-08-14 19:49:40+00:00,834.0,0.51,0.5,0.52,-0.26,-33.766235,791.0,802,0.11237459899902343,False,REGULAR,USD,call,2026-09-30,SPY
SPY260930C00835000,2026-08-14 19:03:39+00:00,835.0,0.48,0.47,0.48,-0.120000035,-20.000006,194.0,960,0.11219149536132811,False,REGULAR,USD,call,2026-09-30,SPY
SPY260930C00836000,2026-08-14 15:28:04+00:00,836.0,0.48,0.44,0.46,-0.20000002,-29.411768,1.0,45,0.1128018408203125,False,REGULAR,USD,call,2026-09-30,SPY
SPY260930C00837000,2026-08-13 17:32:46+00:00,837.0,0.62,0.41,0.43,0.0,0.0,122.0,359,0.11292390991210938,False,REGULAR,USD,call,2026-09-30,SPY
SPY260930C00838000,2026-08-11 17:31:06+00:00,838.0,0.45,0.39,0.4,0.0,0.0,5.0,725,0.11298494445800782,False,REGULAR,USD,call,2026-09-30,SPY
SPY260930C00839000,2026-08-14 13:39:23+00:00,839.0,0.51,0.37,0.38,0.09,21.428572,1.0,686,0.11341218627929686,False,REGULAR,USD,call,2026-09-30,SPY
SPY260930C00840000,2026-08-14 19:03:39+00:00,840.0,0.35,0.34,0.36,-0.16,-31.37255,43.0,665,0.1137783935546875,False,REGULAR,USD,call,2026-09-30,SPY
SPY260930C00841000,2026-08-13 16:01:29+00:00,841.0,0.41,0.33,0.34,0.0,0.0,2.0,91,0.11414460083007813,False,REGULAR,USD,call,2026-09-30,SPY
SPY260930C00842000,2026-08-13 15:39:55+00:00,842.0,0.41,0.31,0.32,0.0,0.0,1.0,330,0.11438873901367189,False,REGULAR,USD,call,2026-09-30,SPY
SPY260930C00843000,2026-08-14 17:40:27+00:00,843.0,0.28,0.29,0.3,-0.13,-31.707317,2.0,689,0.11463287719726564,False,REGULAR,USD,call,2026-09-30,SPY
SPY260930C00844000,2026-08-07 20:00:07+00:00,844.0,0.5,0.27,0.28,0.0,0.0,2.0,6,0.1147549462890625,False,REGULAR,USD,call,2026-09-30,SPY
SPY260930C00845000,2026-08-14 17:15:52+00:00,845.0,0.27,0.26,0.27,-0.06999999,-20.588232,4.0,423,0.11548736083984376,False,REGULAR,USD,call,2026-09-30,SPY
SPY260930C00846000,2026-08-14 13:49:49+00:00,846.0,0.34,0.24,0.26,0.0,0.0,1.0,31,0.11609770629882812,False,REGULAR,USD,call,2026-09-30,SPY
SPY260930C00847000,2026-08-07 19:15:49+00:00,847.0,0.41,0.23,0.24,0.0,0.0,11.0,35,0.11609770629882812,False,REGULAR,USD,call,2026-09-30,SPY
SPY260930C00848000,2026-08-13 18:51:10+00:00,848.0,0.33,0.22,0.23,0.0,0.0,1.0,297,0.1167080517578125,False,REGULAR,USD,call,2026-09-30,SPY
SPY260930C00849000,2026-08-05 13:30:37+00:00,849.0,1.05,0.21,0.22,0.0,0.0,14.0,96,0.117196328125,False,REGULAR,USD,call,2026-09-30,SPY
SPY260930C00850000,2026-08-14 20:02:50+00:00,850.0,0.21,0.2,0.21,-0.09000002,-30.000006,43.0,5470,0.1176846044921875,False,REGULAR,USD,call,2026-09-30,SPY
SPY260930C00851000,2026-08-07 13:30:19+00:00,851.0,0.32,0.19,0.2,0.0,0.0,1.0,35,0.118172880859375,False,REGULAR,USD,call,2026-09-30,SPY
SPY260930C00852000,2026-08-13 19:49:48+00:00,852.0,0.27,0.18,0.19,0.0,0.0,506.0,506,0.11853908813476563,False,REGULAR,USD,call,2026-09-30,SPY
SPY260930C00853000,2026-08-05 13:30:37+00:00,853.0,0.89,0.17,0.18,0.0,0.0,15.0,25,0.11890529541015624,False,REGULAR,USD,call,2026-09-30,SPY
SPY260930C00854000,2026-08-14 19:31:08+00:00,854.0,0.17,0.16,0.17,-0.03999999,-19.047615,1.0,177,0.11927150268554687,False,REGULAR,USD,call,2026-09-30,SPY
SPY260930C00855000,2026-08-14 19:04:02+00:00,855.0,0.15,0.15,0.16,-0.06999999,-31.818178,2.0,329,0.11951564086914063,False,REGULAR,USD,call,2026-09-30,SPY
SPY260930C00856000,2026-08-03 13:38:54+00:00,856.0,0.14,0.15,0.16,0.0,0.0,68.0,39,0.12085840087890626,False,REGULAR,USD,call,2026-09-30,SPY
SPY260930C00857000,2026-08-10 16:42:16+00:00,857.0,0.22,0.14,0.15,0.0,0.0,4.0,172,0.12085840087890626,False,REGULAR,USD,call,2026-09-30,SPY
SPY260930C00858000,2026-08-05 17:52:27+00:00,858.0,0.3,0.13,0.14,0.0,0.0,4.0,817,0.1211025390625,False,REGULAR,USD,call,2026-09-30,SPY
SPY260930C00859000,2026-08-11 13:53:01+00:00,859.0,0.22,0.13,0.14,0.0,0.0,1.0,837,0.12232322998046877,False,REGULAR,USD,call,2026-09-30,SPY
SPY260930C00860000,2026-08-14 13:38:24+00:00,860.0,0.17,0.12,0.13,-0.019999996,-10.526314,27.0,750,0.12232322998046877,False,REGULAR,USD,call,2026-09-30,SPY
SPY260930C00865000,2026-08-13 14:03:06+00:00,865.0,0.18,0.1,0.11,0.0,0.0,2.0,3565,0.12549702636718751,False,REGULAR,USD,call,2026-09-30,SPY
SPY260930C00870000,2026-08-14 17:52:25+00:00,870.0,0.08,0.08,0.09,-0.020000003,-20.000002,3.0,1553,0.12842668457031248,False,REGULAR,USD,call,2026-09-30,SPY
SPY260930C00875000,2026-08-14 16:25:01+00:00,875.0,0.08,0.07,0.08,-0.020000003,-20.000002,1.0,752,0.13208875732421876,False,REGULAR,USD,call,2026-09-30,SPY
SPY260930C00880000,2026-08-13 19:10:02+00:00,880.0,0.09,0.05,0.07,0.0,0.0,6.0,935,0.13575083007812502,False,REGULAR,USD,call,2026-09-30,SPY
SPY260930C00885000,2026-08-10 14:32:23+00:00,885.0,0.11,0.05,0.06,0.0,0.0,13.0,552,0.13868048828125001,False,REGULAR,USD,call,2026-09-30,SPY
SPY260930C00890000,2026-08-12 16:55:41+00:00,890.0,0.06,0.04,0.05,0.0,0.0,5.0,560,0.14112187011718752,False,REGULAR,USD,call,2026-09-30,SPY
SPY260930C00895000,2026-08-13 14:07:18+00:00,895.0,0.07,0.03,0.04,0.0,0.0,2.0,4432,0.1430749755859375,False,REGULAR,USD,call,2026-09-30,SPY
SPY260930C00900000,2026-08-14 16:58:16+00:00,900.0,0.04,0.03,0.04,-0.010000002,-20.000002,1.0,3918,0.14795773925781253,False,REGULAR,USD,call,2026-09-30,SPY
SPY260930P00375000,2026-08-14 19:30:57+00:00,375.0,0.03,0.02,0.03,0.0,0.0,5307.0,5742,0.632816171875,False,REGULAR,USD,put,2026-09-30,SPY
SPY260930P00380000,2026-08-14 19:30:53+00:00,380.0,0.03,0.02,0.03,-0.01,-25.0,5728.0,2669,0.6210975390625001,False,REGULAR,USD,put,2026-09-30,SPY
SPY260930P00385000,2026-08-14 14:03:36+00:00,385.0,0.04,0.03,0.04,0.01,33.333336,4.0,2651,0.6269568554687501,False,REGULAR,USD,put,2026-09-30,SPY
SPY260930P00390000,2026-08-12 15:30:51+00:00,390.0,0.04,0.03,0.04,0.0,0.0,50.0,1588,0.6171913281250001,False,REGULAR,USD,put,2026-09-30,SPY
SPY260930P00395000,2026-08-13 19:57:47+00:00,395.0,0.04,0.03,0.04,0.0,0.0,566.0,3631,0.6054726953125001,False,REGULAR,USD,put,2026-09-30,SPY
SPY260930P00400000,2026-08-14 14:03:36+00:00,400.0,0.03,0.03,0.04,-0.020000001,-40.000004,4.0,697,0.5937540625000001,False,REGULAR,USD,put,2026-09-30,SPY
SPY260930P00405000,2026-08-13 13:30:01+00:00,405.0,0.04,0.04,0.05,-0.010000002,-20.000002,21.0,519,0.5976602734375001,False,REGULAR,USD,put,2026-09-30,SPY
SPY260930P00410000,2026-08-14 13:31:42+00:00,410.0,0.05,0.04,0.05,0.0,0.0,3.0,1285,0.585941640625,False,REGULAR,USD,put,2026-09-30,SPY
SPY260930P00415000,2026-08-13 13:30:00+00:00,415.0,0.05,0.04,0.05,-0.009999998,-16.666662,15.0,902,0.57617611328125,False,REGULAR,USD,put,2026-09-30,SPY
SPY260930P00420000,2026-08-14 14:40:01+00:00,420.0,0.05,0.04,0.05,-0.02,-28.571428,40.0,418,0.5644574804687501,False,REGULAR,USD,put,2026-09-30,SPY
SPY260930P00425000,2026-08-14 18:45:15+00:00,425.0,0.05,0.05,0.06,-0.02,-28.571428,2.0,1917,0.5644574804687501,False,REGULAR,USD,put,2026-09-30,SPY
SPY260930P00430000,2026-08-13 13:50:57+00:00,430.0,0.06,0.05,0.06,0.0,0.0,1.0,433,0.5546919531250001,False,REGULAR,USD,put,2026-09-30,SPY
SPY260930P00435000,2026-08-14 18:23:42+00:00,435.0,0.05,0.05,0.06,-0.009999998,-16.666662,42.0,150671,0.5449264257812501,False,REGULAR,USD,put,2026-09-30,SPY
SPY260930P00440000,2026-08-14 18:23:51+00:00,440.0,0.06,0.06,0.07,-0.030000005,-33.333336,2.0,969,0.5429733203125001,False,REGULAR,USD,put,2026-09-30,SPY
SPY260930P00445000,2026-08-11 18:27:49+00:00,445.0,0.1,0.06,0.07,0.0,0.0,60.0,614,0.532231240234375,False,REGULAR,USD,put,2026-09-30,SPY
SPY260930P00450000,2026-08-14 15:54:13+00:00,450.0,0.07,0.06,0.08,0.0,0.0,5.0,11220,0.52539537109375,False,REGULAR,USD,put,2026-09-30,SPY
SPY260930P00455000,2026-08-14 15:50:49+00:00,455.0,0.08,0.07,0.08,-0.030000001,-27.272728,6.0,116,0.5195360546875,False,REGULAR,USD,put,2026-09-30,SPY
SPY260930P00460000,2026-08-12 14:35:15+00:00,460.0,0.11,0.07,0.08,0.0,0.0,24.0,339,0.5097705273437501,False,REGULAR,USD,put,2026-09-30,SPY
SPY260930P00465000,2026-08-14 15:50:54+00:00,465.0,0.09,0.08,0.09,-0.029999994,-24.999994,18.0,263,0.50586431640625,False,REGULAR,USD,put,2026-09-30,SPY
SPY260930P00470000,2026-08-14 16:36:38+00:00,470.0,0.1,0.08,0.09,-0.009999998,-9.090907,7.0,1830,0.499028447265625,False,REGULAR,USD,put,2026-09-30,SPY
SPY260930P00475000,2026-08-14 15:50:44+00:00,475.0,0.09,0.09,0.1,-0.019999996,-18.181814,5.0,1706,0.49414568359375005,False,REGULAR,USD,put,2026-09-30,SPY
SPY260930P00480000,2026-08-14 18:24:02+00:00,480.0,0.1,0.1,0.11,-0.019999996,-16.666662,7.0,1476,0.4892629199218751,False,REGULAR,USD,put,2026-09-30,SPY
SPY260930P00485000,2026-08-13 14:23:27+00:00,485.0,0.11,0.1,0.11,0.0,0.0,3.0,733,0.47949739257812496,False,REGULAR,USD,put,2026-09-30,SPY
SPY260930P00490000,2026-08-13 18:23:08+00:00,490.0,0.12,0.11,0.12,0.0,0.0,36.0,1232,0.47363807617187503,False,REGULAR,USD,put,2026-09-30,SPY
SPY260930P00495000,2026-08-13 14:33:43+00:00,495.0,0.13,0.12,0.13,0.0,0.0,2.0,875,0.467778759765625,False,REGULAR,USD,put,2026-09-30,SPY
SPY260930P00500000,2026-08-14 13:32:17+00:00,500.0,0.13,0.13,0.14,-0.010000005,-7.1428604,1.0,2889,0.46191944335937507,False,REGULAR,USD,put,2026-09-30,SPY
SPY260930P00505000,2026-08-13 18:54:35+00:00,505.0,0.15,0.13,0.14,0.0,0.0,5.0,736,0.45215391601562505,False,REGULAR,USD,put,2026-09-30,SPY
SPY260930P00510000,2026-08-14 16:35:46+00:00,510.0,0.15,0.14,0.15,-0.00999999,-6.2499943,1.0,584,0.446294599609375,False,REGULAR,USD,put,2026-09-30,SPY
SPY260930P00515000,2026-08-14 19:18:27+00:00,515.0,0.16,0.15,0.16,-0.010000005,-5.8823557,1.0,884,0.43945873046875,False,REGULAR,USD,put,2026-09-30,SPY
SPY260930P00520000,2026-08-14 16:53:37+00:00,520.0,0.17,0.16,0.17,0.0,0.0,15.0,1490,0.4331111376953125,False,REGULAR,USD,put,2026-09-30,SPY
SPY260930P00525000,2026-08-14 16:54:12+00:00,525.0,0.18,0.17,0.18,-0.019999996,-9.999997,3.0,1249,0.42627526855468756,False,REGULAR,USD,put,2026-09-30,SPY
SPY260930P00530000,2026-08-14 19:15:32+00:00,530.0,0.19,0.18,0.2,-0.060000002,-24.0,2.0,1025,0.42188078125,False,REGULAR,USD,put,2026-09-30,SPY
SPY260930P00535000,2026-08-14 19:47:55+00:00,535.0,0.2,0.2,0.21,-0.00999999,-4.7619004,13.0,300905,0.415044912109375,False,REGULAR,USD,put,2026-09-30,SPY
SPY260930P00540000,2026-08-12 14:39:32+00:00,540.0,0.28,0.21,0.22,0.0,0.0,1.0,1937,0.40772076660156253,False,REGULAR,USD,put,2026-09-30,SPY
SPY260930P00545000,2026-08-14 15:42:29+00:00,545.0,0.24,0.22,0.24,-0.010000005,-4.000002,2.0,790,0.40259386474609377,False,REGULAR,USD,put,2026-09-30,SPY
SPY260930P00550000,2026-08-14 19:47:55+00:00,550.0,0.24,0.24,0.25,-0.040000007,-14.285716,1.0,1880,0.39502558105468755,False,REGULAR,USD,put,2026-09-30,SPY
SPY260930P00555000,2026-08-14 17:42:03+00:00,555.0,0.27,0.26,0.27,-0.030000001,-10.0,32.0,1045,0.38941040283203127,False,REGULAR,USD,put,2026-09-30,SPY
SPY260930P00560000,2026-08-14 19:48:10+00:00,560.0,0.28,0.27,0.28,-0.109999985,-28.205124,22.0,1220,0.38184211914062494,False,REGULAR,USD,put,2026-09-30,SPY
SPY260930P00565000,2026-08-13 18:55:58+00:00,565.0,0.3,0.29,0.3,0.0,0.0,7.0,536,0.37573866455078125,False,REGULAR,USD,put,2026-09-30,SPY
SPY260930P00570000,2026-08-13 16:52:29+00:00,570.0,0.34,0.31,0.32,0.0,0.0,10.0,1881,0.36939107177734376,False,REGULAR,USD,put,2026-09-30,SPY
SPY260930P00575000,2026-08-14 16:15:02+00:00,575.0,0.34,0.33,0.34,0.0,0.0,1.0,1287,0.36304347900390627,False,REGULAR,USD,put,2026-09-30,SPY
SPY260930P00580000,2026-08-14 16:30:04+00:00,580.0,0.37,0.35,0.36,-0.00999999,-2.6315765,7.0,2519,0.35645174804687496,False,REGULAR,USD,put,2026-09-30,SPY
SPY260930P00585000,2026-08-13 14:34:52+00:00,585.0,0.39,0.38,0.39,0.0,0.0,2.0,693,0.3508365698242187,False,REGULAR,USD,put,2026-09-30,SPY
SPY260930P00590000,2026-08-13 13:31:20+00:00,590.0,0.44,0.4,0.41,0.0,0.0,9.0,1477,0.3437565625,False,REGULAR,USD,put,2026-09-30,SPY
SPY260930P00594000,2026-08-10 16:30:08+00:00,594.0,0.55,0.42,0.43,0.0,0.0,1.0,223,0.3386296606445312,False,REGULAR,USD,put,2026-09-30,SPY
SPY260930P00595000,2026-08-14 16:32:03+00:00,595.0,0.44,0.43,0.44,-0.07999998,-15.384612,4.0,518,0.33789724609375,False,REGULAR,USD,put,2026-09-30,SPY
SPY260930P00596000,2026-08-11 19:20:43+00:00,596.0,0.59,0.44,0.45,0.0,0.0,1.0,94,0.336920693359375,False,REGULAR,USD,put,2026-09-30,SPY
SPY260930P00597000,2026-08-14 19:59:43+00:00,597.0,0.45,0.44,0.45,-0.02000001,-4.255321,168.0,20322,0.33521172607421873,False,REGULAR,USD,put,2026-09-30,SPY
SPY260930P00598000,2026-08-13 19:04:26+00:00,598.0,0.48,0.45,0.46,0.0,0.0,35.0,6932,0.33423517333984376,False,REGULAR,USD,put,2026-09-30,SPY
SPY260930P00599000,2026-08-14 16:35:46+00:00,599.0,0.47,0.45,0.46,-0.00999999,-2.0833313,1.0,224,0.3324041369628906,False,REGULAR,USD,put,2026-09-30,SPY
SPY260930P00600000,2026-08-14 20:08:14+00:00,600.0,0.47,0.46,0.47,-0.02000001,-4.0816345,213.0,29118,0.3315496533203125,False,REGULAR,USD,put,2026-09-30,SPY
SPY260930P00601000,2026-08-14 14:32:21+00:00,601.0,0.49,0.46,0.47,-0.050000012,-9.259261,8.0,117,0.32959654785156245,False,REGULAR,USD,put,2026-09-30,SPY
SPY260930P00602000,2026-08-14 16:12:56+00:00,602.0,0.49,0.47,0.48,0.01000002,2.0833375,13.0,90,0.3288641333007812,False,REGULAR,USD,put,2026-09-30,SPY
SPY260930P00603000,2026-08-13 13:39:37+00:00,603.0,0.49,0.48,0.49,0.0,0.0,13.0,272,0.3278875805664062,False,REGULAR,USD,put,2026-09-30,SPY
SPY260930P00604000,2026-08-13 14:34:10+00:00,604.0,0.49,0.48,0.49,0.0,0.0,1.0,89,0.3259344750976562,False,REGULAR,USD,put,2026-09-30,SPY
SPY260930P00605000,2026-08-13 14:57:18+00:00,605.0,0.5,0.49,0.5,0.0,0.0,5.0,549,0.32507999145507804,False,REGULAR,USD,put,2026-09-30,SPY
SPY260930P00606000,2026-08-14 18:17:04+00:00,606.0,0.49,0.5,0.51,-0.029999971,-5.7692256,1.0,59,0.324103438720703,False,REGULAR,USD,put,2026-09-30,SPY
SPY260930P00607000,2026-08-14 14:12:43+00:00,607.0,0.52,0.5,0.51,-1.36,-72.34042,4.0,52,0.32227240234374993,False,REGULAR,USD,put,2026-09-30,SPY
SPY260930P00608000,2026-08-04 16:38:06+00:00,608.0,0.89,0.51,0.52,0.0,0.0,1.0,166,0.32129584960937496,False,REGULAR,USD,put,2026-09-30,SPY
SPY260930P00609000,2026-08-05 19:49:16+00:00,609.0,0.8,0.52,0.53,0.0,0.0,2.0,137,0.32031929687499994,False,REGULAR,USD,put,2026-09-30,SPY
SPY260930P00610000,2026-08-14 14:09:39+00:00,610.0,0.54,0.52,0.53,-0.029999971,-5.263153,12.0,552,0.31836619140624994,False,REGULAR,USD,put,2026-09-30,SPY
SPY260930P00611000,2026-08-04 13:57:22+00:00,611.0,0.98,0.53,0.54,0.0,0.0,28.0,86,0.317389638671875,False,REGULAR,USD,put,2026-09-30,SPY
SPY260930P00612000,2026-08-07 15:26:10+00:00,612.0,0.75,0.54,0.55,0.0,0.0,48.0,295,0.31641308593749995,False,REGULAR,USD,put,2026-09-30,SPY
SPY260930P00613000,2026-08-11 17:50:05+00:00,613.0,0.72,0.54,0.55,0.0,0.0,9.0,46,0.31445998046874996,False,REGULAR,USD,put,2026-09-30,SPY
SPY260930P00614000,2026-08-07 17:42:27+00:00,614.0,0.56,0.55,0.56,-0.24000001,-30.0,1.0,149,0.313483427734375,False,REGULAR,USD,put,2026-09-30,SPY
SPY260930P00615000,2026-08-14 13:51:35+00:00,615.0,0.57,0.56,0.57,-0.01999998,-3.3898275,1.0,434,0.31238480590820306,False,REGULAR,USD,put,2026-09-30,SPY
SPY260930P00616000,2026-08-06 13:33:54+00:00,616.0,0.94,0.57,0.58,0.0,0.0,10.0,157,0.3112861840820312,False,REGULAR,USD,put,2026-09-30,SPY
SPY260930P00617000,2026-08-10 14:01:59+00:00,617.0,0.74,0.57,0.58,0.0,0.0,1.0,317,0.3094551477050781,False,REGULAR,USD,put,2026-09-30,SPY
SPY260930P00618000,2026-08-13 18:59:31+00:00,618.0,0.61,0.58,0.59,0.0,0.0,87.0,107,0.3083565258789062,False,REGULAR,USD,put,2026-09-30,SPY
SPY260930P00619000,2026-08-05 15:02:17+00:00,619.0,0.92,0.59,0.6,0.0,0.0,1.0,790,0.30725790405273434,False,REGULAR,USD,put,2026-09-30,SPY
SPY260930P00620000,2026-08-14 19:34:11+00:00,620.0,0.61,0.6,0.61,-0.029999971,-4.6874957,11.0,3125,0.3061592822265625,False,REGULAR,USD,put,2026-09-30,SPY
SPY260930P00621000,2026-08-07 15:44:28+00:00,621.0,0.85,0.6,0.62,0.0,0.0,1.0,198,0.3050606604003906,False,REGULAR,USD,put,2026-09-30,SPY
SPY260930P00622000,2026-08-07 15:40:42+00:00,622.0,0.87,0.61,0.62,0.0,0.0,4.0,240,0.3031075549316406,False,REGULAR,USD,put,2026-09-30,SPY
SPY260930P00623000,2026-08-07 15:41:57+00:00,623.0,0.89,0.62,0.63,0.0,0.0,3.0,172,0.3020089331054688,False,REGULAR,USD,put,2026-09-30,SPY
SPY260930P00624000,2026-08-10 13:52:00+00:00,624.0,0.83,0.63,0.64,0.0,0.0,1.0,147,0.3007882421875,False,REGULAR,USD,put,2026-09-30,SPY
SPY260930P00625000,2026-08-14 19:07:33+00:00,625.0,0.66,0.64,0.65,-0.00999999,-1.4925358,10.0,2811,0.29968962036132807,False,REGULAR,USD,put,2026-09-30,SPY
SPY260930P00626000,2026-08-07 16:10:08+00:00,626.0,0.91,0.65,0.66,0.0,0.0,1.0,448,0.29846892944335934,False,REGULAR,USD,put,2026-09-30,SPY
SPY260930P00627000,2026-08-07 19:58:26+00:00,627.0,0.91,0.65,0.67,0.0,0.0,3.0,525,0.2973703076171874,False,REGULAR,USD,put,2026-09-30,SPY
SPY260930P00628000,2026-08-12 17:15:14+00:00,628.0,0.76,0.66,0.67,0.0,0.0,39.0,154,0.2954172021484375,False,REGULAR,USD,put,2026-09-30,SPY
SPY260930P00629000,2026-08-11 16:46:56+00:00,629.0,0.92,0.67,0.68,0.0,0.0,1.0,327,0.2941965112304687,False,REGULAR,USD,put,2026-09-30,SPY
SPY260930P00630000,2026-08-14 19:07:33+00:00,630.0,0.7,0.68,0.69,0.0,0.0,45.0,3620,0.2929758203124999,False,REGULAR,USD,put,2026-09-30,SPY
SPY260930P00631000,2026-08-14 18:46:00+00:00,631.0,0.7,0.69,0.7,-0.00999999,-1.4084494,7.0,143,0.29175512939453113,False,REGULAR,USD,put,2026-09-30,SPY
SPY260930P00632000,2026-08-14 18:46:00+00:00,632.0,0.71,0.7,0.71,-0.01000005,-1.3888958,7.0,217,0.29053443847656246,False,REGULAR,USD,put,2026-09-30,SPY
SPY260930P00633000,2026-08-10 13:34:47+00:00,633.0,0.93,0.71,0.72,0.0,0.0,1.0,478,0.2893137475585937,False,REGULAR,USD,put,2026-09-30,SPY
SPY260930P00634000,2026-08-10 13:35:07+00:00,634.0,0.95,0.72,0.73,0.0,0.0,1.0,238,0.287970987548828,False,REGULAR,USD,put,2026-09-30,SPY
SPY260930P00635000,2026-08-14 14:09:08+00:00,635.0,0.75,0.73,0.74,-0.01999998,-2.5974002,2.0,150924,0.2867502966308593,False,REGULAR,USD,put,2026-09-30,SPY
SPY260930P00636000,2026-08-14 14:12:43+00:00,636.0,0.75,0.74,0.75,-0.00999999,-1.3157883,4.0,110,0.2854075366210937,False,REGULAR,USD,put,2026-09-30,SPY
SPY260930P00637000,2026-08-14 14:32:21+00:00,637.0,0.78,0.75,0.76,-0.22000003,-22.000004,8.0,452,0.2841868457031249,False,REGULAR,USD,put,2026-09-30,SPY
SPY260930P00638000,2026-08-14 18:17:04+00:00,638.0,0.76,0.76,0.77,-0.22000003,-22.448982,13.0,22,0.28284408569335934,False,REGULAR,USD,put,2026-09-30,SPY
SPY260930P00639000,2026-08-10 18:45:02+00:00,639.0,1.03,0.77,0.78,0.0,0.0,3.0,111,0.2815013256835937,False,REGULAR,USD,put,2026-09-30,SPY
SPY260930P00640000,2026-08-13 18:58:05+00:00,640.0,0.81,0.78,0.79,0.0,0.0,18.0,3104,0.2802806347656249,False,REGULAR,USD,put,2026-09-30,SPY
SPY260930P00641000,2026-08-12 13:30:01+00:00,641.0,0.93,0.79,0.8,0.0,0.0,1.0,210,0.27893787475585935,False,REGULAR,USD,put,2026-09-30,SPY
SPY260930P00642000,2026-08-12 15:55:02+00:00,642.0,0.97,0.8,0.81,0.0,0.0,2.0,87,0.2775951147460937,False,REGULAR,USD,put,2026-09-30,SPY
SPY260930P00643000,2026-08-13 19:48:17+00:00,643.0,0.86,0.81,0.82,0.0,0.0,91.0,170,0.27625235473632803,False,REGULAR,USD,put,2026-09-30,SPY
SPY260930P00644000,2026-08-12 15:39:43+00:00,644.0,0.99,0.82,0.84,0.0,0.0,22.0,87,0.27539787109374997,False,REGULAR,USD,put,2026-09-30,SPY
SPY260930P00645000,2026-08-13 17:02:32+00:00,645.0,0.86,0.83,0.85,-0.03999996,-4.4444404,58.0,504,0.2740551110839844,False,REGULAR,USD,put,2026-09-30,SPY
SPY260930P00646000,2026-08-13 13:43:19+00:00,646.0,0.88,0.85,0.86,0.0,0.0,1.0,455,0.2727123510742187,False,REGULAR,USD,put,2026-09-30,SPY
SPY260930P00647000,2026-08-12 18:55:16+00:00,647.0,0.96,0.86,0.87,0.0,0.0,1.0,290,0.2712475219726562,False,REGULAR,USD,put,2026-09-30,SPY
SPY260930P00648000,2026-08-12 19:06:55+00:00,648.0,0.98,0.87,0.88,0.0,0.0,1.0,492,0.2699047619628906,False,REGULAR,USD,put,2026-09-30,SPY
SPY260930P00649000,2026-08-07 14:16:18+00:00,649.0,1.3,0.88,0.9,0.0,0.0,1.0,211,0.2690502783203125,False,REGULAR,USD,put,2026-09-30,SPY
SPY260930P00650000,2026-08-14 18:57:26+00:00,650.0,0.91,0.89,0.91,-0.029999971,-3.1914864,97.0,4064,0.26758544921875,False,REGULAR,USD,put,2026-09-30,SPY
SPY260930P00651000,2026-08-04 15:46:32+00:00,651.0,1.53,0.91,0.92,0.0,0.0,3.0,419,0.2661206201171875,False,REGULAR,USD,put,2026-09-30,SPY
SPY260930P00652000,2026-08-13 19:42:30+00:00,652.0,0.97,0.92,0.93,0.0,0.0,2.0,189,0.26471682556152343,False,REGULAR,USD,put,2026-09-30,SPY
SPY260930P00653000,2026-08-13 15:24:03+00:00,653.0,0.99,0.93,0.95,0.0,0.0,2.0,132,0.26380130737304686,False,REGULAR,USD,put,2026-09-30,SPY
SPY260930P00654000,2026-08-13 19:52:37+00:00,654.0,1.01,0.95,0.96,0.0,0.0,2.0,32,0.26233647827148443,False,REGULAR,USD,put,2026-09-30,SPY
SPY260930P00655000,2026-08-14 19:32:28+00:00,655.0,0.98,0.96,0.97,-0.00999999,-1.0101,16.0,321,0.2608716491699219,False,REGULAR,USD,put,2026-09-30,SPY
SPY260930P00656000,2026-08-07 14:19:22+00:00,656.0,1.4,0.97,0.99,0.0,0.0,1.0,196,0.25989509643554687,False,REGULAR,USD,put,2026-09-30,SPY
SPY260930P00657000,2026-08-10 18:06:42+00:00,657.0,1.32,0.99,1.0,0.0,0.0,1.0,501,0.258369232788086,False,REGULAR,USD,put,2026-09-30,SPY
SPY260930P00658000,2026-08-14 20:07:25+00:00,658.0,1.01,1.0,1.02,-0.34000003,-25.185188,2.0,1215,0.2573316455078125,False,REGULAR,USD,put,2026-09-30,SPY
SPY260930P00659000,2026-08-14 19:52:05+00:00,659.0,1.01,1.02,1.03,-0.37,-26.811594,1.0,642,0.25586681640625003,False,REGULAR,USD,put,2026-09-30,SPY
SPY260930P00660000,2026-08-14 19:56:24+00:00,660.0,1.05,1.03,1.05,-0.03000009,-2.777786,33.0,2741,0.25476819458007816,False,REGULAR,USD,put,2026-09-30,SPY
SPY260930P00661000,2026-08-13 19:39:47+00:00,661.0,1.1,1.05,1.06,0.0,0.0,1.0,379,0.2533033654785156,False,REGULAR,USD,put,2026-09-30,SPY
SPY260930P00662000,2026-08-07 19:32:40+00:00,662.0,1.5,1.06,1.08,0.0,0.0,3.0,133,0.25220474365234374,False,REGULAR,USD,put,2026-09-30,SPY
SPY260930P00663000,2026-08-13 18:58:37+00:00,663.0,1.14,1.08,1.09,0.0,0.0,11.0,238,0.25061784545898436,False,REGULAR,USD,put,2026-09-30,SPY
SPY260930P00664000,2026-08-14 19:53:58+00:00,664.0,1.1,1.09,1.11,-0.49,-30.81761,1.0,937,0.24951922363281248,False,REGULAR,USD,put,2026-09-30,SPY
SPY260930P00665000,2026-08-14 16:44:58+00:00,665.0,1.14,1.11,1.13,-0.029999971,-2.5641003,105.0,1015,0.24842060180664063,False,REGULAR,USD,put,2026-09-30,SPY
SPY260930P00666000,2026-08-14 14:02:06+00:00,666.0,1.15,1.13,1.14,-0.13999999,-10.852712,100.0,179,0.24683370361328127,False,REGULAR,USD,put,2026-09-30,SPY
SPY260930P00667000,2026-08-11 17:50:05+00:00,667.0,1.54,1.14,1.16,0.0,0.0,9.0,223,0.24567404724121095,False,REGULAR,USD,put,2026-09-30,SPY
SPY260930P00668000,2026-08-13 13:45:02+00:00,668.0,1.23,1.16,1.18,0.0,0.0,1.0,219,0.24451439086914065,False,REGULAR,USD,put,2026-09-30,SPY
SPY260930P00669000,2026-08-11 19:33:47+00:00,669.0,1.58,1.18,1.2,0.0,0.0,11.0,548,0.24329369995117187,False,REGULAR,USD,put,2026-09-30,SPY
SPY260930P00670000,2026-08-14 18:56:13+00:00,670.0,1.22,1.2,1.21,-0.049999952,-3.937004,184.0,3154,0.2417068017578125,False,REGULAR,USD,put,2026-09-30,SPY
SPY260930P00671000,2026-08-12 15:05:40+00:00,671.0,1.5,1.22,1.23,0.0,0.0,1.0,175,0.24048611083984373,False,REGULAR,USD,put,2026-09-30,SPY
SPY260930P00672000,2026-08-12 15:11:39+00:00,672.0,1.51,1.24,1.25,0.0,0.0,14.0,404,0.23926541992187497,False,REGULAR,USD,put,2026-09-30,SPY
SPY260930P00673000,2026-08-14 19:39:37+00:00,673.0,1.27,1.25,1.27,-0.39999998,-23.952095,8.0,1627,0.23798369445800777,False,REGULAR,USD,put,2026-09-30,SPY
SPY260930P00674000,2026-08-14 16:35:38+00:00,674.0,1.31,1.27,1.29,-0.0200001,-1.5037669,3.0,608,0.23670196899414062,False,REGULAR,USD,put,2026-09-30,SPY
SPY260930P00675000,2026-08-14 20:01:20+00:00,675.0,1.3,1.3,1.31,-0.060000062,-4.4117694,34.0,9581,0.2354202435302734,False,REGULAR,USD,put,2026-09-30,SPY
SPY260930P00676000,2026-08-10 16:32:03+00:00,676.0,1.74,1.32,1.33,0.0,0.0,2.0,1143,0.23413851806640623,False,REGULAR,USD,put,2026-09-30,SPY
SPY260930P00677000,2026-08-14 17:57:51+00:00,677.0,1.36,1.34,1.35,-0.01999998,-1.449274,16.0,1278,0.23279575805664063,False,REGULAR,USD,put,2026-09-30,SPY
SPY260930P00678000,2026-08-14 15:35:28+00:00,678.0,1.43,1.36,1.37,-0.01000011,-0.69445205,10.0,278,0.23151403259277342,False,REGULAR,USD,put,2026-09-30,SPY
SPY260930P00679000,2026-08-12 19:06:40+00:00,679.0,1.57,1.38,1.4,0.0,0.0,1.0,739,0.2304764453125,False,REGULAR,USD,put,2026-09-30,SPY
SPY260930P00680000,2026-08-14 20:08:42+00:00,680.0,1.42,1.4,1.42,-0.05000007,-3.4013653,1031.0,10053,0.2291336853027344,False,REGULAR,USD,put,2026-09-30,SPY
SPY260930P00681000,2026-08-14 15:04:29+00:00,681.0,1.47,1.43,1.44,-0.48000002,-24.615383,1.0,654,0.22779092529296874,False,REGULAR,USD,put,2026-09-30,SPY
SPY260930P00682000,2026-08-14 19:49:40+00:00,682.0,1.47,1.45,1.47,-0.029999971,-1.9999981,792.0,1281,0.22669230346679686,False,REGULAR,USD,put,2026-09-30,SPY
SPY260930P00683000,2026-08-12 14:13:29+00:00,683.0,1.78,1.47,1.49,0.0,0.0,1.0,317,0.22528850891113278,False,REGULAR,USD,put,2026-09-30,SPY
SPY260930P00684000,2026-08-14 18:54:39+00:00,684.0,1.51,1.5,1.52,-0.100000024,-6.211181,11.0,469,0.2241898870849609,False,REGULAR,USD,put,2026-09-30,SPY
SPY260930P00685000,2026-08-14 15:52:56+00:00,685.0,1.62,1.52,1.54,-0.01999998,-1.219511,37.0,1830,0.22278609252929685,False,REGULAR,USD,put,2026-09-30,SPY
SPY260930P00686000,2026-08-10 16:32:04+00:00,686.0,2.06,1.55,1.57,0.0,0.0,3.0,223,0.22162643615722655,False,REGULAR,USD,put,2026-09-30,SPY
SPY260930P00687000,2026-08-14 16:25:24+00:00,687.0,1.63,1.58,1.59,-0.110000014,-6.3218403,38.0,1640,0.220161607055664,False,REGULAR,USD,put,2026-09-30,SPY
SPY260930P00688000,2026-08-13 14:25:21+00:00,688.0,1.64,1.6,1.62,0.0,0.0,2.0,476,0.21900195068359374,False,REGULAR,USD,put,2026-09-30,SPY
SPY260930P00689000,2026-08-11 17:49:05+00:00,689.0,2.18,1.63,1.65,0.0,0.0,6.0,613,0.2178422943115234,False,REGULAR,USD,put,2026-09-30,SPY
SPY260930P00690000,2026-08-14 19:52:54+00:00,690.0,1.67,1.66,1.68,-0.060000062,-3.4682117,20.0,7426,0.21662160339355468,False,REGULAR,USD,put,2026-09-30,SPY
SPY260930P00691000,2026-08-14 15:09:09+00:00,691.0,1.74,1.69,1.71,0.00999999,0.5780341,35.0,2150,0.21540091247558596,False,REGULAR,USD,put,2026-09-30,SPY
SPY260930P00692000,2026-08-13 18:04:33+00:00,692.0,1.83,1.72,1.74,0.0,0.0,2.0,185,0.21411918701171873,False,REGULAR,USD,put,2026-09-30,SPY
SPY260930P00693000,2026-08-11 15:56:01+00:00,693.0,2.37,1.75,1.77,0.0,0.0,1.0,92,0.21283746154785155,False,REGULAR,USD,put,2026-09-30,SPY
SPY260930P00694000,2026-08-13 13:58:30+00:00,694.0,1.85,1.78,1.8,0.0,0.0,1.0,252,0.21155573608398434,False,REGULAR,USD,put,2026-09-30,SPY
SPY260930P00695000,2026-08-14 19:58:48+00:00,695.0,1.83,1.81,1.83,-0.099999905,-5.181342,26.0,1882,0.2102740106201172,False,REGULAR,USD,put,2026-09-30,SPY
SPY260930P00696000,2026-08-13 15:44:33+00:00,696.0,2.0,1.84,1.86,0.0,0.0,4.0,37,0.2089312506103515,False,REGULAR,USD,put,2026-09-30,SPY
SPY260930P00697000,2026-08-13 15:27:25+00:00,697.0,1.99,1.88,1.9,0.0,0.0,15.0,3637,0.20786314605712886,False,REGULAR,USD,put,2026-09-30,SPY
SPY260930P00698000,2026-08-14 15:36:12+00:00,698.0,2.01,1.91,1.93,0.01999998,1.0050242,2.0,150,0.206489868774414,False,REGULAR,USD,put,2026-09-30,SPY
SPY260930P00699000,2026-08-14 16:25:25+00:00,699.0,2.0,1.95,1.97,-0.03999996,-1.9607825,2.0,3803,0.20539124694824218,False,REGULAR,USD,put,2026-09-30,SPY
SPY260930P00700000,2026-08-14 19:58:48+00:00,700.0,2.0,1.98,2.0,-0.03999996,-1.9607825,274.0,6982,0.2039874523925781,False,REGULAR,USD,put,2026-09-30,SPY
SPY260930P00701000,2026-08-14 18:15:48+00:00,701.0,2.03,2.02,2.04,-0.089999914,-4.2452793,15.0,96,0.20276676147460934,False,REGULAR,USD,put,2026-09-30,SPY
SPY260930P00702000,2026-08-14 15:42:16+00:00,702.0,2.2,2.06,2.08,0.059999943,2.8037355,5.0,487,0.20160710510253904,False,REGULAR,USD,put,2026-09-30,SPY
SPY260930P00703000,2026-08-14 17:30:48+00:00,703.0,2.15,2.1,2.12,-0.14999986,-6.5217333,2.0,164,0.2003864141845703,False,REGULAR,USD,put,2026-09-30,SPY
SPY260930P00704000,2026-08-14 17:32:40+00:00,704.0,2.18,2.14,2.16,0.0,0.0,6.0,63,0.1991046887207031,False,REGULAR,USD,put,2026-09-30,SPY
SPY260930P00705000,2026-08-14 19:52:54+00:00,705.0,2.17,2.18,2.2,-0.15999985,-6.8669467,23.0,5869,0.1978534805297852,False,REGULAR,USD,put,2026-09-30,SPY
SPY260930P00706000,2026-08-13 17:56:57+00:00,706.0,2.37,2.22,2.24,0.0,0.0,20.0,49,0.19657175506591795,False,REGULAR,USD,put,2026-09-30,SPY
SPY260930P00707000,2026-08-14 19:59:44+00:00,707.0,2.27,2.27,2.29,-0.059999943,-2.575105,169.0,20338,0.19547313323974608,False,REGULAR,USD,put,2026-09-30,SPY
SPY260930P00708000,2026-08-14 19:02:14+00:00,708.0,2.34,2.31,2.33,-0.16000009,-6.400003,11.0,83,0.1941608905029297,False,REGULAR,USD,put,2026-09-30,SPY
SPY260930P00709000,2026-08-14 19:04:48+00:00,709.0,2.42,2.36,2.38,-0.13999987,-5.4687448,2.0,276,0.19300123413085937,False,REGULAR,USD,put,2026-09-30,SPY
SPY260930P00710000,2026-08-14 19:52:54+00:00,710.0,2.4,2.41,2.43,-0.099999905,-3.9999962,67.0,2745,0.19184157775878907,False,REGULAR,USD,put,2026-09-30,SPY
SPY260930P00711000,2026-08-13 15:25:47+00:00,711.0,2.57,2.45,2.48,0.0,0.0,2.0,93,0.19062088684082032,False,REGULAR,USD,put,2026-09-30,SPY
SPY260930P00712000,2026-08-14 19:49:08+00:00,712.0,2.49,2.5,2.53,-0.059999943,-2.352939,11.0,155,0.18940019592285157,False,REGULAR,USD,put,2026-09-30,SPY
SPY260930P00713000,2026-08-14 17:15:48+00:00,713.0,2.61,2.56,2.58,-0.06000018,-2.2471976,2.0,77,0.18814898773193356,False,REGULAR,USD,put,2026-09-30,SPY
SPY260930P00714000,2026-08-14 14:36:08+00:00,714.0,2.67,2.61,2.63,-0.059999943,-2.1978002,3.0,240,0.18686726226806644,False,REGULAR,USD,put,2026-09-30,SPY
SPY260930P00715000,2026-08-14 20:08:48+00:00,715.0,2.67,2.66,2.69,-0.06999993,-2.554742,48.0,1366,0.1857686404418945,False,REGULAR,USD,put,2026-09-30,SPY
SPY260930P00716000,2026-08-14 19:53:00+00:00,716.0,2.7,2.72,2.74,-0.22000003,-7.534248,8.0,112,0.18442588043212887,False,REGULAR,USD,put,2026-09-30,SPY
SPY260930P00717000,2026-08-13 15:40:49+00:00,717.0,3.03,2.78,2.8,0.0,0.0,15.0,56,0.18326622406005855,False,REGULAR,USD,put,2026-09-30,SPY
SPY260930P00718000,2026-08-14 17:40:27+00:00,718.0,2.92,2.84,2.86,-0.03999996,-1.3513501,4.0,166,0.18207605041503905,False,REGULAR,USD,put,2026-09-30,SPY
SPY260930P00719000,2026-08-13 18:51:10+00:00,719.0,2.99,2.9,2.92,0.0,0.0,7.0,251,0.1808553594970703,False,REGULAR,USD,put,2026-09-30,SPY
SPY260930P00720000,2026-08-14 19:53:07+00:00,720.0,2.94,2.96,2.99,-0.049999952,-1.6722392,5738.0,6317,0.17975673767089845,False,REGULAR,USD,put,2026-09-30,SPY
SPY260930P00721000,2026-08-14 19:53:00+00:00,721.0,3.0,3.03,3.05,-0.45000005,-13.043479,7.0,216,0.17847501220703127,False,REGULAR,USD,put,2026-09-30,SPY
SPY260930P00722000,2026-08-14 18:51:36+00:00,722.0,3.1,3.09,3.12,-0.5400002,-14.83517,16.0,75,0.17734587310791017,False,REGULAR,USD,put,2026-09-30,SPY
SPY260930P00723000,2026-08-13 18:11:52+00:00,723.0,3.33,3.16,3.19,0.0,0.0,3.0,42,0.17615569946289064,False,REGULAR,USD,put,2026-09-30,SPY
SPY260930P00724000,2026-08-14 17:50:23+00:00,724.0,3.32,3.23,3.26,-0.00999999,-0.30030003,103.0,97,0.1749350085449219,False,REGULAR,USD,put,2026-09-30,SPY
SPY260930P00725000,2026-08-14 20:12:36+00:00,725.0,3.32,3.31,3.33,-0.049999952,-1.4836781,132.0,15540,0.17371431762695314,False,REGULAR,USD,put,2026-09-30,SPY
SPY260930P00726000,2026-08-14 15:57:41+00:00,726.0,3.55,3.38,3.41,0.07999992,2.3054733,4.0,125,0.17258517852783206,False,REGULAR,USD,put,2026-09-30,SPY
SPY260930P00727000,2026-08-14 18:51:20+00:00,727.0,3.46,3.46,3.49,-0.109999895,-3.0812297,22.0,90,0.17145603942871096,False,REGULAR,USD,put,2026-09-30,SPY
SPY260930P00728000,2026-08-14 17:54:55+00:00,728.0,3.59,3.54,3.57,-0.06000018,-1.6438406,5.0,221,0.17026586578369146,False,REGULAR,USD,put,2026-09-30,SPY
SPY260930P00729000,2026-08-14 19:39:38+00:00,729.0,3.62,3.62,3.65,-0.33000016,-8.354434,21.0,939,0.16904517486572268,False,REGULAR,USD,put,2026-09-30,SPY
SPY260930P00730000,2026-08-14 20:08:48+00:00,730.0,3.72,3.71,3.73,-0.01999998,-0.53475887,1179.0,3347,0.1677634494018555,False,REGULAR,USD,put,2026-09-30,SPY
SPY260930P00731000,2026-08-14 17:02:27+00:00,731.0,3.91,3.8,3.82,0.0400002,1.033597,8.0,136,0.16663431030273443,False,REGULAR,USD,put,2026-09-30,SPY
SPY260930P00732000,2026-08-14 18:51:36+00:00,732.0,3.88,3.89,3.91,-0.07999992,-2.0202,44.0,673,0.16544413665771485,False,REGULAR,USD,put,2026-09-30,SPY
SPY260930P00733000,2026-08-14 16:03:03+00:00,733.0,4.1,3.98,4.01,0.059999943,1.4851471,5.0,297,0.1643760321044922,False,REGULAR,USD,put,2026-09-30,SPY
SPY260930P00734000,2026-08-14 19:39:38+00:00,734.0,4.06,4.08,4.1,-0.07999992,-1.9323654,20.0,825,0.16312482391357425,False,REGULAR,USD,put,2026-09-30,SPY
SPY260930P00735000,2026-08-14 19:38:31+00:00,735.0,4.16,4.18,4.2,0.009999752,0.24095787,53.0,5588,0.16196516754150392,False,REGULAR,USD,put,2026-09-30,SPY
SPY260930P00736000,2026-08-14 19:52:46+00:00,736.0,4.24,4.28,4.31,-0.23000002,-5.1454144,11.0,334,0.16089706298828127,False,REGULAR,USD,put,2026-09-30,SPY
SPY260930P00737000,2026-08-14 19:45:03+00:00,737.0,4.38,4.38,4.41,-0.049999714,-1.1286618,22.0,453,0.15964585479736326,False,REGULAR,USD,put,2026-09-30,SPY
SPY260930P00738000,2026-08-14 19:45:01+00:00,738.0,4.48,4.49,4.52,-0.03000021,-0.6651931,17.0,552,0.15851671569824222,False,REGULAR,USD,put,2026-09-30,SPY
SPY260930P00739000,2026-08-14 19:24:27+00:00,739.0,4.63,4.61,4.64,-0.19000006,-3.9419098,32.0,527,0.1574486111450195,False,REGULAR,USD,put,2026-09-30,SPY
SPY260930P00740000,2026-08-14 20:11:15+00:00,740.0,4.73,4.72,4.75,0.03999996,0.8528776,257.0,4262,0.15619740295410156,False,REGULAR,USD,put,2026-09-30,SPY
SPY260930P00741000,2026-08-14 19:52:46+00:00,741.0,4.78,4.85,4.87,-0.099999905,-2.0491784,3.0,128,0.1550530052185059,False,REGULAR,USD,put,2026-09-30,SPY
SPY260930P00742000,2026-08-14 16:48:18+00:00,742.0,5.05,4.97,5.0,0.03000021,0.59761375,9.0,343,0.15396964202880858,False,REGULAR,USD,put,2026-09-30,SPY
SPY260930P00743000,2026-08-14 18:09:04+00:00,743.0,5.13,5.1,5.13,-0.009999752,-0.19454771,13.0,416,0.15285576156616215,False,REGULAR,USD,put,2026-09-30,SPY
SPY260930P00744000,2026-08-14 19:24:27+00:00,744.0,5.25,5.23,5.26,-0.01999998,-0.3795063,16.0,174,0.1516808465576172,False,REGULAR,USD,put,2026-09-30,SPY
SPY260930P00745000,2026-08-14 20:12:01+00:00,745.0,5.39,5.37,5.4,0.07999992,1.5065899,220.0,1620,0.15058222473144534,False,REGULAR,USD,put,2026-09-30,SPY
SPY260930P00746000,2026-08-14 17:38:17+00:00,746.0,5.64,5.52,5.55,0.049999714,0.89444923,2.0,286,0.14954463745117189,False,REGULAR,USD,put,2026-09-30,SPY
SPY260930P00747000,2026-08-14 19:52:55+00:00,747.0,5.6,5.66,5.7,-0.38999987,-6.510849,13.0,206,0.148446015625,False,REGULAR,USD,put,2026-09-30,SPY
SPY260930P00748000,2026-08-14 19:52:55+00:00,748.0,5.75,5.82,5.85,-0.07999992,-1.3722115,165.0,709,0.14730161788940432,False,REGULAR,USD,put,2026-09-30,SPY
SPY260930P00749000,2026-08-14 19:04:48+00:00,749.0,6.04,5.98,6.01,-0.30999994,-4.881889,6.0,474,0.146218254699707,False,REGULAR,USD,put,2026-09-30,SPY
SPY260930P00750000,2026-08-14 20:14:41+00:00,750.0,6.13,6.14,6.17,0.03000021,0.49180672,336.0,3278,0.14505859832763673,False,REGULAR,USD,put,2026-09-30,SPY
SPY260930P00751000,2026-08-14 18:09:04+00:00,751.0,6.34,6.31,6.34,-0.19000006,-2.9096487,11.0,387,0.14397523513793942,False,REGULAR,USD,put,2026-09-30,SPY
SPY260930P00752000,2026-08-14 17:17:43+00:00,752.0,6.61,6.49,6.52,0.099999905,1.5360968,7.0,266,0.14293764785766605,False,REGULAR,USD,put,2026-09-30,SPY
SPY260930P00753000,2026-08-14 19:22:42+00:00,753.0,6.72,6.67,6.7,-0.17000008,-2.4673452,18.0,578,0.14183902603149412,False,REGULAR,USD,put,2026-09-30,SPY
SPY260930P00754000,2026-08-14 17:12:38+00:00,754.0,6.95,6.86,6.89,0.18999958,2.8106446,1.0,468,0.14078618011474608,False,REGULAR,USD,put,2026-09-30,SPY
SPY260930P00755000,2026-08-14 19:49:53+00:00,755.0,6.95,7.06,7.09,-0.14000034,-1.9746169,37.0,1804,0.13976385147094728,False,REGULAR,USD,put,2026-09-30,SPY
SPY260930P00756000,2026-08-14 13:49:50+00:00,756.0,7.05,7.26,7.29,-0.23000002,-3.1593409,4.0,266,0.13868048828125001,False,REGULAR,USD,put,2026-09-30,SPY
SPY260930P00757000,2026-08-14 19:46:52+00:00,757.0,7.45,7.47,7.51,-0.49000025,-6.1712875,36.0,2684,0.13773445281982422,False,REGULAR,USD,put,2026-09-30,SPY
SPY260930P00758000,2026-08-14 19:23:49+00:00,758.0,7.71,7.69,7.72,0.07000017,0.91623265,23.0,129,0.13662057235717773,False,REGULAR,USD,put,2026-09-30,SPY
SPY260930P00759000,2026-08-14 18:00:16+00:00,759.0,7.98,7.91,7.96,0.11000013,1.3977145,12.0,197,0.13573557144165044,False,REGULAR,USD,put,2026-09-30,SPY
SPY260930P00760000,2026-08-14 20:14:44+00:00,760.0,8.14,8.14,8.19,0.16000032,2.0050166,107.0,1729,0.13468272552490235,False,REGULAR,USD,put,2026-09-30,SPY
SPY260930P00761000,2026-08-14 15:28:32+00:00,761.0,8.56,8.39,8.43,0.21000004,2.5149703,10.0,100,0.13364513824462892,False,REGULAR,USD,put,2026-09-30,SPY
SPY260930P00762000,2026-08-14 18:03:45+00:00,762.0,8.67,8.64,8.69,0.09000015,1.0489528,24.0,114,0.13274487869262697,False,REGULAR,USD,put,2026-09-30,SPY
SPY260930P00763000,2026-08-14 18:47:13+00:00,763.0,8.9,8.9,8.95,0.21999931,2.5345542,22.0,181,0.13175306732177733,False,REGULAR,USD,put,2026-09-30,SPY
SPY260930P00764000,2026-08-14 19:59:00+00:00,764.0,9.12,9.17,9.22,0.119999886,1.3333321,21.0,53,0.1307765145874023,False,REGULAR,USD,put,2026-09-30,SPY
SPY260930P00765000,2026-08-14 20:10:14+00:00,765.0,9.45,9.44,9.5,0.03999996,0.42507932,127.0,915,0.12981522048950195,False,REGULAR,USD,put,2026-09-30,SPY
SPY260930P00766000,2026-08-14 19:41:48+00:00,766.0,9.64,9.73,9.79,-0.009999275,-0.103619434,6.0,100,0.12886918502807615,False,REGULAR,USD,put,2026-09-30,SPY
SPY260930P00767000,2026-08-14 19:46:52+00:00,767.0,9.99,10.03,10.09,-0.07999992,-0.7944382,63.0,39,0.127938408203125,False,REGULAR,USD,put,2026-09-30,SPY
SPY260930P00768000,2026-08-14 18:11:19+00:00,768.0,10.31,10.34,10.4,0.15000057,1.4763836,34.0,102,0.12699237274169922,False,REGULAR,USD,put,2026-09-30,SPY
SPY260930P00769000,2026-08-14 17:48:50+00:00,769.0,10.83,10.66,10.72,0.28999996,2.751423,14.0,115,0.12607685455322265,False,REGULAR,USD,put,2026-09-30,SPY
SPY260930P00770000,2026-08-14 20:14:32+00:00,770.0,10.99,10.99,11.05,0.22999954,2.1375422,322.0,1020,0.12514607772827147,False,REGULAR,USD,put,2026-09-30,SPY
SPY260930P00771000,2026-08-14 17:01:07+00:00,771.0,11.55,11.34,11.39,0.4800005,4.336048,12.0,132,0.12421530090332032,False,REGULAR,USD,put,2026-09-30,SPY
SPY260930P00772000,2026-08-14 19:14:10+00:00,772.0,11.69,11.69,11.75,0.35999966,3.177402,79.0,315,0.1233760758972168,False,REGULAR,USD,put,2026-09-30,SPY
SPY260930P00773000,2026-08-14 16:39:26+00:00,773.0,12.06,12.06,12.12,0.31000042,2.6383014,9.0,79,0.12252159225463868,False,REGULAR,USD,put,2026-09-30,SPY
SPY260930P00774000,2026-08-14 18:38:48+00:00,774.0,12.45,12.44,12.5,0.28999996,2.3848681,25.0,140,0.12166710861206054,False,REGULAR,USD,put,2026-09-30,SPY
SPY260930P00775000,2026-08-14 20:14:32+00:00,775.0,12.83,12.83,12.89,0.28999996,2.3125994,88.0,521,0.12079736633300782,False,REGULAR,USD,put,2026-09-30,SPY
SPY260930P00776000,2026-08-14 20:05:11+00:00,776.0,13.2,13.23,13.29,0.35999966,2.8037355,73.0,390,0.11991236541748046,False,REGULAR,USD,put,2026-09-30,SPY
SPY260930P00777000,2026-08-14 18:23:27+00:00,777.0,13.56,13.65,13.71,0.26000023,1.9548889,200.0,333,0.11911891632080077,True,REGULAR,USD,put,2026-09-30,SPY
SPY260930P00778000,2026-08-14 19:19:47+00:00,778.0,14.08,14.08,14.14,0.3800001,2.7737236,425.0,149,0.11829494995117187,True,REGULAR,USD,put,2026-09-30,SPY
SPY260930P00779000,2026-08-14 17:28:39+00:00,779.0,14.66,14.53,14.59,-0.17000008,-1.1463256,6.0,61,0.1175320181274414,True,REGULAR,USD,put,2026-09-30,SPY
SPY260930P00780000,2026-08-14 20:09:19+00:00,780.0,15.03,14.98,15.04,0.52999973,3.6551707,81.0,212,0.11667753448486329,True,REGULAR,USD,put,2026-09-30,SPY
SPY260930P00781000,2026-08-13 15:03:26+00:00,781.0,15.0,15.46,15.52,0.0,0.0,7.0,29,0.11597563720703125,True,REGULAR,USD,put,2026-09-30,SPY
SPY260930P00782000,2026-08-13 17:26:55+00:00,782.0,15.96,15.94,16.0,0.0,0.0,67.0,71,0.11515167083740235,True,REGULAR,USD,put,2026-09-30,SPY
SPY260930P00783000,2026-08-14 14:47:51+00:00,783.0,15.99,15.59,17.34,-4.51,-22.000002,1.0,6,0.12200279861450197,True,REGULAR,USD,put,2026-09-30,SPY
SPY260930P00784000,2026-08-13 18:03:09+00:00,784.0,17.05,16.09,17.87,0.0,0.0,4.0,12,0.12145348770141601,True,REGULAR,USD,put,2026-09-30,SPY
SPY260930P00785000,2026-08-14 15:13:06+00:00,785.0,17.31,16.61,18.41,-0.040000916,-0.23055282,16.0,52,0.12088891815185548,True,REGULAR,USD,put,2026-09-30,SPY
SPY260930P00786000,2026-08-14 20:02:18+00:00,786.0,17.95,17.14,18.96,-0.29999924,-1.6438315,10.0,21,0.12029383132934571,True,REGULAR,USD,put,2026-09-30,SPY
SPY260930P00787000,2026-08-11 18:04:08+00:00,787.0,22.4,17.69,19.53,0.0,0.0,2.0,2,0.11979029632568358,True,REGULAR,USD,put,2026-09-30,SPY
SPY260930P00788000,2026-08-06 14:26:53+00:00,788.0,23.95,18.25,20.11,0.0,0.0,2.0,1,0.11924098541259764,True,REGULAR,USD,put,2026-09-30,SPY
SPY260930P00789000,2026-07-01 15:23:37+00:00,789.0,42.03,18.83,20.71,0.0,0.0,,0,0.11878322631835936,True,REGULAR,USD,put,2026-09-30,SPY
SPY260930P00790000,2026-08-14 15:39:04+00:00,790.0,20.47,19.42,21.0,0.4699993,2.3499966,1.0,19,0.11524322265625,True,REGULAR,USD,put,2026-09-30,SPY
SPY260930P00791000,2026-08-14 15:00:12+00:00,791.0,20.8,20.02,21.94,-19.32,-48.155533,1.0,1,0.11782193222045897,True,REGULAR,USD,put,2026-09-30,SPY
SPY260930P00792000,2026-08-14 15:35:11+00:00,792.0,21.66,19.85,23.33,0.12999916,0.6038047,2.0,4,0.12473409454345702,True,REGULAR,USD,put,2026-09-30,SPY
SPY260930P00795000,2026-08-12 19:50:32+00:00,795.0,26.11,22.62,24.57,0.0,0.0,2.0,2,0.11617399948120116,True,REGULAR,USD,put,2026-09-30,SPY
SPY260930P00796000,2026-08-05 15:23:33+00:00,796.0,28.6,22.51,25.98,0.0,0.0,,1,0.12326926544189454,True,REGULAR,USD,put,2026-09-30,SPY
SPY260930P00798000,2026-08-13 14:56:37+00:00,798.0,24.87,23.92,27.38,0.0,0.0,2.0,3,0.12265891998291016,True,REGULAR,USD,put,2026-09-30,SPY
SPY260930P00800000,2026-08-14 20:05:26+00:00,800.0,27.1,25.6,27.9,-0.25,-0.91407675,51.0,296,0.1116727017211914,True,REGULAR,USD,put,2026-09-30,SPY
SPY260930P00802000,2026-08-13 14:09:53+00:00,802.0,27.55,26.89,30.33,0.0,0.0,3.0,4,0.12177391906738282,True,REGULAR,USD,put,2026-09-30,SPY
SPY260930P00804000,2026-07-02 16:56:05+00:00,804.0,61.59,28.45,31.89,0.0,0.0,1.0,0,0.12168236724853515,True,REGULAR,USD,put,2026-09-30,SPY
SPY260930P00805000,2026-08-05 14:33:15+00:00,805.0,34.0,29.25,32.68,0.0,0.0,2.0,2,0.1215908154296875,True,REGULAR,USD,put,2026-09-30,SPY
SPY260930P00808000,2026-08-04 18:37:13+00:00,808.0,38.05,31.71,35.13,0.0,0.0,2.0,1,0.12177391906738282,True,REGULAR,USD,put,2026-09-30,SPY
SPY260930P00809000,2026-07-29 19:51:37+00:00,809.0,78.07,32.56,35.97,0.0,0.0,,0,0.12195702270507813,True,REGULAR,USD,put,2026-09-30,SPY
SPY260930P00810000,2026-08-14 15:45:47+00:00,810.0,35.0,33.41,36.82,-3.5,-9.090909,1.0,14,0.12217064361572266,True,REGULAR,USD,put,2026-09-30,SPY
SPY260930P00815000,2026-08-12 19:59:18+00:00,815.0,42.5,37.84,41.22,0.0,0.0,1.0,2,0.12430685272216799,True,REGULAR,USD,put,2026-09-30,SPY
SPY260930P00820000,2026-08-13 20:09:26+00:00,820.0,42.36,42.5,45.87,0.0,0.0,4.0,3,0.12885392639160154,True,REGULAR,USD,put,2026-09-30,SPY
SPY260930P00825000,2026-08-13 20:09:26+00:00,825.0,47.21,47.38,50.73,0.0,0.0,2.0,4,0.13617807189941405,True,REGULAR,USD,put,2026-09-30,SPY
SPY260930P00845000,2026-04-20 19:49:11+00:00,845.0,137.07,104.72,108.09,0.0,0.0,1.0,0,0.5685467950439453,True,REGULAR,USD,put,2026-09-30,SPY
SPY260930P00850000,2026-06-15 13:54:01+00:00,850.0,97.51,93.89,97.3,0.0,0.0,1.0,0,0.44669132415771484,True,REGULAR,USD,put,2026-09-30,SPY
SPY260930P00855000,2026-04-08 19:59:48+00:00,855.0,181.01,115.66,118.93,0.0,0.0,1.0,0,0.6047402807617189,True,REGULAR,USD,put,2026-09-30,SPY
SPY260930P00885000,2025-11-04 17:07:45+00:00,885.0,207.9,191.05,194.7,0.0,0.0,,0,1.1028639827728275,True,REGULAR,USD,put,2026-09-30,SPY
SPY260930P00895000,2026-04-27 19:59:10+00:00,895.0,179.83,154.64,158.02,0.0,0.0,1.0,0,0.6979400323486329,True,REGULAR,USD,put,2026-09-30,SPY
SPY260930P00900000,2026-05-15 15:56:32+00:00,900.0,160.4,146.5,149.69,0.0,0.0,1.0,0,0.5748638705444337,True,REGULAR,USD,put,2026-09-30,SPY
SPY261218C00150000,2026-07-17 15:27:40+00:00,150.0,596.0,624.84,628.15,0.0,0.0,2.0,6,0.9970703417968749,True,REGULAR,USD,call,2026-12-18,SPY
SPY261218C00200000,2026-07-17 17:29:01+00:00,200.0,548.89,575.21,578.53,0.0,0.0,3.0,738,0.9448247705078124,True,REGULAR,USD,call,2026-12-18,SPY
SPY261218C00210000,2026-06-18 14:15:03+00:00,210.0,538.28,529.69,533.09,0.0,0.0,2.0,382,1.0000000000000003e-05,True,REGULAR,USD,call,2026-12-18,SPY
SPY261218C00220000,2026-05-07 13:51:31+00:00,220.0,515.9,519.23,522.72,0.0,0.0,71.0,82,1.0000000000000003e-05,True,REGULAR,USD,call,2026-12-18,SPY
SPY261218C00230000,2026-05-11 13:30:01+00:00,230.0,509.19,523.56,526.89,0.0,0.0,1.0,14,1.0000000000000003e-05,True,REGULAR,USD,call,2026-12-18,SPY
SPY261218C00240000,2026-07-21 17:15:29+00:00,240.0,511.4,535.82,539.15,0.0,0.0,1.0,27,0.9094247338867187,True,REGULAR,USD,call,2026-12-18,SPY
SPY261218C00245000,2025-09-16 17:55:22+00:00,245.0,422.0,424.91,428.79,0.0,0.0,4.0,21,1.0000000000000003e-05,True,REGULAR,USD,call,2026-12-18,SPY
SPY261218C00250000,2026-08-04 17:12:12+00:00,250.0,523.44,525.98,529.3,0.0,0.0,7.0,146,0.8955088574218748,True,REGULAR,USD,call,2026-12-18,SPY
SPY261218C00255000,2026-08-06 14:59:47+00:00,255.0,518.25,521.06,524.38,0.0,0.0,1.0,4,0.888428850097656,True,REGULAR,USD,call,2026-12-18,SPY
SPY261218C00260000,2026-06-30 16:36:33+00:00,260.0,490.04,516.14,519.46,0.0,0.0,1.0,16,0.8811047045898437,True,REGULAR,USD,call,2026-12-18,SPY
SPY261218C00265000,2026-01-02 15:03:32+00:00,265.0,427.58,430.6,434.44,0.0,0.0,2.0,120,1.0000000000000003e-05,True,REGULAR,USD,call,2026-12-18,SPY
SPY261218C00270000,2026-06-15 14:47:51+00:00,270.0,486.29,486.36,489.87,0.0,0.0,2.0,65,1.0000000000000003e-05,True,REGULAR,USD,call,2026-12-18,SPY
SPY261218C00275000,2026-07-23 18:29:56+00:00,275.0,466.0,501.38,504.7,0.0,0.0,1.0,126,0.8581557153320312,True,REGULAR,USD,call,2026-12-18,SPY
SPY261218C00280000,2026-04-17 18:42:52+00:00,280.0,435.2,460.84,464.31,0.0,0.0,1.0,56,1.0000000000000003e-05,True,REGULAR,USD,call,2026-12-18,SPY
SPY261218C00285000,2025-08-05 14:43:07+00:00,285.0,353.65,385.58,389.46,0.0,0.0,2.0,103,1.0000000000000003e-05,True,REGULAR,USD,call,2026-12-18,SPY
SPY261218C00290000,2026-04-02 14:35:18+00:00,290.0,369.0,0.0,0.0,0.0,0.0,1.0,0,1.0000000000000003e-05,True,REGULAR,USD,call,2026-12-18,SPY
SPY261218C00295000,2026-01-13 20:24:47+00:00,295.0,404.0,393.0,397.73,0.0,0.0,1.0,78,1.0000000000000003e-05,True,REGULAR,USD,call,2026-12-18,SPY
SPY261218C00300000,2026-08-13 18:46:29+00:00,300.0,480.12,476.78,480.1,0.0,0.0,1.0,241,0.8179949841308591,True,REGULAR,USD,call,2026-12-18,SPY
SPY261218C00305000,2026-08-05 19:54:39+00:00,305.0,469.7,471.86,475.18,0.0,0.0,1.0,6,0.8096942858886718,True,REGULAR,USD,call,2026-12-18,SPY
SPY261218C00310000,2026-06-04 13:45:56+00:00,310.0,446.05,0.0,0.0,0.0,0.0,1.0,0,1.0000000000000003e-05,True,REGULAR,USD,call,2026-12-18,SPY
SPY261218C00315000,2026-06-15 14:51:01+00:00,315.0,442.53,442.32,445.83,0.0,0.0,9.0,147,1.0000000000000003e-05,True,REGULAR,USD,call,2026-12-18,SPY
SPY261218C00320000,2026-07-20 13:55:22+00:00,320.0,430.79,457.11,460.43,0.0,0.0,1.0,29,0.7855246057128906,True,REGULAR,USD,call,2026-12-18,SPY
SPY261218C00325000,2026-06-10 18:06:01+00:00,325.0,411.16,432.54,436.05,0.0,0.0,1.0,58,1.0000000000000003e-05,True,REGULAR,USD,call,2026-12-18,SPY
SPY261218C00330000,2026-05-21 18:58:26+00:00,330.0,415.5,0.0,0.0,0.0,0.0,1.0,0,1.0000000000000003e-05,True,REGULAR,USD,call,2026-12-18,SPY
SPY261218C00335000,2026-06-08 14:47:47+00:00,335.0,414.01,422.77,426.28,0.0,0.0,1.0,11,1.0000000000000003e-05,True,REGULAR,USD,call,2026-12-18,SPY
SPY261218C00340000,2026-03-27 16:37:41+00:00,340.0,308.13,0.0,0.0,0.0,0.0,11.0,0,1.0000000000000003e-05,True,REGULAR,USD,call,2026-12-18,SPY
SPY261218C00345000,2026-05-29 14:19:42+00:00,345.0,416.84,0.0,0.0,0.0,0.0,2.0,0,1.0000000000000003e-05,True,REGULAR,USD,call,2026-12-18,SPY
SPY261218C00350000,2026-08-03 14:32:12+00:00,350.0,408.04,427.61,430.94,0.0,0.0,5.0,74,0.7368800726318359,True,REGULAR,USD,call,2026-12-18,SPY
SPY261218C00355000,2026-07-21 13:53:37+00:00,355.0,394.98,422.69,426.02,0.0,0.0,1.0,13,0.7285793743896485,True,REGULAR,USD,call,2026-12-18,SPY
SPY261218C00360000,2026-07-13 14:16:47+00:00,360.0,396.38,417.78,421.11,0.0,0.0,10.0,21,0.72070591796875,True,REGULAR,USD,call,2026-12-18,SPY
SPY261218C00365000,2026-08-14 20:09:33+00:00,365.0,414.5,412.87,416.2,35.100006,9.2514515,1.0,75,0.7128324615478516,True,REGULAR,USD,call,2026-12-18,SPY
SPY261218C00370000,2026-07-21 13:43:25+00:00,370.0,380.4,407.96,411.29,0.0,0.0,1.0,111,0.7049590051269532,True,REGULAR,USD,call,2026-12-18,SPY
SPY261218C00375000,2026-08-05 13:46:45+00:00,375.0,405.25,403.04,406.37,0.0,0.0,1.0,15,0.6966583068847658,True,REGULAR,USD,call,2026-12-18,SPY
SPY261218C00380000,2026-07-16 13:54:38+00:00,380.0,378.1,398.13,401.46,0.0,0.0,2.0,35,0.6888458850097658,True,REGULAR,USD,call,2026-12-18,SPY
SPY261218C00385000,2026-08-14 20:09:33+00:00,385.0,394.9,372.67,396.55,31.019989,8.524786,1.0,23,0.7351711053466796,True,REGULAR,USD,call,2026-12-18,SPY
SPY261218C00390000,2026-07-16 13:50:23+00:00,390.0,367.63,388.31,391.64,0.0,0.0,1.0,145,0.673098972167969,True,REGULAR,USD,call,2026-12-18,SPY
SPY261218C00395000,2026-08-05 13:45:49+00:00,395.0,385.77,383.4,386.73,0.0,0.0,1.0,93,0.6652255157470706,True,REGULAR,USD,call,2026-12-18,SPY
SPY261218C00400000,2026-08-14 18:46:29+00:00,400.0,380.35,378.5,381.83,-0.36999512,-0.097183,36.0,13718,0.6577182666015625,True,REGULAR,USD,call,2026-12-18,SPY
SPY261218C00405000,2026-05-26 17:19:55+00:00,405.0,351.33,0.0,0.0,0.0,0.0,1.0,0,1.0000000000000003e-05,True,REGULAR,USD,call,2026-12-18,SPY
SPY261218C00410000,2026-08-04 19:52:37+00:00,410.0,367.83,368.68,372.01,0.0,0.0,1.0,160,0.6420323883056642,True,REGULAR,USD,call,2026-12-18,SPY
SPY261218C00415000,2026-07-13 15:49:03+00:00,415.0,343.42,363.78,367.11,0.0,0.0,41.0,328,0.6345251391601563,True,REGULAR,USD,call,2026-12-18,SPY
SPY261218C00420000,2026-08-14 18:48:18+00:00,420.0,360.81,358.87,362.2,0.83999634,0.23335177,1.0,171,0.6267127172851563,True,REGULAR,USD,call,2026-12-18,SPY
SPY261218C00425000,2026-08-07 18:18:25+00:00,425.0,351.94,353.97,357.3,0.0,0.0,1.0,281,0.6192054681396486,True,REGULAR,USD,call,2026-12-18,SPY
SPY261218C00430000,2026-08-13 13:50:05+00:00,430.0,351.6,349.07,352.4,0.0,0.0,1.0,167,0.6116982189941409,True,REGULAR,USD,call,2026-12-18,SPY
SPY261218C00435000,2026-05-04 15:41:04+00:00,435.0,292.88,310.6,314.05,0.0,0.0,3.0,103,1.0000000000000003e-05,True,REGULAR,USD,call,2026-12-18,SPY
SPY261218C00440000,2026-07-20 14:52:07+00:00,440.0,312.36,339.27,342.6,0.0,0.0,1.0,327,0.596683720703125,True,REGULAR,USD,call,2026-12-18,SPY
SPY261218C00445000,2026-08-13 14:21:37+00:00,445.0,339.0,334.37,337.7,0.0,0.0,1.0,96,0.5891764715576173,True,REGULAR,USD,call,2026-12-18,SPY
SPY261218C00450000,2026-08-13 16:15:49+00:00,450.0,331.24,329.47,332.8,0.0,0.0,5.0,205,0.5816692224121094,True,REGULAR,USD,call,2026-12-18,SPY
SPY261218C00455000,2026-08-11 18:01:39+00:00,455.0,321.69,324.57,327.91,0.0,0.0,1.0,62,0.5742840423583984,True,REGULAR,USD,call,2026-12-18,SPY
SPY261218C00460000,2026-07-16 14:02:08+00:00,460.0,300.25,319.68,323.01,0.0,0.0,2.0,170,0.5669293795776368,True,REGULAR,USD,call,2026-12-18,SPY
SPY261218C00465000,2026-08-11 18:01:44+00:00,465.0,311.75,314.78,318.12,0.0,0.0,2.0,87,0.559574716796875,True,REGULAR,USD,call,2026-12-18,SPY
SPY261218C00470000,2026-08-11 16:04:01+00:00,470.0,309.19,309.89,313.22,0.0,0.0,1.0,242,0.5521895367431642,True,REGULAR,USD,call,2026-12-18,SPY
SPY261218C00475000,2026-08-14 19:33:18+00:00,475.0,305.24,305.0,308.34,3.3099976,1.0962799,1.0,1118,0.545048494873047,True,REGULAR,USD,call,2026-12-18,SPY
SPY261218C00480000,2026-08-07 17:31:50+00:00,480.0,298.47,300.11,303.45,0.0,0.0,42.0,204,0.5377548666381836,True,REGULAR,USD,call,2026-12-18,SPY
SPY261218C00485000,2026-08-07 18:42:05+00:00,485.0,293.16,295.23,298.56,0.0,0.0,3.0,872,0.5305833074951172,True,REGULAR,USD,call,2026-12-18,SPY
SPY261218C00490000,2026-08-11 19:24:35+00:00,490.0,287.05,290.34,293.68,0.0,0.0,5.0,834,0.523442265625,True,REGULAR,USD,call,2026-12-18,SPY
SPY261218C00495000,2026-08-13 15:11:32+00:00,495.0,288.65,285.46,288.8,0.0,0.0,3.0,1977,0.5163622583007812,True,REGULAR,USD,call,2026-12-18,SPY
SPY261218C00500000,2026-08-12 14:43:57+00:00,500.0,279.43,280.58,283.92,0.0,0.0,1.0,3664,0.5092517337036133,True,REGULAR,USD,call,2026-12-18,SPY
SPY261218C00505000,2026-08-10 15:55:26+00:00,505.0,276.1,275.7,279.04,0.0,0.0,2.0,1484,0.5021412091064454,True,REGULAR,USD,call,2026-12-18,SPY
SPY261218C00510000,2026-08-12 15:33:06+00:00,510.0,268.87,270.82,274.16,0.0,0.0,1.0,1960,0.5253038192749023,True,REGULAR,USD,call,2026-12-18,SPY
SPY261218C00515000,2026-08-13 17:47:19+00:00,515.0,268.67,265.95,269.29,0.0,0.0,1.0,2082,0.5176745010375977,True,REGULAR,USD,call,2026-12-18,SPY
SPY261218C00520000,2026-08-05 15:46:47+00:00,520.0,259.93,261.08,264.42,0.0,0.0,1.0,3080,0.5100757000732423,True,REGULAR,USD,call,2026-12-18,SPY
SPY261218C00525000,2026-08-13 15:02:42+00:00,525.0,259.5,256.21,259.55,0.0,0.0,1.0,818,0.5024463818359376,True,REGULAR,USD,call,2026-12-18,SPY
SPY261218C00530000,2026-08-10 19:33:19+00:00,530.0,250.52,251.34,254.68,0.0,0.0,7.0,2128,0.4948475808715821,True,REGULAR,USD,call,2026-12-18,SPY
SPY261218C00535000,2026-08-11 18:02:59+00:00,535.0,243.82,246.48,249.82,0.0,0.0,4.0,2365,0.4873708489990235,True,REGULAR,USD,call,2026-12-18,SPY
SPY261218C00540000,2026-08-14 17:58:00+00:00,540.0,243.0,241.62,244.97,-2.0,-0.81632656,1.0,3484,0.48007722076416015,True,REGULAR,USD,call,2026-12-18,SPY
SPY261218C00545000,2026-08-12 16:18:54+00:00,545.0,240.36,236.77,240.11,4.669998,1.9814155,3.0,1714,0.47260048889160156,True,REGULAR,USD,call,2026-12-18,SPY
SPY261218C00550000,2026-08-13 14:09:46+00:00,550.0,236.0,231.91,235.26,0.0,0.0,1.0,4043,0.4652763433837891,True,REGULAR,USD,call,2026-12-18,SPY
SPY261218C00555000,2026-08-14 19:33:18+00:00,555.0,227.26,227.07,230.41,-1.3200073,-0.57748157,3.0,1688,0.4579216806030274,True,REGULAR,USD,call,2026-12-18,SPY
SPY261218C00560000,2026-08-13 19:42:48+00:00,560.0,226.0,222.22,225.56,0.0,0.0,4.0,1928,0.450551759185791,True,REGULAR,USD,call,2026-12-18,SPY
SPY261218C00565000,2026-08-13 18:25:26+00:00,565.0,218.52,217.38,220.72,0.0,0.0,5.0,1624,0.4433039068603516,True,REGULAR,USD,call,2026-12-18,SPY
SPY261218C00570000,2026-08-13 14:07:54+00:00,570.0,216.43,212.54,215.89,0.0,0.0,3.0,5225,0.4361933822631836,True,REGULAR,USD,call,2026-12-18,SPY
SPY261218C00575000,2026-08-13 19:53:15+00:00,575.0,211.18,207.72,211.06,0.0,0.0,6.0,853,0.42902182312011716,True,REGULAR,USD,call,2026-12-18,SPY
SPY261218C00580000,2026-08-10 14:14:56+00:00,580.0,203.65,202.89,206.24,0.0,0.0,1.0,2006,0.4219723330688476,True,REGULAR,USD,call,2026-12-18,SPY
SPY261218C00585000,2026-08-14 19:33:18+00:00,585.0,198.25,198.08,201.42,-2.1699982,-1.0827254,1.0,1010,0.41489232574462886,True,REGULAR,USD,call,2026-12-18,SPY
SPY261218C00590000,2026-08-14 17:05:17+00:00,590.0,194.97,193.26,196.61,-1.9299927,-0.9801893,1.0,976,0.40787335296630856,True,REGULAR,USD,call,2026-12-18,SPY
SPY261218C00595000,2026-08-13 19:37:06+00:00,595.0,192.16,188.46,191.81,0.0,0.0,7.0,1527,0.40097644927978515,True,REGULAR,USD,call,2026-12-18,SPY
SPY261218C00600000,2026-08-14 18:53:05+00:00,600.0,185.75,183.66,187.01,-1.5700073,-0.8381418,1.0,4520,0.3940032524108887,True,REGULAR,USD,call,2026-12-18,SPY
SPY261218C00605000,2026-08-14 13:48:25+00:00,605.0,182.61,178.87,182.22,0.009994507,0.005473443,1.0,3068,0.3871216073608398,True,REGULAR,USD,call,2026-12-18,SPY
SPY261218C00610000,2026-08-13 18:11:34+00:00,610.0,177.09,174.09,177.44,0.0,0.0,2.0,1356,0.38028573822021483,True,REGULAR,USD,call,2026-12-18,SPY
SPY261218C00615000,2026-08-07 17:48:07+00:00,615.0,168.4,169.32,172.67,0.0,0.0,2.0,1456,0.3735109036254882,True,REGULAR,USD,call,2026-12-18,SPY
SPY261218C00620000,2026-08-13 19:39:37+00:00,620.0,168.52,164.56,167.91,0.0,0.0,7.0,2731,0.36678184494018556,True,REGULAR,USD,call,2026-12-18,SPY
SPY261218C00625000,2026-08-07 17:48:06+00:00,625.0,159.12,159.8,163.16,0.0,0.0,3.0,1563,0.360083303527832,True,REGULAR,USD,call,2026-12-18,SPY
SPY261218C00630000,2026-08-12 16:40:00+00:00,630.0,154.0,155.06,158.42,0.0,0.0,1.0,911,0.3534305380249023,True,REGULAR,USD,call,2026-12-18,SPY
SPY261218C00635000,2026-08-13 14:21:37+00:00,635.0,155.0,150.33,153.69,0.0,0.0,3.0,1780,0.34679303115844723,True,REGULAR,USD,call,2026-12-18,SPY
SPY261218C00640000,2026-08-14 19:09:31+00:00,640.0,147.55,145.61,148.98,-1.1399994,-0.7666954,2.0,2220,0.34027759338378905,True,REGULAR,USD,call,2026-12-18,SPY
SPY261218C00645000,2026-08-14 15:10:25+00:00,645.0,143.63,140.91,144.28,0.15000916,0.10455057,4.0,1037,0.33376215560913086,True,REGULAR,USD,call,2026-12-18,SPY
SPY261218C00650000,2026-08-14 18:57:25+00:00,650.0,138.28,136.23,139.6,-3.5099945,-2.4754882,22.0,3456,0.32733826965332036,True,REGULAR,USD,call,2026-12-18,SPY
SPY261218C00655000,2026-08-14 16:59:35+00:00,655.0,133.05,131.56,134.92,-0.3899994,-0.2922657,4.0,1085,0.32080757324218745,True,REGULAR,USD,call,2026-12-18,SPY
SPY261218C00660000,2026-08-14 16:54:21+00:00,660.0,128.9,126.9,130.27,0.11999512,0.093178384,4.0,1418,0.31444472183227534,True,REGULAR,USD,call,2026-12-18,SPY
SPY261218C00665000,2026-08-14 16:37:02+00:00,665.0,124.74,122.26,125.63,-0.6100006,-0.48663792,2.0,1678,0.308051353149414,True,REGULAR,USD,call,2026-12-18,SPY
SPY261218C00670000,2026-08-13 17:19:39+00:00,670.0,120.69,117.64,121.02,0.0,0.0,3.0,2343,0.30178005355834964,True,REGULAR,USD,call,2026-12-18,SPY
SPY261218C00675000,2026-08-14 18:47:27+00:00,675.0,114.96,113.05,116.43,2.5699997,2.28668,1.0,4332,0.2955392712402344,True,REGULAR,USD,call,2026-12-18,SPY
SPY261218C00680000,2026-08-14 16:09:57+00:00,680.0,110.55,108.48,111.86,-1.8600006,-1.6546576,2.0,4761,0.2893137475585937,True,REGULAR,USD,call,2026-12-18,SPY
SPY261218C00685000,2026-08-13 19:30:08+00:00,685.0,108.54,103.93,107.31,0.0,0.0,14.0,2859,0.2830882238769531,True,REGULAR,USD,call,2026-12-18,SPY
SPY261218C00690000,2026-08-14 19:33:18+00:00,690.0,101.49,99.4,101.25,-2.6900024,-2.5820718,9.0,3498,0.2651593260192871,True,REGULAR,USD,call,2026-12-18,SPY
SPY261218C00695000,2026-08-14 15:46:23+00:00,695.0,95.79,94.9,98.29,1.0,1.0549636,1.0,2173,0.27075924560546877,True,REGULAR,USD,call,2026-12-18,SPY
SPY261218C00700000,2026-08-14 18:04:30+00:00,700.0,92.73,90.44,93.8,-1.5699997,-1.6648989,26.0,9800,0.2644726873779296,True,REGULAR,USD,call,2026-12-18,SPY
SPY261218C00705000,2026-08-14 19:20:19+00:00,705.0,87.77,86.02,89.38,-3.6200027,-3.961049,5.0,3545,0.2584913018798829,True,REGULAR,USD,call,2026-12-18,SPY
SPY261218C00710000,2026-08-14 18:54:10+00:00,710.0,83.75,82.2,84.99,-3.1800003,-3.658116,9.0,7668,0.25250991638183595,True,REGULAR,USD,call,2026-12-18,SPY
SPY261218C00715000,2026-08-14 14:02:13+00:00,715.0,81.32,77.27,80.65,-0.26000214,-0.31870818,1.0,2554,0.24662008270263674,True,REGULAR,USD,call,2026-12-18,SPY
SPY261218C00720000,2026-08-14 18:07:19+00:00,720.0,76.22,72.98,76.35,-0.73999786,-0.9615357,13.0,4381,0.2407607662963867,True,REGULAR,USD,call,2026-12-18,SPY
SPY261218C00725000,2026-08-14 19:31:03+00:00,725.0,69.98,68.74,72.12,-2.5799942,-3.5556703,23.0,4770,0.23506929489135742,True,REGULAR,USD,call,2026-12-18,SPY
SPY261218C00730000,2026-08-14 19:28:37+00:00,730.0,66.55,64.55,67.93,-1.5,-2.2042615,14.0,8511,0.2293473062133789,True,REGULAR,USD,call,2026-12-18,SPY
SPY261218C00735000,2026-08-14 18:47:27+00:00,735.0,62.42,60.43,63.81,-1.8300018,-2.8482518,1.0,4200,0.22375501594543454,True,REGULAR,USD,call,2026-12-18,SPY
SPY261218C00740000,2026-08-14 19:37:44+00:00,740.0,58.3,56.38,59.78,-2.0699997,-3.428855,18.0,6427,0.21836108795166015,True,REGULAR,USD,call,2026-12-18,SPY
SPY261218C00745000,2026-08-14 14:20:20+00:00,745.0,56.02,52.42,55.85,0.61999893,1.1191316,2.0,6007,0.2132036688232422,True,REGULAR,USD,call,2026-12-18,SPY
SPY261218C00750000,2026-08-14 19:36:10+00:00,750.0,50.42,50.0,51.5,-1.5800018,-3.038465,35.0,27712,0.20519288467407226,True,REGULAR,USD,call,2026-12-18,SPY
SPY261218C00755000,2026-08-14 19:35:59+00:00,755.0,46.59,45.02,47.5,-1.8100014,-3.7396722,9.0,4844,0.19886055053710935,True,REGULAR,USD,call,2026-12-18,SPY
SPY261218C00760000,2026-08-14 19:59:11+00:00,760.0,42.87,41.31,43.5,-1.7100029,-3.835807,53.0,9204,0.19210097457885744,True,REGULAR,USD,call,2026-12-18,SPY
SPY261218C00765000,2026-08-14 19:59:30+00:00,765.0,39.42,37.82,41.02,-1.5400009,-3.759768,4.0,5981,0.1933445534515381,True,REGULAR,USD,call,2026-12-18,SPY
SPY261218C00770000,2026-08-14 20:14:32+00:00,770.0,35.9,34.23,37.61,-2.1800003,-5.7247906,38.0,9313,0.18880510910034182,True,REGULAR,USD,call,2026-12-18,SPY
SPY261218C00775000,2026-08-14 19:34:35+00:00,775.0,32.89,31.94,33.26,-1.9099998,-5.4885054,33.0,8486,0.1785284174346924,True,REGULAR,USD,call,2026-12-18,SPY
SPY261218C00780000,2026-08-14 20:00:15+00:00,780.0,29.62,29.47,29.52,-1.8299999,-5.81876,297.0,24461,0.1710135389709473,False,REGULAR,USD,call,2026-12-18,SPY
SPY261218C00785000,2026-08-14 19:53:19+00:00,785.0,26.66,26.53,26.58,-1.9400005,-6.783219,127.0,13884,0.16719887985229492,False,REGULAR,USD,call,2026-12-18,SPY
SPY261218C00790000,2026-08-14 19:46:36+00:00,790.0,23.87,23.76,23.81,-1.3999996,-5.540165,106.0,12673,0.16359784164428715,False,REGULAR,USD,call,2026-12-18,SPY
SPY261218C00795000,2026-08-14 19:37:32+00:00,795.0,21.3,21.17,21.22,-1.3800011,-6.0846605,39.0,9072,0.16021042434692384,False,REGULAR,USD,call,2026-12-18,SPY
SPY261218C00800000,2026-08-14 20:06:20+00:00,800.0,18.8,18.77,18.81,-1.4500008,-7.1604977,838.0,20000,0.15703662796020512,False,REGULAR,USD,call,2026-12-18,SPY
SPY261218C00805000,2026-08-14 19:17:05+00:00,805.0,16.67,16.54,16.59,-0.94000053,-5.337879,96.0,11256,0.1541069697570801,False,REGULAR,USD,call,2026-12-18,SPY
SPY261218C00810000,2026-08-14 18:55:34+00:00,810.0,14.77,14.51,14.56,-1.0899992,-6.872631,65.0,10769,0.15142144973754884,False,REGULAR,USD,call,2026-12-18,SPY
SPY261218C00815000,2026-08-14 20:00:06+00:00,815.0,12.82,12.66,12.7,-1.4300003,-10.0350895,82.0,12000,0.14885799880981443,False,REGULAR,USD,call,2026-12-18,SPY
SPY261218C00820000,2026-08-14 20:05:07+00:00,820.0,11.05,10.98,11.02,-1.0,-8.298755,295.0,13260,0.14652342742919922,False,REGULAR,USD,call,2026-12-18,SPY
SPY261218C00825000,2026-08-14 19:37:09+00:00,825.0,9.57,9.48,9.52,-0.8800001,-8.421054,77.0,13592,0.14441773559570312,False,REGULAR,USD,call,2026-12-18,SPY
SPY261218C00830000,2026-08-14 19:05:19+00:00,830.0,8.28,8.14,8.18,-0.89000034,-9.7055645,206.0,11070,0.1424798887634277,False,REGULAR,USD,call,2026-12-18,SPY
SPY261218C00835000,2026-08-13 18:47:20+00:00,835.0,7.91,6.95,6.99,0.0,0.0,51.0,9434,0.14067936965942385,False,REGULAR,USD,call,2026-12-18,SPY
SPY261218C00840000,2026-08-14 19:47:02+00:00,840.0,5.92,5.91,5.95,-0.7999997,-11.9047575,158.0,8076,0.13910773010253907,False,REGULAR,USD,call,2026-12-18,SPY
SPY261218C00845000,2026-08-14 16:51:47+00:00,845.0,5.11,5.0,5.04,-0.73,-12.5,10.0,4400,0.1376581596374512,False,REGULAR,USD,call,2026-12-18,SPY
SPY261218C00850000,2026-08-14 19:36:39+00:00,850.0,4.3,4.22,4.25,-0.5899997,-12.0654335,50.0,11327,0.1363459169006348,False,REGULAR,USD,call,2026-12-18,SPY
SPY261218C00855000,2026-08-14 13:54:23+00:00,855.0,4.19,3.54,3.57,0.07999992,1.9464701,7.0,3785,0.13518626052856447,False,REGULAR,USD,call,2026-12-18,SPY
SPY261218C00860000,2026-08-14 15:26:21+00:00,860.0,3.15,2.97,2.99,-0.43999982,-12.256263,44.0,5230,0.13419444915771483,False,REGULAR,USD,call,2026-12-18,SPY
SPY261218C00865000,2026-08-14 19:42:53+00:00,865.0,2.52,2.48,2.5,-0.48000002,-16.0,21.0,1163,0.13337048278808594,False,REGULAR,USD,call,2026-12-18,SPY
SPY261218C00870000,2026-08-14 19:48:34+00:00,870.0,2.08,2.06,2.09,-0.35000014,-14.403298,73.0,2223,0.13272962005615235,False,REGULAR,USD,call,2026-12-18,SPY
SPY261218C00875000,2026-08-14 18:03:18+00:00,875.0,1.75,1.72,1.74,-0.13999999,-7.4074063,81.0,3835,0.13214979187011722,False,REGULAR,USD,call,2026-12-18,SPY
SPY261218C00880000,2026-08-14 19:42:53+00:00,880.0,1.45,1.43,1.45,-0.55999994,-27.860693,3.0,3330,0.13175306732177733,False,REGULAR,USD,call,2026-12-18,SPY
SPY261218C00885000,2026-08-14 19:42:53+00:00,885.0,1.21,1.19,1.21,-0.17999995,-12.949636,42.0,2937,0.1315394464111328,False,REGULAR,USD,call,2026-12-18,SPY
SPY261218C00890000,2026-08-13 13:58:21+00:00,890.0,1.25,0.99,1.01,0.0,0.0,4.0,2094,0.13141737731933595,False,REGULAR,USD,call,2026-12-18,SPY
SPY261218C00895000,2026-08-13 19:33:18+00:00,895.0,1.01,0.83,0.85,-0.049999952,-4.716977,2.0,760,0.1315394464111328,False,REGULAR,USD,call,2026-12-18,SPY
SPY261218C00900000,2026-08-14 19:14:07+00:00,900.0,0.73,0.7,0.71,-0.120000005,-14.117646,1046.0,7917,0.13160048095703125,False,REGULAR,USD,call,2026-12-18,SPY
SPY261218C00905000,2026-08-13 14:17:19+00:00,905.0,0.81,0.59,0.6,0.0,0.0,520.0,2599,0.13196668823242189,False,REGULAR,USD,call,2026-12-18,SPY
SPY261218C00910000,2026-08-13 19:42:56+00:00,910.0,0.62,0.5,0.51,0.0,0.0,91.0,4031,0.1324549645996094,False,REGULAR,USD,call,2026-12-18,SPY
SPY261218C00915000,2026-08-14 16:25:22+00:00,915.0,0.46,0.43,0.44,-0.14000002,-23.333336,1.0,2411,0.13324841369628904,False,REGULAR,USD,call,2026-12-18,SPY
SPY261218C00920000,2026-08-14 19:28:38+00:00,920.0,0.37,0.37,0.38,-0.09,-19.565218,5.0,683,0.13404186279296876,False,REGULAR,USD,call,2026-12-18,SPY
SPY261218C00925000,2026-08-14 17:34:32+00:00,925.0,0.32,0.32,0.33,0.03999999,14.285711,17.0,1168,0.13501841552734378,False,REGULAR,USD,call,2026-12-18,SPY
SPY261218C00930000,2026-08-14 13:32:42+00:00,930.0,0.34,0.28,0.29,0.050000012,17.241383,6.0,1723,0.13611703735351563,False,REGULAR,USD,call,2026-12-18,SPY
SPY261218C00935000,2026-08-12 18:23:45+00:00,935.0,0.25,0.24,0.26,0.0,0.0,6.0,2006,0.13758186645507814,False,REGULAR,USD,call,2026-12-18,SPY
SPY261218C00940000,2026-08-14 16:19:55+00:00,940.0,0.22,0.21,0.23,-0.06999999,-24.137928,9.0,426,0.1388025573730469,False,REGULAR,USD,call,2026-12-18,SPY
SPY261218C00945000,2026-08-14 16:25:22+00:00,945.0,0.2,0.19,0.2,-0.00999999,-4.7619004,1.0,52,0.139657041015625,False,REGULAR,USD,call,2026-12-18,SPY
SPY261218C00950000,2026-08-14 20:05:26+00:00,950.0,0.17,0.17,0.18,-0.030000001,-15.0,635.0,11386,0.14112187011718752,False,REGULAR,USD,call,2026-12-18,SPY
SPY261218C00955000,2026-08-10 15:48:08+00:00,955.0,0.2,0.15,0.16,0.0,0.0,10.0,89,0.14234256103515625,False,REGULAR,USD,call,2026-12-18,SPY
SPY261218C00960000,2026-08-14 17:59:54+00:00,960.0,0.15,0.14,0.15,-0.00999999,-6.2499943,37.0,940,0.14429566650390624,False,REGULAR,USD,call,2026-12-18,SPY
SPY261218C00965000,2026-08-07 15:25:57+00:00,965.0,0.18,0.12,0.14,0.0,0.0,20.0,569,0.14624877197265623,False,REGULAR,USD,call,2026-12-18,SPY
SPY261218C00970000,2026-08-10 14:09:39+00:00,970.0,0.16,0.11,0.12,0.0,0.0,8.0,1017,0.14673704833984375,False,REGULAR,USD,call,2026-12-18,SPY
SPY261218C00975000,2026-08-14 16:32:03+00:00,975.0,0.1,0.1,0.12,-0.029999994,-23.076918,2.0,1065,0.14966670654296876,False,REGULAR,USD,call,2026-12-18,SPY
SPY261218C00980000,2026-08-14 15:22:37+00:00,980.0,0.1,0.09,0.11,-0.029999994,-23.076918,1.0,1298,0.15137567382812503,False,REGULAR,USD,call,2026-12-18,SPY
SPY261218C00985000,2026-08-11 15:29:26+00:00,985.0,0.11,0.09,0.1,0.0,0.0,1.0,419,0.15259636474609378,False,REGULAR,USD,call,2026-12-18,SPY
SPY261218C00990000,2026-07-14 14:34:15+00:00,990.0,0.12,0.08,0.09,0.0,0.0,7.0,866,0.1538170556640625,False,REGULAR,USD,call,2026-12-18,SPY
SPY261218C00995000,2026-08-10 13:47:07+00:00,995.0,0.11,0.07,0.09,0.0,0.0,2.0,1936,0.15674671386718753,False,REGULAR,USD,call,2026-12-18,SPY
SPY261218C01000000,2026-08-14 15:26:40+00:00,1000.0,0.07,0.07,0.08,-0.020000003,-22.222223,26.0,2596,0.15747912841796874,False,REGULAR,USD,call,2026-12-18,SPY
SPY261218P00150000,2026-08-14 19:24:50+00:00,150.0,0.03,0.03,0.04,0.0,0.0,1.0,31338,0.8789074609374999,False,REGULAR,USD,put,2026-12-18,SPY
SPY261218P00200000,2026-08-14 15:14:16+00:00,200.0,0.07,0.06,0.07,-0.009999998,-12.499997,11.0,32421,0.7656273437500001,False,REGULAR,USD,put,2026-12-18,SPY
SPY261218P00210000,2026-08-14 15:07:43+00:00,210.0,0.09,0.07,0.08,0.010000005,12.500007,225.0,2098,0.7480493945312501,False,REGULAR,USD,put,2026-12-18,SPY
SPY261218P00220000,2026-08-13 18:41:43+00:00,220.0,0.09,0.08,0.09,0.0,0.0,1.0,2482,0.729494892578125,False,REGULAR,USD,put,2026-12-18,SPY
SPY261218P00230000,2026-08-14 19:44:39+00:00,230.0,0.09,0.09,0.11,-0.009999998,-9.999997,7.0,8326,0.7148466015625,False,REGULAR,USD,put,2026-12-18,SPY
SPY261218P00240000,2026-08-14 13:39:58+00:00,240.0,0.12,0.11,0.12,0.009999998,9.090907,5.0,48904,0.700198310546875,False,REGULAR,USD,put,2026-12-18,SPY
SPY261218P00245000,2026-08-14 17:07:25+00:00,245.0,0.12,0.11,0.12,-0.009999998,-7.692306,75.0,349,0.6884796777343751,False,REGULAR,USD,put,2026-12-18,SPY
SPY261218P00250000,2026-08-13 14:05:22+00:00,250.0,0.13,0.12,0.13,0.0,0.0,15.0,5083,0.6816438085937502,False,REGULAR,USD,put,2026-12-18,SPY
SPY261218P00255000,2026-08-14 13:39:57+00:00,255.0,0.13,0.13,0.14,-0.02000001,-13.333339,5.0,1470,0.6757844921875001,False,REGULAR,USD,put,2026-12-18,SPY
SPY261218P00260000,2026-08-14 13:39:58+00:00,260.0,0.15,0.13,0.15,0.0,0.0,5.0,5232,0.6660189648437502,False,REGULAR,USD,put,2026-12-18,SPY
SPY261218P00265000,2026-08-14 13:39:58+00:00,265.0,0.15,0.14,0.15,0.0,0.0,5.0,235,0.657229990234375,False,REGULAR,USD,put,2026-12-18,SPY
SPY261218P00270000,2026-08-13 16:33:44+00:00,270.0,0.16,0.15,0.16,0.0,0.0,11.0,598,0.6508823974609376,False,REGULAR,USD,put,2026-12-18,SPY
SPY261218P00275000,2026-08-14 15:44:12+00:00,275.0,0.16,0.16,0.17,-0.010000005,-5.8823557,7.0,5497,0.6440465283203125,False,REGULAR,USD,put,2026-12-18,SPY
SPY261218P00280000,2026-08-14 13:39:58+00:00,280.0,0.18,0.17,0.18,0.0,0.0,5.0,5412,0.6372106591796876,False,REGULAR,USD,put,2026-12-18,SPY
SPY261218P00285000,2026-08-14 19:44:14+00:00,285.0,0.17,0.17,0.19,-0.010000005,-5.555558,3.0,1612,0.6284216845703126,False,REGULAR,USD,put,2026-12-18,SPY
SPY261218P00290000,2026-08-14 14:20:54+00:00,290.0,0.2,0.18,0.19,0.0,0.0,5.0,14929,0.6196327099609377,False,REGULAR,USD,put,2026-12-18,SPY
SPY261218P00295000,2026-08-13 18:18:35+00:00,295.0,0.2,0.19,0.2,0.0,0.0,2.0,2353,0.6127968408203126,False,REGULAR,USD,put,2026-12-18,SPY
SPY261218P00300000,2026-08-14 19:28:24+00:00,300.0,0.2,0.2,0.21,-0.019999996,-9.090907,1.0,8209,0.6059609716796877,False,REGULAR,USD,put,2026-12-18,SPY
SPY261218P00305000,2026-08-14 19:28:33+00:00,305.0,0.21,0.21,0.22,-0.02000001,-8.695656,10.0,393,0.5986368261718751,False,REGULAR,USD,put,2026-12-18,SPY
SPY261218P00310000,2026-08-14 18:21:16+00:00,310.0,0.23,0.22,0.23,-0.019999996,-7.999998,1.0,2045,0.5918009570312501,False,REGULAR,USD,put,2026-12-18,SPY
SPY261218P00315000,2026-08-12 20:08:37+00:00,315.0,0.25,0.23,0.24,0.0,0.0,7.0,843,0.584965087890625,False,REGULAR,USD,put,2026-12-18,SPY
SPY261218P00320000,2026-08-13 13:59:48+00:00,320.0,0.25,0.24,0.26,0.0,0.0,1.0,1464,0.579105771484375,False,REGULAR,USD,put,2026-12-18,SPY
SPY261218P00325000,2026-08-13 19:13:05+00:00,325.0,0.27,0.26,0.27,0.0,0.0,2.0,3176,0.5732464550781251,False,REGULAR,USD,put,2026-12-18,SPY
SPY261218P00330000,2026-08-14 20:02:49+00:00,330.0,0.27,0.27,0.28,-0.01999998,-6.8965454,1.0,976,0.5659223095703125,False,REGULAR,USD,put,2026-12-18,SPY
SPY261218P00335000,2026-08-12 16:02:17+00:00,335.0,0.31,0.28,0.29,0.0,0.0,57.0,237,0.5585981640625001,False,REGULAR,USD,put,2026-12-18,SPY
SPY261218P00340000,2026-08-14 17:20:53+00:00,340.0,0.31,0.29,0.3,0.0,0.0,103.0,2196,0.551762294921875,False,REGULAR,USD,put,2026-12-18,SPY
SPY261218P00345000,2026-08-13 15:13:52+00:00,345.0,0.32,0.31,0.32,0.0,0.0,20.0,1437,0.5463912548828126,False,REGULAR,USD,put,2026-12-18,SPY
SPY261218P00350000,2026-08-14 15:38:11+00:00,350.0,0.33,0.32,0.33,-0.00999999,-2.9411736,200.0,156963,0.5395553857421876,False,REGULAR,USD,put,2026-12-18,SPY
SPY261218P00355000,2026-08-13 14:44:26+00:00,355.0,0.34,0.34,0.35,0.0,0.0,1.0,1327,0.534184345703125,False,REGULAR,USD,put,2026-12-18,SPY
SPY261218P00360000,2026-08-14 19:33:18+00:00,360.0,0.36,0.35,0.36,-0.03999999,-9.999997,2.0,3507,0.5268602001953125,False,REGULAR,USD,put,2026-12-18,SPY
SPY261218P00365000,2026-08-07 17:49:00+00:00,365.0,0.46,0.37,0.38,0.0,0.0,73.0,1898,0.5214891601562499,False,REGULAR,USD,put,2026-12-18,SPY
SPY261218P00370000,2026-08-14 14:22:24+00:00,370.0,0.4,0.38,0.39,0.0,0.0,1.0,2857,0.5144091528320311,False,REGULAR,USD,put,2026-12-18,SPY
SPY261218P00375000,2026-08-14 19:52:11+00:00,375.0,0.4,0.4,0.41,-0.030000001,-6.976744,2.0,7716,0.508793974609375,False,REGULAR,USD,put,2026-12-18,SPY
SPY261218P00380000,2026-08-13 14:08:29+00:00,380.0,0.43,0.42,0.43,0.0,0.0,4.0,2440,0.5031787963867188,False,REGULAR,USD,put,2026-12-18,SPY
SPY261218P00385000,2026-08-13 20:04:09+00:00,385.0,0.45,0.44,0.45,0.0,0.0,347.0,3340,0.49805189453125004,False,REGULAR,USD,put,2026-12-18,SPY
SPY261218P00390000,2026-08-14 19:33:18+00:00,390.0,0.46,0.46,0.47,-0.03999999,-7.999998,96.0,4771,0.49219257812500006,False,REGULAR,USD,put,2026-12-18,SPY
SPY261218P00395000,2026-08-14 14:06:39+00:00,395.0,0.48,0.48,0.49,-0.01000002,-2.0408204,5.0,7737,0.48633326171875,False,REGULAR,USD,put,2026-12-18,SPY
SPY261218P00400000,2026-08-14 14:26:27+00:00,400.0,0.51,0.5,0.51,-0.00999999,-1.9230752,2.0,28836,0.4804739453125,False,REGULAR,USD,put,2026-12-18,SPY
SPY261218P00405000,2026-08-13 15:26:11+00:00,405.0,0.53,0.52,0.53,0.0,0.0,9.0,1205,0.47461462890625,False,REGULAR,USD,put,2026-12-18,SPY
SPY261218P00410000,2026-08-13 18:51:23+00:00,410.0,0.56,0.54,0.55,0.0,0.0,2.0,16317,0.46851117431640626,False,REGULAR,USD,put,2026-12-18,SPY
SPY261218P00415000,2026-08-12 17:46:08+00:00,415.0,0.59,0.56,0.58,0.0,0.0,2.0,5036,0.46362841064453125,False,REGULAR,USD,put,2026-12-18,SPY
SPY261218P00420000,2026-08-13 16:14:31+00:00,420.0,0.61,0.59,0.6,0.0,0.0,8.0,4394,0.45752495605468757,False,REGULAR,USD,put,2026-12-18,SPY
SPY261218P00425000,2026-08-14 15:31:21+00:00,425.0,0.64,0.61,0.63,0.00999999,1.5873001,16.0,8296,0.4523980541992188,False,REGULAR,USD,put,2026-12-18,SPY
SPY261218P00430000,2026-08-14 20:02:16+00:00,430.0,0.64,0.64,0.65,-0.00999999,-1.5384601,4.0,2509,0.446294599609375,False,REGULAR,USD,put,2026-12-18,SPY
SPY261218P00435000,2026-08-14 13:54:58+00:00,435.0,0.67,0.67,0.68,-0.01999998,-2.898548,2.0,1214,0.4410456286621094,False,REGULAR,USD,put,2026-12-18,SPY
SPY261218P00440000,2026-08-14 13:30:00+00:00,440.0,0.69,0.7,0.71,-0.01999998,-2.8168988,2.0,744,0.43579665771484377,False,REGULAR,USD,put,2026-12-18,SPY
SPY261218P00445000,2026-08-14 17:14:10+00:00,445.0,0.73,0.73,0.74,-0.01999998,-2.6666641,5.0,1788,0.43030354858398445,False,REGULAR,USD,put,2026-12-18,SPY
SPY261218P00450000,2026-08-14 15:43:16+00:00,450.0,0.78,0.76,0.77,-0.01000005,-1.2658291,503.0,17951,0.4249325085449219,False,REGULAR,USD,put,2026-12-18,SPY
SPY261218P00455000,2026-08-14 19:43:14+00:00,455.0,0.79,0.79,0.8,-0.03999996,-4.8192725,6.0,942,0.4194393994140625,False,REGULAR,USD,put,2026-12-18,SPY
SPY261218P00460000,2026-08-13 19:11:19+00:00,460.0,0.85,0.83,0.84,0.0,0.0,22.0,2818,0.4145566357421875,False,REGULAR,USD,put,2026-12-18,SPY
SPY261218P00465000,2026-08-13 19:37:06+00:00,465.0,0.88,0.86,0.88,0.0,0.0,12.0,1164,0.4096738720703125,False,REGULAR,USD,put,2026-12-18,SPY
SPY261218P00470000,2026-08-14 17:59:43+00:00,470.0,0.89,0.9,0.91,-0.030000031,-3.2608728,23.0,6420,0.4039366247558594,False,REGULAR,USD,put,2026-12-18,SPY
SPY261218P00475000,2026-08-14 14:18:28+00:00,475.0,0.95,0.94,0.95,-0.02000004,-2.0618598,15.0,4534,0.39893179199218753,False,REGULAR,USD,put,2026-12-18,SPY
SPY261218P00480000,2026-08-14 19:39:17+00:00,480.0,0.97,0.98,1.0,-0.03999996,-3.9603922,15.0,311132,0.3942931665039063,False,REGULAR,USD,put,2026-12-18,SPY
SPY261218P00485000,2026-08-13 19:37:06+00:00,485.0,1.05,1.03,1.04,0.0,0.0,245.0,3666,0.3891662646484375,False,REGULAR,USD,put,2026-12-18,SPY
SPY261218P00490000,2026-08-14 19:39:17+00:00,490.0,1.07,1.07,1.08,-0.01999998,-1.8348606,1001.0,4835,0.383795224609375,False,REGULAR,USD,put,2026-12-18,SPY
SPY261218P00495000,2026-08-13 16:14:31+00:00,495.0,1.17,1.12,1.13,0.0,0.0,4.0,1691,0.3790345300292969,False,REGULAR,USD,put,2026-12-18,SPY
SPY261218P00500000,2026-08-14 15:20:14+00:00,500.0,1.2,1.17,1.18,0.00999999,0.8403353,60.0,18326,0.37402969726562496,False,REGULAR,USD,put,2026-12-18,SPY
SPY261218P00505000,2026-08-13 19:03:03+00:00,505.0,1.25,1.22,1.23,0.0,0.0,170.0,1502,0.36902486450195315,False,REGULAR,USD,put,2026-12-18,SPY
SPY261218P00510000,2026-08-14 17:49:07+00:00,510.0,1.27,1.27,1.29,-0.00999999,-0.7812493,13.0,3788,0.3644472735595704,False,REGULAR,USD,put,2026-12-18,SPY
SPY261218P00515000,2026-08-14 17:43:01+00:00,515.0,1.33,1.33,1.34,-0.029999971,-2.2058802,283.0,4267,0.35925933715820313,False,REGULAR,USD,put,2026-12-18,SPY
SPY261218P00520000,2026-08-13 18:36:33+00:00,520.0,1.42,1.39,1.4,0.0,0.0,5.0,11708,0.3544986425781249,False,REGULAR,USD,put,2026-12-18,SPY
SPY261218P00525000,2026-08-14 18:09:28+00:00,525.0,1.45,1.45,1.47,-0.03999996,-2.6845613,51.0,4717,0.34998208618164056,False,REGULAR,USD,put,2026-12-18,SPY
SPY261218P00530000,2026-08-13 19:37:07+00:00,530.0,1.56,1.52,1.53,0.0,0.0,83.0,5748,0.34497725341796875,False,REGULAR,USD,put,2026-12-18,SPY
SPY261218P00535000,2026-08-14 19:33:18+00:00,535.0,1.58,1.59,1.6,-0.029999971,-1.8633523,17.0,3160,0.3403386279296875,False,REGULAR,USD,put,2026-12-18,SPY
SPY261218P00540000,2026-08-14 20:13:27+00:00,540.0,1.66,1.66,1.67,-0.04000008,-2.3529458,68.0,4732,0.33551689880371094,False,REGULAR,USD,put,2026-12-18,SPY
SPY261218P00545000,2026-08-14 19:36:49+00:00,545.0,1.72,1.73,1.75,-0.049999952,-2.824856,3.0,5004,0.3309393078613281,False,REGULAR,USD,put,2026-12-18,SPY
SPY261218P00550000,2026-08-14 19:54:11+00:00,550.0,1.81,1.81,1.83,-0.03000009,-1.6304396,42.0,14634,0.3263006823730469,False,REGULAR,USD,put,2026-12-18,SPY
SPY261218P00555000,2026-08-13 19:37:05+00:00,555.0,1.94,1.9,1.91,0.0,0.0,4.0,6058,0.3215399877929687,False,REGULAR,USD,put,2026-12-18,SPY
SPY261218P00560000,2026-08-14 19:12:33+00:00,560.0,1.99,1.98,2.0,-0.029999971,-1.4851471,8.0,7559,0.3169623968505859,False,REGULAR,USD,put,2026-12-18,SPY
SPY261218P00565000,2026-08-13 17:58:15+00:00,565.0,2.06,2.08,2.09,-0.07000017,-3.286393,15.0,2648,0.3122627368164062,False,REGULAR,USD,put,2026-12-18,SPY
SPY261218P00570000,2026-08-14 14:46:09+00:00,570.0,2.18,2.17,2.19,-0.03999996,-1.8018,4.0,4710,0.30774618041992186,False,REGULAR,USD,put,2026-12-18,SPY
SPY261218P00575000,2026-08-14 20:14:00+00:00,575.0,2.28,2.27,2.29,-0.049999952,-2.1459208,9.0,6245,0.3031075549316406,False,REGULAR,USD,put,2026-12-18,SPY
SPY261218P00580000,2026-08-14 19:53:59+00:00,580.0,2.38,2.38,2.4,-0.03999996,-1.6528909,26.0,10128,0.2985909985351562,False,REGULAR,USD,put,2026-12-18,SPY
SPY261218P00585000,2026-08-13 17:05:57+00:00,585.0,2.56,2.5,2.52,0.0,0.0,109.0,5661,0.2941965112304687,False,REGULAR,USD,put,2026-12-18,SPY
SPY261218P00590000,2026-08-14 19:24:20+00:00,590.0,2.63,2.62,2.64,-0.029999971,-1.1278185,5.0,10774,0.28967995483398434,False,REGULAR,USD,put,2026-12-18,SPY
SPY261218P00595000,2026-08-14 18:22:06+00:00,595.0,2.74,2.75,2.77,-0.059999943,-2.1428552,7.0,3506,0.2852244329833984,False,REGULAR,USD,put,2026-12-18,SPY
SPY261218P00600000,2026-08-14 20:00:31+00:00,600.0,2.88,2.88,2.9,-0.03999996,-1.3698617,37.0,23973,0.28064684204101553,False,REGULAR,USD,put,2026-12-18,SPY
SPY261218P00605000,2026-08-14 14:46:58+00:00,605.0,3.04,3.03,3.05,-0.03999996,-1.2987001,11.0,8204,0.27637442382812494,False,REGULAR,USD,put,2026-12-18,SPY
SPY261218P00610000,2026-08-14 16:53:22+00:00,610.0,3.22,3.18,3.2,-0.00999999,-0.30959722,29.0,158358,0.27188838470458976,False,REGULAR,USD,put,2026-12-18,SPY
SPY261218P00615000,2026-08-14 17:53:11+00:00,615.0,3.37,3.35,3.37,-0.08000016,-2.3188453,7.0,6352,0.2676464837646484,False,REGULAR,USD,put,2026-12-18,SPY
SPY261218P00620000,2026-08-14 19:47:51+00:00,620.0,3.51,3.52,3.54,-0.06999993,-1.9553055,14.0,17384,0.263251996459961,False,REGULAR,USD,put,2026-12-18,SPY
SPY261218P00625000,2026-08-14 17:45:05+00:00,625.0,3.75,3.71,3.73,-0.01999998,-0.53050345,152.0,23691,0.25901009552001963,False,REGULAR,USD,put,2026-12-18,SPY
SPY261218P00630000,2026-08-14 19:57:23+00:00,630.0,3.9,3.9,3.93,-0.059999943,-1.5151501,12.0,41890,0.25476819458007816,False,REGULAR,USD,put,2026-12-18,SPY
SPY261218P00635000,2026-08-13 16:08:45+00:00,635.0,4.23,4.11,4.14,0.0,0.0,7.0,5421,0.2504652590942382,False,REGULAR,USD,put,2026-12-18,SPY
SPY261218P00640000,2026-08-13 19:16:53+00:00,640.0,4.43,4.34,4.36,0.0,0.0,17.0,10952,0.24616232360839846,False,REGULAR,USD,put,2026-12-18,SPY
SPY261218P00645000,2026-08-14 20:07:38+00:00,645.0,4.58,4.57,4.6,-0.05000019,-1.0799177,44.0,8261,0.24195093994140626,False,REGULAR,USD,put,2026-12-18,SPY
SPY261218P00650000,2026-08-14 17:40:31+00:00,650.0,4.87,4.83,4.85,0.01999998,0.41237074,453.0,11985,0.2376480044555664,False,REGULAR,USD,put,2026-12-18,SPY
SPY261218P00655000,2026-08-14 18:07:27+00:00,655.0,5.1,5.09,5.12,-0.07000017,-1.3539685,237.0,5032,0.233406103515625,False,REGULAR,USD,put,2026-12-18,SPY
SPY261218P00660000,2026-08-14 19:46:34+00:00,660.0,5.36,5.38,5.4,-0.009999752,-0.18621513,658.0,131183,0.2291031680297852,False,REGULAR,USD,put,2026-12-18,SPY
SPY261218P00665000,2026-08-14 19:43:11+00:00,665.0,5.66,5.68,5.71,-0.09000015,-1.56522,15.0,7749,0.22490704299926756,False,REGULAR,USD,put,2026-12-18,SPY
SPY261218P00670000,2026-08-14 19:56:58+00:00,670.0,6.01,6.01,6.03,-0.069999695,-1.1513108,20.0,27802,0.22060410751342768,False,REGULAR,USD,put,2026-12-18,SPY
SPY261218P00675000,2026-08-14 20:13:00+00:00,675.0,6.37,6.35,6.38,-0.05000019,-0.77881914,204.0,8260,0.21637746520996093,False,REGULAR,USD,put,2026-12-18,SPY
SPY261218P00680000,2026-08-14 18:33:54+00:00,680.0,6.77,6.73,6.75,-0.010000229,-0.147496,55.0,11306,0.2121355642700195,False,REGULAR,USD,put,2026-12-18,SPY
SPY261218P00685000,2026-08-14 19:58:48+00:00,685.0,7.1,7.12,7.15,-0.09000015,-1.2517407,16.0,6418,0.2079089219665527,False,REGULAR,USD,put,2026-12-18,SPY
SPY261218P00690000,2026-08-14 20:14:03+00:00,690.0,7.54,7.55,7.58,0.009999752,0.13279884,119.0,9712,0.20369753829956055,False,REGULAR,USD,put,2026-12-18,SPY
SPY261218P00695000,2026-08-14 20:13:16+00:00,695.0,8.02,8.0,8.03,-0.10999966,-1.3530093,335.0,10558,0.19939460281372068,False,REGULAR,USD,put,2026-12-18,SPY
SPY261218P00700000,2026-08-14 20:02:09+00:00,700.0,8.47,8.49,8.52,0.010000229,0.11820602,445.0,27216,0.1951374432373047,False,REGULAR,USD,put,2026-12-18,SPY
SPY261218P00705000,2026-08-14 19:05:55+00:00,705.0,9.06,9.02,9.05,-0.12999916,-1.414572,9.0,2938,0.1909108009338379,False,REGULAR,USD,put,2026-12-18,SPY
SPY261218P00710000,2026-08-14 20:13:08+00:00,710.0,9.59,9.58,9.61,0.10000038,1.0537448,83.0,16488,0.18659260681152345,False,REGULAR,USD,put,2026-12-18,SPY
SPY261218P00715000,2026-08-14 19:06:06+00:00,715.0,10.24,10.19,10.22,0.13000011,1.2858567,87.0,4336,0.1823201885986328,False,REGULAR,USD,put,2026-12-18,SPY
SPY261218P00720000,2026-08-14 20:08:45+00:00,720.0,10.85,10.85,10.89,-0.03999996,-0.3673091,181.0,5082,0.17813932220458983,False,REGULAR,USD,put,2026-12-18,SPY
SPY261218P00725000,2026-08-14 20:08:45+00:00,725.0,11.58,11.57,11.61,0.119999886,1.0471194,188.0,3743,0.17391267990112308,False,REGULAR,USD,put,2026-12-18,SPY
SPY261218P00730000,2026-08-14 20:02:29+00:00,730.0,12.33,12.35,12.39,0.029999733,0.24390027,99.0,14643,0.16968603759765627,False,REGULAR,USD,put,2026-12-18,SPY
SPY261218P00735000,2026-08-14 20:05:18+00:00,735.0,13.2,13.21,13.25,0.0,0.0,96.0,27357,0.16556620574951175,False,REGULAR,USD,put,2026-12-18,SPY
SPY261218P00740000,2026-08-14 19:58:34+00:00,740.0,14.1,14.14,14.18,0.05000019,0.35587323,661.0,14293,0.16141585662841795,False,REGULAR,USD,put,2026-12-18,SPY
SPY261218P00745000,2026-08-14 19:44:16+00:00,745.0,15.06,15.16,15.2,-0.059999466,-0.39682186,73.0,5249,0.15731891273498536,False,REGULAR,USD,put,2026-12-18,SPY
SPY261218P00750000,2026-08-14 20:07:22+00:00,750.0,16.29,16.28,16.32,0.24000168,1.4953376,435.0,9321,0.1532830033874512,False,REGULAR,USD,put,2026-12-18,SPY
SPY261218P00755000,2026-08-14 20:03:20+00:00,755.0,17.47,17.5,17.54,0.07999992,0.46003407,422.0,4275,0.14926235267639162,False,REGULAR,USD,put,2026-12-18,SPY
SPY261218P00760000,2026-08-14 19:48:56+00:00,760.0,18.73,18.84,18.89,0.14999962,0.8073177,770.0,13446,0.14534851242065427,False,REGULAR,USD,put,2026-12-18,SPY
SPY261218P00765000,2026-08-14 19:58:39+00:00,765.0,20.26,20.31,20.36,0.30000114,1.5030118,235.0,5113,0.1414423014831543,False,REGULAR,USD,put,2026-12-18,SPY
SPY261218P00770000,2026-08-14 20:14:03+00:00,770.0,21.96,21.93,21.98,0.15999985,0.7339443,111.0,6309,0.13763527168273929,False,REGULAR,USD,put,2026-12-18,SPY
SPY261218P00775000,2026-08-14 20:03:20+00:00,775.0,23.64,23.7,23.76,0.30999947,1.328759,185.0,2116,0.13391979370117188,False,REGULAR,USD,put,2026-12-18,SPY
SPY261218P00780000,2026-08-14 20:05:24+00:00,780.0,25.65,25.65,25.71,0.44000053,1.7453413,144.0,10739,0.13027297958374018,True,REGULAR,USD,put,2026-12-18,SPY
SPY261218P00785000,2026-08-14 18:08:58+00:00,785.0,27.72,27.78,27.84,0.3899994,1.4270011,17.0,1019,0.12669482933044432,True,REGULAR,USD,put,2026-12-18,SPY
SPY261218P00790000,2026-08-14 17:00:46+00:00,790.0,30.36,30.1,30.17,0.8299999,2.8107007,10.0,1187,0.12323111885070803,True,REGULAR,USD,put,2026-12-18,SPY
SPY261218P00795000,2026-08-14 18:25:17+00:00,795.0,32.45,31.97,33.35,0.31000137,0.96453446,12.0,398,0.1235439208984375,True,REGULAR,USD,put,2026-12-18,SPY
SPY261218P00800000,2026-08-14 17:38:01+00:00,800.0,35.63,34.68,36.15,0.9900017,2.8579726,6.0,461,0.12068292655944823,True,REGULAR,USD,put,2026-12-18,SPY
SPY261218P00805000,2026-08-07 14:21:37+00:00,805.0,41.71,36.74,39.96,0.0,0.0,2.0,20,0.12282676498413087,True,REGULAR,USD,put,2026-12-18,SPY
SPY261218P00810000,2026-08-13 19:46:18+00:00,810.0,40.62,40.6,42.56,0.0,0.0,6.0,12,0.11644865493774414,True,REGULAR,USD,put,2026-12-18,SPY
SPY261218P00815000,2026-08-06 19:36:15+00:00,815.0,50.18,43.07,46.47,0.0,0.0,3.0,7,0.11731839721679688,True,REGULAR,USD,put,2026-12-18,SPY
SPY261218P00820000,2026-08-14 19:05:24+00:00,820.0,48.45,46.66,49.2,1.0400009,2.193632,1.0,127,0.10848364669799804,True,REGULAR,USD,put,2026-12-18,SPY
SPY261218P00825000,2026-08-12 18:24:21+00:00,825.0,55.13,50.47,53.82,0.0,0.0,1.0,51,0.11255770263671874,True,REGULAR,USD,put,2026-12-18,SPY
SPY261218P00830000,2026-08-13 13:52:56+00:00,830.0,55.57,54.48,57.8,0.0,0.0,62.0,56,0.11061985580444336,True,REGULAR,USD,put,2026-12-18,SPY
SPY261218P00835000,2026-08-13 18:54:47+00:00,835.0,59.04,58.68,61.98,0.0,0.0,3.0,3,0.10920080261230468,True,REGULAR,USD,put,2026-12-18,SPY
SPY261218P00840000,2026-08-13 14:18:55+00:00,840.0,63.73,63.06,66.38,0.0,0.0,1.0,1,0.10883459533691406,True,REGULAR,USD,put,2026-12-18,SPY
SPY261218P00850000,2026-08-05 16:09:01+00:00,850.0,80.0,72.43,75.79,0.0,0.0,1.0,3,0.11287813400268554,True,REGULAR,USD,put,2026-12-18,SPY
SPY261218P00855000,2026-08-05 15:50:01+00:00,855.0,83.5,77.38,80.73,0.0,0.0,2.0,0,0.11740994903564453,True,REGULAR,USD,put,2026-12-18,SPY
SPY261218P00860000,2026-05-14 18:54:49+00:00,860.0,111.85,106.48,109.73,0.0,0.0,1.0,0,0.30544212631225587,True,REGULAR,USD,put,2026-12-18,SPY
SPY261218P00865000,2026-05-26 13:38:50+00:00,865.0,113.4,0.0,0.0,0.0,0.0,,0,1.0000000000000003e-05,True,REGULAR,USD,put,2026-12-18,SPY
SPY261218P00870000,2025-10-29 13:30:02+00:00,870.0,180.77,186.55,190.43,0.0,0.0,,0,0.7111234942626954,True,REGULAR,USD,put,2026-12-18,SPY
SPY261218P00875000,2024-10-23 19:57:43+00:00,875.0,297.0,277.0,281.86,0.0,0.0,,0,1.192341074447632,True,REGULAR,USD,put,2026-12-18,SPY
SPY261218P00880000,2026-07-22 18:48:33+00:00,880.0,131.48,102.36,105.71,0.0,0.0,,0,0.14252566467285155,True,REGULAR,USD,put,2026-12-18,SPY
SPY261218P00900000,2026-08-14 14:04:35+00:00,900.0,121.47,122.36,125.71,-0.5999985,-0.49152002,1.0,5,0.16162947753906248,True,REGULAR,USD,put,2026-12-18,SPY
SPY261218P00905000,2026-08-13 20:05:54+00:00,905.0,127.09,127.36,130.71,0.0,0.0,1.0,0,0.1662681030273438,True,REGULAR,USD,put,2026-12-18,SPY
SPY261218P00910000,2025-09-17 19:56:46+00:00,910.0,252.32,242.52,247.5,0.0,0.0,1.0,0,0.867463483581543,True,REGULAR,USD,put,2026-12-18,SPY
SPY261218P00925000,2025-11-06 18:51:45+00:00,925.0,253.05,230.21,235.46,0.0,0.0,,0,0.7405574040222167,True,REGULAR,USD,put,2026-12-18,SPY
SPY261218P00930000,2026-05-15 20:00:49+00:00,930.0,191.5,176.39,179.69,0.0,0.0,1.0,0,0.4037382624816895,True,REGULAR,USD,put,2026-12-18,SPY
SPY261218P00935000,2025-12-30 20:54:05+00:00,935.0,247.55,241.25,245.25,0.0,0.0,1.0,0,0.7576013009643555,True,REGULAR,USD,put,2026-12-18,SPY
SPY261218P01000000,2026-06-17 15:24:37+00:00,1000.0,251.57,259.33,262.51,0.0,0.0,5.0,0,0.5631147204589844,True,REGULAR,USD,put,2026-12-18,SPY
